{
"type": "FeatureCollection",
"name": "atl_pro_food_deserts",
"crs": { "type": "name", "properties": { "name": "urn:ogc:def:crs:OGC:1.3:CRS84" } },
"features": [
{ "type": "Feature", "properties": { "STATEFP": "13", "COUNTYFP": "089", "TRACTCE": "021906", "GEOID": "13089021906", "GEOIDFQ": "1400000US13089021906", "NAME": "219.06", "NAMELSAD": "Census Tract 219.06", "MTFCC": "G5020", "FUNCSTAT": "S", "ALAND": 3108258.0, "AWATER": 6200.0, "INTPTLAT": "+33.7979856", "INTPTLON": "-084.1769228", "OBJECTID": 653, "CensusTract": "13089021906", "State": "Georgia", "County": "DeKalb County", "Urban": 1, "Pop2010": 4977, "OHU2010": 1809, "GroupQuartersFlag": 0, "NUMGQTRS": 19, "PCTGQTRS": 0.381756078, "LILATracts_1And10": 1, "LILATracts_halfAnd10": 1, "LILATracts_1And20": 1, "LILATracts_Vehicle": 1, "Shape_Length": 10277.695897939344, "Shape_Area": 4521587.5382212345 }, "geometry": { "type": "MultiPolygon", "coordinates": [ [ [ [ -84.187078147920147, 33.806178454268284 ], [ -84.187008148498265, 33.806225454102588 ], [ -84.186754148055044, 33.806231453920724 ], [ -84.186630147308165, 33.806336453656392 ], [ -84.186105147601609, 33.806508454274429 ], [ -84.185693146974657, 33.806658454331462 ], [ -84.185232147740535, 33.806764453755434 ], [ -84.184389147118338, 33.80687245421646 ], [ -84.183767147327416, 33.806936454259443 ], [ -84.183459147355848, 33.806968454263021 ], [ -84.183109146653152, 33.80699545469993 ], [ -84.182320146457627, 33.807013454737636 ], [ -84.182214146152432, 33.807016454619159 ], [ -84.181946146363842, 33.807018454291281 ], [ -84.181890146287316, 33.80701945375413 ], [ -84.181496146102035, 33.80699545469993 ], [ -84.181433146352845, 33.806991454608067 ], [ -84.181224146115468, 33.807004454346007 ], [ -84.180996146509827, 33.80698145400445 ], [ -84.180820145884411, 33.806951454425928 ], [ -84.179906146015455, 33.80677445438441 ], [ -84.179645145899528, 33.806724454960012 ], [ -84.179468145449221, 33.806692454118739 ], [ -84.17933714592796, 33.806668454226383 ], [ -84.178962145110916, 33.806600454619236 ], [ -84.17881714534596, 33.806568454478032 ], [ -84.178751145223728, 33.806553454244472 ], [ -84.178221145494305, 33.806492453814904 ], [ -84.177742144920188, 33.806508455020811 ], [ -84.177111144908437, 33.806603454515241 ], [ -84.176683144387937, 33.806639454751789 ], [ -84.175970145258731, 33.806661454971874 ], [ -84.175387144927541, 33.806693454331842 ], [ -84.175033144925209, 33.806847454163353 ], [ -84.173621144215531, 33.807604454743455 ], [ -84.17332214356648, 33.80774645500555 ], [ -84.173080143717158, 33.807813454994808 ], [ -84.172872143304687, 33.80786345452929 ], [ -84.172556143835507, 33.807922455076927 ], [ -84.172351143796092, 33.807948455014376 ], [ -84.171030143323009, 33.808082455370517 ], [ -84.170928143215775, 33.807672455045576 ], [ -84.170885142659756, 33.80740745419984 ], [ -84.170804143367221, 33.80691345464605 ], [ -84.170734143047, 33.806489455407835 ], [ -84.17064314281042, 33.805905455228398 ], [ -84.170592142756803, 33.805583454705491 ], [ -84.170493142124272, 33.804995454128985 ], [ -84.170476142405846, 33.804892453962502 ], [ -84.170358142405064, 33.804231454153857 ], [ -84.17006214302738, 33.802317453549307 ], [ -84.169804142386184, 33.8007784533361 ], [ -84.169737142439033, 33.800493453051956 ], [ -84.16958714265121, 33.799912453139981 ], [ -84.169458142779789, 33.799466453727085 ], [ -84.169444141637769, 33.799419453166529 ], [ -84.169381142786889, 33.799255453390792 ], [ -84.169113142099974, 33.798507453396418 ], [ -84.169093142008478, 33.798458452437139 ], [ -84.16905114217569, 33.798351452865219 ], [ -84.169034141558939, 33.798309453247811 ], [ -84.169007142693076, 33.798241453716969 ], [ -84.168995142099192, 33.798213453191856 ], [ -84.168925141778999, 33.798056453303808 ], [ -84.168858141831848, 33.797906453098889 ], [ -84.168598142439166, 33.797339452831174 ], [ -84.16832514262768, 33.796823452882016 ], [ -84.168117141316912, 33.796433452306033 ], [ -84.167858141749136, 33.795937452926758 ], [ -84.166707141155371, 33.793730452415318 ], [ -84.166575140910894, 33.79347845199603 ], [ -84.165587140523769, 33.791602451936917 ], [ -84.165283140750148, 33.791001451686235 ], [ -84.165183141191036, 33.790805451397752 ], [ -84.165068140664999, 33.790582451026658 ], [ -84.164523140866947, 33.789529451196785 ], [ -84.164043139569628, 33.788601451255452 ], [ -84.163795139872505, 33.7881144514336 ], [ -84.163417139580716, 33.787374450924766 ], [ -84.163107139959337, 33.786767451171109 ], [ -84.164927140199694, 33.787006451398241 ], [ -84.165258140635785, 33.787094450779698 ], [ -84.165582140500888, 33.787154450407897 ], [ -84.165739139961417, 33.787218451010226 ], [ -84.166101141257968, 33.78733945123669 ], [ -84.167740141748368, 33.788287451023713 ], [ -84.169417141873595, 33.789301451393392 ], [ -84.169802141838062, 33.789534451025254 ], [ -84.170009141527302, 33.789659451867294 ], [ -84.170127141528056, 33.789729450825718 ], [ -84.170808141768546, 33.790057450728803 ], [ -84.170965142127372, 33.790121451400992 ], [ -84.171224142593474, 33.790220451296697 ], [ -84.171523142344213, 33.790326450922343 ], [ -84.171877143244842, 33.790434451223014 ], [ -84.172107142500323, 33.790479451432496 ], [ -84.172637143128043, 33.790558451096068 ], [ -84.173168142682385, 33.790623451048099 ], [ -84.173676142670502, 33.790634451724216 ], [ -84.173969142573455, 33.790622450647184 ], [ -84.174927143721675, 33.790583450681453 ], [ -84.175852144359624, 33.790540450583784 ], [ -84.176740143391029, 33.790466450677634 ], [ -84.177070144002215, 33.790439451745165 ], [ -84.179338144854569, 33.79022145095567 ], [ -84.181276145994005, 33.790034450312191 ], [ -84.181821145792043, 33.790007451243554 ], [ -84.182405145948152, 33.789956450573825 ], [ -84.182733146011216, 33.78989245127147 ], [ -84.183211145862089, 33.789815451067504 ], [ -84.183993145486596, 33.789590450278311 ], [ -84.185900145765572, 33.789042449933874 ], [ -84.185894146816111, 33.789203450105987 ], [ -84.185874146724643, 33.789268451086684 ], [ -84.185826146145729, 33.789932451214348 ], [ -84.185793146533769, 33.790226449997135 ], [ -84.185765146046364, 33.790492450692263 ], [ -84.185727146411537, 33.791179451148075 ], [ -84.185717146365789, 33.791364450745974 ], [ -84.185627145954101, 33.792202450572589 ], [ -84.185597146715196, 33.792414450757398 ], [ -84.185426147010972, 33.792762450880488 ], [ -84.185348147193167, 33.792987451545763 ], [ -84.185202146704981, 33.793269451076704 ], [ -84.185013146559101, 33.793575451756453 ], [ -84.18483414645894, 33.793747451146018 ], [ -84.18470914678548, 33.793893451216107 ], [ -84.184541146555986, 33.794005451448776 ], [ -84.184387146570202, 33.794058451174521 ], [ -84.184124146804479, 33.79414245157411 ], [ -84.183503145940151, 33.794351451855221 ], [ -84.183302146098669, 33.794419451490185 ], [ -84.182815146026954, 33.794534452100301 ], [ -84.182717146117668, 33.794554451736204 ], [ -84.182650146170516, 33.794568451478611 ], [ -84.182530145621598, 33.794598451665316 ], [ -84.182235145170523, 33.794676451653771 ], [ -84.182327146130334, 33.794710452468721 ], [ -84.183111145404652, 33.795184451313581 ], [ -84.183437146716216, 33.795372452251513 ], [ -84.183755145835207, 33.795555451806976 ], [ -84.18411214621058, 33.795784451719513 ], [ -84.184204146272094, 33.795844451230167 ], [ -84.184348146212145, 33.795923451915286 ], [ -84.184517146266543, 33.796036452069224 ], [ -84.184671146252342, 33.796161451629736 ], [ -84.184811145994416, 33.796299451625281 ], [ -84.184988146444738, 33.796511452115475 ], [ -84.185205147078022, 33.796775452034126 ], [ -84.185269146652132, 33.796852452696861 ], [ -84.185474146691547, 33.797112451756753 ], [ -84.185495146607934, 33.797151451734273 ], [ -84.185537146440737, 33.797226452904354 ], [ -84.185660147362697, 33.797476452099851 ], [ -84.1857671465945, 33.797731452900905 ], [ -84.185859147554339, 33.797990451962022 ], [ -84.185931147524343, 33.798257452733218 ], [ -84.186090147533008, 33.798678452273954 ], [ -84.186135146840542, 33.798763452924732 ], [ -84.186271146384655, 33.79902145303933 ], [ -84.186420147245883, 33.799320452711342 ], [ -84.186490146667779, 33.799490451906841 ], [ -84.186529147025823, 33.799619452831884 ], [ -84.186535147771934, 33.799639452772666 ], [ -84.186545146919372, 33.799674452657904 ], [ -84.18657014703372, 33.799791452767458 ], [ -84.186549147117319, 33.800233452318508 ], [ -84.186548147292413, 33.800250451997265 ], [ -84.186532147398879, 33.800587452967676 ], [ -84.186521147528225, 33.801469452960859 ], [ -84.186513147132317, 33.802204452729882 ], [ -84.186511147482491, 33.802350453304584 ], [ -84.186510147657572, 33.802459452881031 ], [ -84.186509146934355, 33.802535452647426 ], [ -84.18650714728453, 33.802676452850406 ], [ -84.186530147749068, 33.803120452940746 ], [ -84.186542148342937, 33.803343453494058 ], [ -84.18655214749036, 33.803413453206467 ], [ -84.186557147513241, 33.803447453536627 ], [ -84.186565147010839, 33.803506454143402 ], [ -84.18657014703372, 33.803539453440251 ], [ -84.186615148137861, 33.803842453242972 ], [ -84.186699146905141, 33.804419453881614 ], [ -84.186815148154423, 33.805006454451068 ], [ -84.187015147272646, 33.806062453407357 ], [ -84.187078147920147, 33.806178454268284 ] ] ] ] } },
{ "type": "Feature", "properties": { "STATEFP": "13", "COUNTYFP": "121", "TRACTCE": "006601", "GEOID": "13121006601", "GEOIDFQ": "1400000US13121006601", "NAME": "66.01", "NAMELSAD": "Census Tract 66.01", "MTFCC": "G5020", "FUNCSTAT": "S", "ALAND": 1929137.0, "AWATER": 0.0, "INTPTLAT": "+33.7115643", "INTPTLON": "-084.4223706", "OBJECTID": 972, "CensusTract": "13121006601", "State": "Georgia", "County": "Fulton County", "Urban": 1, "Pop2010": 1889, "OHU2010": 758, "GroupQuartersFlag": 0, "NUMGQTRS": 4, "PCTGQTRS": 0.21175225, "LILATracts_1And10": 1, "LILATracts_halfAnd10": 1, "LILATracts_1And20": 1, "LILATracts_Vehicle": 1, "Shape_Length": 8238.1709598169364, "Shape_Area": 2795149.5286530224 }, "geometry": { "type": "MultiPolygon", "coordinates": [ [ [ [ -84.429101212416839, 33.701628423236293 ], [ -84.429035212294608, 33.702110422953588 ], [ -84.428958212301708, 33.702491422873848 ], [ -84.428306211475231, 33.704873422881072 ], [ -84.428184212174813, 33.705403423561407 ], [ -84.428081212242645, 33.705950423664085 ], [ -84.427966212614933, 33.706724423742962 ], [ -84.427736212461156, 33.708281423454345 ], [ -84.42771721219458, 33.708412424666307 ], [ -84.427461212101548, 33.710123424742648 ], [ -84.427368212215129, 33.710589424926958 ], [ -84.427252211864172, 33.711058425076885 ], [ -84.427164212000619, 33.711354425067199 ], [ -84.427146212457274, 33.711415425236282 ], [ -84.427114212670219, 33.711523424841388 ], [ -84.426832211739608, 33.712385425373043 ], [ -84.426754211921804, 33.712610424844584 ], [ -84.426735212553538, 33.71266842467255 ], [ -84.426059212335929, 33.714637426023152 ], [ -84.425885212258663, 33.715143426099218 ], [ -84.425593212180615, 33.715992426060765 ], [ -84.425310211425071, 33.716814426135826 ], [ -84.424827212449628, 33.718216426487288 ], [ -84.424359211746179, 33.719573426299867 ], [ -84.424034211157846, 33.720519426807499 ], [ -84.423913211682347, 33.720814427337267 ], [ -84.423697211772279, 33.721257426836431 ], [ -84.42348121186221, 33.721626426713144 ], [ -84.423370212432445, 33.721816427075829 ], [ -84.423014211881977, 33.722281427605147 ], [ -84.422708210661909, 33.722636427277671 ], [ -84.422262211496388, 33.723066427314158 ], [ -84.421383210889203, 33.723840427779301 ], [ -84.421113210552448, 33.724079427170004 ], [ -84.420151211002903, 33.724929428092054 ], [ -84.419209210646514, 33.725760427732205 ], [ -84.418506210664731, 33.726380427780988 ], [ -84.41829721042734, 33.726560428546904 ], [ -84.418215210411603, 33.726497427873483 ], [ -84.418105209908418, 33.726413428397919 ], [ -84.418039210684483, 33.726362427982508 ], [ -84.418009209648957, 33.726339427653365 ], [ -84.417976210036983, 33.726314428750392 ], [ -84.417976210036983, 33.726292428813203 ], [ -84.417968210539371, 33.724458428143748 ], [ -84.417975210212077, 33.724193428364366 ], [ -84.417989209557462, 33.723598427908918 ], [ -84.418022210067747, 33.722204427918065 ], [ -84.418042210159228, 33.721209427738145 ], [ -84.418066209550361, 33.719572426563943 ], [ -84.418070209748322, 33.719302426454576 ], [ -84.418079209969136, 33.718315426508475 ], [ -84.418108209383149, 33.717019426162928 ], [ -84.418125209101575, 33.71625342665368 ], [ -84.418141209893435, 33.71435442574068 ], [ -84.418141209893435, 33.714264426057369 ], [ -84.418142209718326, 33.71387142618547 ], [ -84.418153209588993, 33.712764425667388 ], [ -84.418160210159996, 33.712096425455961 ], [ -84.418166209109472, 33.711146425463333 ], [ -84.418181210076398, 33.710135424387865 ], [ -84.418193209771971, 33.709188424690403 ], [ -84.418203208919394, 33.707804424101283 ], [ -84.418210209490397, 33.706867424442443 ], [ -84.418219209711239, 33.705944423549326 ], [ -84.418229208858662, 33.705011423398496 ], [ -84.418230209581878, 33.704934423916903 ], [ -84.418256209521161, 33.702723423129342 ], [ -84.418264209018758, 33.702154423258207 ], [ -84.418269209041625, 33.701805423755239 ], [ -84.418275208889412, 33.701421423192755 ], [ -84.4196262086014, 33.701447423312281 ], [ -84.420764209674687, 33.701469422889865 ], [ -84.420900209218814, 33.70147242347727 ], [ -84.421580209634371, 33.701484422836415 ], [ -84.424865211186145, 33.701547423181182 ], [ -84.42595721133037, 33.701566422896505 ], [ -84.426200211004613, 33.701560422475509 ], [ -84.426591210816852, 33.701517422560158 ], [ -84.427149211932019, 33.701410423024903 ], [ -84.427475211446932, 33.701381422303697 ], [ -84.427785211966636, 33.701385422841859 ], [ -84.428207211741025, 33.701426422928911 ], [ -84.428338212160597, 33.701442422829992 ], [ -84.428419212351443, 33.701452423046916 ], [ -84.428512212237877, 33.701464422408861 ], [ -84.428751212612468, 33.701495422247504 ], [ -84.429113212112426, 33.701541422758865 ], [ -84.429101212416839, 33.701628423236293 ] ] ] ] } },
{ "type": "Feature", "properties": { "STATEFP": "13", "COUNTYFP": "121", "TRACTCE": "010508", "GEOID": "13121010508", "GEOIDFQ": "1400000US13121010508", "NAME": "105.08", "NAMELSAD": "Census Tract 105.08", "MTFCC": "G5020", "FUNCSTAT": "S", "ALAND": 3955918.0, "AWATER": 0.0, "INTPTLAT": "+33.5919863", "INTPTLON": "-084.4761788", "OBJECTID": 1060, "CensusTract": "13121010508", "State": "Georgia", "County": "Fulton County", "Urban": 1, "Pop2010": 3757, "OHU2010": 1367, "GroupQuartersFlag": 0, "NUMGQTRS": 0, "PCTGQTRS": 0.0, "LILATracts_1And10": 1, "LILATracts_halfAnd10": 1, "LILATracts_1And20": 1, "LILATracts_Vehicle": 0, "Shape_Length": 13246.188893835697, "Shape_Area": 5716017.9027345134 }, "geometry": { "type": "MultiPolygon", "coordinates": [ [ [ [ -84.495955226453077, 33.593516396539691 ], [ -84.495518225711763, 33.59360239731037 ], [ -84.495250225923158, 33.59367539661821 ], [ -84.494961225319841, 33.593787396963506 ], [ -84.494693225531236, 33.593925396854893 ], [ -84.494332225856212, 33.594165397148643 ], [ -84.493617224382248, 33.594701397912893 ], [ -84.493049225017984, 33.595076397276969 ], [ -84.491870224835125, 33.595762397471454 ], [ -84.491552223919498, 33.595947397729645 ], [ -84.490190224336857, 33.596741397809936 ], [ -84.489867224296674, 33.596919398310128 ], [ -84.489593224660297, 33.597092397880935 ], [ -84.489347223714688, 33.597276398618014 ], [ -84.48902022347653, 33.597554397555562 ], [ -84.488132224445138, 33.598360398082214 ], [ -84.488066223424582, 33.598315398162221 ], [ -84.487996224002686, 33.598294398041851 ], [ -84.487523223276355, 33.598279398059667 ], [ -84.487369223290571, 33.598251398884052 ], [ -84.48722022332764, 33.598207398557726 ], [ -84.487081223410485, 33.598145398501984 ], [ -84.486969223257489, 33.598078397896863 ], [ -84.486658222912865, 33.597821398644207 ], [ -84.486241223161343, 33.597465398006669 ], [ -84.48613622268104, 33.59740339816576 ], [ -84.486031223099062, 33.597362397884453 ], [ -84.485860222496527, 33.597330398271808 ], [ -84.485697223188225, 33.597334398411085 ], [ -84.485540223727696, 33.597372398228593 ], [ -84.485394223239524, 33.597442398360542 ], [ -84.485292222233952, 33.597311398730021 ], [ -84.48523922253051, 33.597179398489828 ], [ -84.485237222880684, 33.597040398154526 ], [ -84.485286223284476, 33.596907397833967 ], [ -84.485356222706372, 33.596816398284069 ], [ -84.486498223079309, 33.5957403977986 ], [ -84.486557222630523, 33.595654398411327 ], [ -84.486600223186542, 33.595551397622856 ], [ -84.486627222950716, 33.595316397361252 ], [ -84.486389223299341, 33.595315397677155 ], [ -84.481182221399948, 33.595283398053311 ], [ -84.480194221911134, 33.595278398134447 ], [ -84.478658220454591, 33.595269397980317 ], [ -84.478368220924665, 33.595292397457698 ], [ -84.478142220968863, 33.595340398006364 ], [ -84.477953220822982, 33.595402398582038 ], [ -84.477782220220433, 33.595479398088365 ], [ -84.477443221185041, 33.595663397777003 ], [ -84.477262220536758, 33.59573439822698 ], [ -84.477070220916147, 33.595792398308788 ], [ -84.476728219711063, 33.595859397696749 ], [ -84.4758492209005, 33.595953398034723 ], [ -84.473366219963012, 33.596214398555368 ], [ -84.469110217742539, 33.596589398823937 ], [ -84.471181218951372, 33.60008739901766 ], [ -84.471032218988455, 33.600151399177989 ], [ -84.470943218401672, 33.600165399206745 ], [ -84.467711218349962, 33.600112399460031 ], [ -84.465272217793412, 33.600027398824196 ], [ -84.46444521706475, 33.600009399506263 ], [ -84.463753216953634, 33.599993399444259 ], [ -84.462465216990836, 33.599972399732543 ], [ -84.458821215413835, 33.599947399997767 ], [ -84.458791215276619, 33.599947399997767 ], [ -84.458532214810532, 33.599944400358339 ], [ -84.458198215797992, 33.59994039959183 ], [ -84.45817321568363, 33.599939399961386 ], [ -84.458182215006161, 33.596437399570064 ], [ -84.458214214793216, 33.594383399000506 ], [ -84.45819421470172, 33.593914398655571 ], [ -84.458202214199318, 33.593614398246366 ], [ -84.458204214747468, 33.593504398583178 ], [ -84.458206214397279, 33.593457398214966 ], [ -84.458229214861817, 33.592497398622783 ], [ -84.458232215234872, 33.592417398798084 ], [ -84.45826921504478, 33.590797397983771 ], [ -84.458290214961181, 33.589459397530511 ], [ -84.458292214611006, 33.589343397042782 ], [ -84.458291214786101, 33.589291397134716 ], [ -84.458296214808968, 33.588968398198489 ], [ -84.458306214854716, 33.588505396923843 ], [ -84.458321214025005, 33.587856397883527 ], [ -84.458343214664637, 33.586378396628021 ], [ -84.458631214544724, 33.586462396709599 ], [ -84.459877215573044, 33.586952397052379 ], [ -84.460845215868702, 33.587380397295398 ], [ -84.461088214644633, 33.5874783969929 ], [ -84.461142215969616, 33.58750039727618 ], [ -84.461599215005791, 33.587658397445345 ], [ -84.462024215153235, 33.587776397496597 ], [ -84.462388216099612, 33.587856397135184 ], [ -84.462734215706021, 33.58791739658524 ], [ -84.464554216844704, 33.588160397180502 ], [ -84.46504621604096, 33.588226397491866 ], [ -84.465553216204185, 33.588292397004459 ], [ -84.46602321655746, 33.58835339689459 ], [ -84.466487217062962, 33.588413396977501 ], [ -84.468051217210274, 33.588615396974944 ], [ -84.468989217368701, 33.588737396255269 ], [ -84.472361218060811, 33.589135397222606 ], [ -84.473478219217697, 33.589261397029645 ], [ -84.473889219121432, 33.589298396908312 ], [ -84.474143219564652, 33.589299397410421 ], [ -84.474396219284628, 33.589284396612271 ], [ -84.474647219354807, 33.589255397007385 ], [ -84.474896218876822, 33.589212397084971 ], [ -84.475140219274309, 33.589154397068725 ], [ -84.475379219648914, 33.589082397432939 ], [ -84.475801219423303, 33.588915396809568 ], [ -84.476190219585718, 33.588707396705885 ], [ -84.476853220282848, 33.588270396174792 ], [ -84.47709222065744, 33.588110396842914 ], [ -84.479238220412739, 33.586684396210863 ], [ -84.479933220896896, 33.586227395634246 ], [ -84.480218220403941, 33.586058395888713 ], [ -84.480487220915776, 33.585899395989749 ], [ -84.48249922167507, 33.5847933961156 ], [ -84.482864221548056, 33.584610395500256 ], [ -84.483257221908431, 33.584440395770962 ], [ -84.483478221841381, 33.58434139580509 ], [ -84.48620122297838, 33.583363395254779 ], [ -84.487238222870999, 33.58299039476951 ], [ -84.487978223561015, 33.582755394715313 ], [ -84.488305222900863, 33.582686395217934 ], [ -84.488637223161874, 33.582638395112099 ], [ -84.489004223582995, 33.582607395107473 ], [ -84.490560223334398, 33.582488394889793 ], [ -84.490913223511811, 33.582448394836398 ], [ -84.491195224442436, 33.582399394764408 ], [ -84.491473223378449, 33.582336395486244 ], [ -84.491746224088246, 33.582258394890751 ], [ -84.492013224051945, 33.582167394106897 ], [ -84.492066223755387, 33.582989394942572 ], [ -84.492138223725405, 33.584179394799541 ], [ -84.492161224189971, 33.584872395721447 ], [ -84.492174223710421, 33.585285395060289 ], [ -84.492161224189971, 33.585533396068953 ], [ -84.492031224493616, 33.586404395592979 ], [ -84.491991224310652, 33.586884395454476 ], [ -84.492055223884734, 33.587374395645632 ], [ -84.492086224745179, 33.587510395770416 ], [ -84.492126224928157, 33.587683395503753 ], [ -84.492263224297204, 33.587991395982868 ], [ -84.492719224406784, 33.58886439640245 ], [ -84.493123224637827, 33.589638396345002 ], [ -84.49325822525536, 33.589864396391313 ], [ -84.493613225082598, 33.590459396609056 ], [ -84.493784224786808, 33.590713396136323 ], [ -84.493994224849104, 33.590993396987656 ], [ -84.49533722506348, 33.592644396517109 ], [ -84.495716226078471, 33.593114396742344 ], [ -84.495955226453077, 33.593516396539691 ] ] ] ] } },
{ "type": "Feature", "properties": { "STATEFP": "13", "COUNTYFP": "121", "TRACTCE": "010603", "GEOID": "13121010603", "GEOIDFQ": "1400000US13121010603", "NAME": "106.03", "NAMELSAD": "Census Tract 106.03", "MTFCC": "G5020", "FUNCSTAT": "S", "ALAND": 6147998.0, "AWATER": 28639.0, "INTPTLAT": "+33.6454476", "INTPTLON": "-084.4699348", "OBJECTID": 1069, "CensusTract": "13121010603", "State": "Georgia", "County": "Fulton County", "Urban": 1, "Pop2010": 3507, "OHU2010": 1299, "GroupQuartersFlag": 0, "NUMGQTRS": 0, "PCTGQTRS": 0.0, "LILATracts_1And10": 1, "LILATracts_halfAnd10": 1, "LILATracts_1And20": 1, "LILATracts_Vehicle": 1, "Shape_Length": 16553.746122526536, "Shape_Area": 8935817.2173962574 }, "geometry": { "type": "MultiPolygon", "coordinates": [ [ [ [ -84.486887225038345, 33.644576407935787 ], [ -84.486891225236306, 33.64509640791313 ], [ -84.486892225959537, 33.646807409039305 ], [ -84.486892225959537, 33.646919409146975 ], [ -84.486833225509997, 33.647215409424533 ], [ -84.486833225509997, 33.648415408631422 ], [ -84.486741226346808, 33.649575409486722 ], [ -84.486844226278961, 33.651988409930681 ], [ -84.486845226103867, 33.652170410574236 ], [ -84.486845226103867, 33.652281409915005 ], [ -84.483974225727195, 33.651874410136841 ], [ -84.482478225351926, 33.65177441006221 ], [ -84.481794224738408, 33.651771409983361 ], [ -84.481428224142192, 33.651756410335544 ], [ -84.480288224317405, 33.651710410102986 ], [ -84.480094224148658, 33.651698410525967 ], [ -84.479228223960249, 33.651712409658465 ], [ -84.479103224286774, 33.651754410033348 ], [ -84.47893122385932, 33.651812409805139 ], [ -84.478777223873536, 33.651867410210187 ], [ -84.478118223374381, 33.652105410388614 ], [ -84.477860223631509, 33.652198410178926 ], [ -84.477567222830231, 33.652316410122019 ], [ -84.476516222693903, 33.652573410629614 ], [ -84.476055223459767, 33.652747410415422 ], [ -84.47534422218375, 33.653103410763251 ], [ -84.475093223011896, 33.653293410862958 ], [ -84.474940222851018, 33.653626410840495 ], [ -84.474037221954376, 33.6536824105889 ], [ -84.473979222228067, 33.653684410846289 ], [ -84.474278222877118, 33.654615410837252 ], [ -84.474421222992248, 33.655060411664671 ], [ -84.474277223052198, 33.655671410681968 ], [ -84.474267223006464, 33.655834411663257 ], [ -84.474647222948064, 33.656115410808738 ], [ -84.475055222478744, 33.656416410977755 ], [ -84.474767222598658, 33.656416410977755 ], [ -84.474836222195634, 33.65662741135791 ], [ -84.47442422336529, 33.656933411312416 ], [ -84.473822222767538, 33.657017411432108 ], [ -84.47384622215867, 33.657518411297723 ], [ -84.473663222758887, 33.659433411646177 ], [ -84.473708222964731, 33.660003412126478 ], [ -84.473668222781768, 33.660040412293434 ], [ -84.473385222924534, 33.660224412463066 ], [ -84.473298222885902, 33.660338412411321 ], [ -84.473283222817287, 33.660424411550892 ], [ -84.473255223228179, 33.661297412574847 ], [ -84.473105222542046, 33.661394412307999 ], [ -84.472889222631977, 33.661472412330149 ], [ -84.471887222899454, 33.6618354123367 ], [ -84.471010222840391, 33.662136412684248 ], [ -84.470952222215757, 33.662025412596698 ], [ -84.470805221902665, 33.661819412539636 ], [ -84.470368222059662, 33.661305412148479 ], [ -84.469431221726154, 33.660202412796664 ], [ -84.468279221307483, 33.658846411831547 ], [ -84.467944221571742, 33.658452412276652 ], [ -84.467568220929778, 33.658009411949074 ], [ -84.467440220883262, 33.657864412045193 ], [ -84.467306220988959, 33.657738411579651 ], [ -84.467221220600138, 33.65766941227912 ], [ -84.467160220500773, 33.657621411302607 ], [ -84.466996220469241, 33.657511411830122 ], [ -84.466718220634903, 33.657364411662947 ], [ -84.466016220478025, 33.657066411713359 ], [ -84.465732219897575, 33.656850412324225 ], [ -84.465621220467824, 33.656738410932007 ], [ -84.465514220337695, 33.656604411050978 ], [ -84.465066219725713, 33.655888411264236 ], [ -84.464145220184037, 33.654497411055189 ], [ -84.463976219231327, 33.654246411044106 ], [ -84.463831219466371, 33.654081411293433 ], [ -84.46379522037968, 33.654050410806448 ], [ -84.463664219061783, 33.653938411004333 ], [ -84.463499220103671, 33.653829411811444 ], [ -84.46332121982843, 33.653738411048643 ], [ -84.463113219415959, 33.653659410990393 ], [ -84.462872219391556, 33.653600410464215 ], [ -84.461852219217363, 33.653430410686369 ], [ -84.460943219371245, 33.653423410886205 ], [ -84.457081218234379, 33.653411411548021 ], [ -84.45563421736459, 33.653408411526293 ], [ -84.454184216121774, 33.653404410998597 ], [ -84.45275421676709, 33.65340241223025 ], [ -84.452304216505297, 33.65340141172441 ], [ -84.451312215920183, 33.65340041196626 ], [ -84.449519215444013, 33.653399412208159 ], [ -84.449605215657741, 33.652234410939187 ], [ -84.449691215871454, 33.651065410463055 ], [ -84.44977621536195, 33.64990341064793 ], [ -84.449852215529944, 33.648888410789716 ], [ -84.450051214823262, 33.64795741091681 ], [ -84.450157215128485, 33.647492410482855 ], [ -84.450176215395047, 33.64740941061563 ], [ -84.450319215510191, 33.646779409924406 ], [ -84.450497214887093, 33.646379410677291 ], [ -84.450847215589775, 33.645802410025908 ], [ -84.451139215667823, 33.645517409967319 ], [ -84.451167215256916, 33.64549140938496 ], [ -84.451217216383952, 33.645443409842414 ], [ -84.451276215935167, 33.645384410414806 ], [ -84.451464215357845, 33.645202409631459 ], [ -84.452252216626746, 33.644613409500593 ], [ -84.452316215302545, 33.644565410216373 ], [ -84.452655216134573, 33.644311410068525 ], [ -84.452672215853013, 33.644298408848393 ], [ -84.452932216144006, 33.644113409910496 ], [ -84.452932216144006, 33.644216409505653 ], [ -84.452940215641604, 33.644347409640424 ], [ -84.452949215862432, 33.644484409493913 ], [ -84.45297621562662, 33.644916409973469 ], [ -84.452982216372718, 33.645012409619426 ], [ -84.452983216197637, 33.6450364098881 ], [ -84.452986216570679, 33.645085409512291 ], [ -84.452996215718116, 33.645244410191552 ], [ -84.452997215543022, 33.64526240978428 ], [ -84.452998216266252, 33.645281409973556 ], [ -84.453000215916063, 33.645302409862971 ], [ -84.453004216114024, 33.645368409054683 ], [ -84.453007216487066, 33.645413409834333 ], [ -84.453008216311986, 33.645434409691553 ], [ -84.453012216509933, 33.6454954095326 ], [ -84.453017215634503, 33.645577409900596 ], [ -84.453032216601443, 33.645815410271069 ], [ -84.453032216601443, 33.64613240954467 ], [ -84.453032216601443, 33.646185410156249 ], [ -84.453032216601443, 33.646226409647511 ], [ -84.453032216601443, 33.646262409914236 ], [ -84.453032216601443, 33.646315409697948 ], [ -84.453039216274121, 33.646427409697949 ], [ -84.453132216160554, 33.647815409997342 ], [ -84.453025216030426, 33.648882410430801 ], [ -84.454247216769275, 33.648882410430801 ], [ -84.456909217806924, 33.648879410251212 ], [ -84.456980217053712, 33.648879410251212 ], [ -84.457009218264346, 33.648879410251212 ], [ -84.457730217789489, 33.648872410828794 ], [ -84.457731217614395, 33.648614409925763 ], [ -84.457732218337625, 33.648521410749773 ], [ -84.457732218337625, 33.648483410301672 ], [ -84.457732218337625, 33.648460410061674 ], [ -84.457732218337625, 33.648415410127058 ], [ -84.457832216998426, 33.647514409659443 ], [ -84.457840217394349, 33.647383409856936 ], [ -84.457848217790257, 33.647252409855071 ], [ -84.457850217440082, 33.647215410172365 ], [ -84.457878217927487, 33.646730410516575 ], [ -84.457882218125448, 33.646665409961919 ], [ -84.457884217775273, 33.646633409958426 ], [ -84.457901217493699, 33.646329409705935 ], [ -84.457907218239797, 33.646237410146078 ], [ -84.457932217455834, 33.645815410271069 ], [ -84.457932217455834, 33.645785409644787 ], [ -84.457932217455834, 33.645773409989559 ], [ -84.457932217455834, 33.645506409376743 ], [ -84.457932217455834, 33.645315409435796 ], [ -84.457932217455834, 33.645260409331179 ], [ -84.457932217455834, 33.644577409292076 ], [ -84.457932217455834, 33.644371409346675 ], [ -84.457932217455834, 33.642818408458091 ], [ -84.457932217455834, 33.642793409185451 ], [ -84.457933217280754, 33.642015408271391 ], [ -84.457933217280754, 33.641842408371936 ], [ -84.457933217280754, 33.641821408386434 ], [ -84.457932217455834, 33.640115408693646 ], [ -84.457937217478715, 33.640080408760824 ], [ -84.457976216938462, 33.639811407861963 ], [ -84.457979217311518, 33.639602407976383 ], [ -84.458009216550423, 33.639365408301124 ], [ -84.458011217098573, 33.63823040808785 ], [ -84.458020217319401, 33.631387406349432 ], [ -84.458032217014946, 33.630924406218888 ], [ -84.458052217106456, 33.630151406666442 ], [ -84.458056216406092, 33.629295406035794 ], [ -84.458057217129323, 33.62924740569261 ], [ -84.458298216255429, 33.629207405635526 ], [ -84.459189217456498, 33.629060406500415 ], [ -84.460230216648782, 33.628947406307788 ], [ -84.460674217961099, 33.628918405830667 ], [ -84.460951217072221, 33.628919405873063 ], [ -84.461222218132178, 33.628942406097266 ], [ -84.461788217846617, 33.629034406184559 ], [ -84.462137217826083, 33.629159405991309 ], [ -84.462376217302378, 33.629256406039474 ], [ -84.462610217654102, 33.629362405566226 ], [ -84.462838218158055, 33.629481406177895 ], [ -84.463061217740815, 33.629603405980639 ], [ -84.46341621846635, 33.629867405697965 ], [ -84.463582219046017, 33.630018406566514 ], [ -84.463754218575161, 33.630182406036013 ], [ -84.463948218743923, 33.630418406275268 ], [ -84.464098218531731, 33.630636406213348 ], [ -84.464968218019791, 33.632221407046593 ], [ -84.465094219314807, 33.632396406832463 ], [ -84.465366219301373, 33.632747406831271 ], [ -84.465532219881041, 33.632936406986104 ], [ -84.465673218549725, 33.633082406244 ], [ -84.465856218847833, 33.63326240648427 ], [ -84.465913218749222, 33.633318406016926 ], [ -84.466139218705038, 33.633521407009354 ], [ -84.466538219811525, 33.633841407373687 ], [ -84.466948219890355, 33.634102406870007 ], [ -84.467370219664744, 33.634321407186825 ], [ -84.467772220245976, 33.634511406856838 ], [ -84.467987220331111, 33.634578406817639 ], [ -84.468275220211211, 33.634685406501895 ], [ -84.47055422093419, 33.635335406794603 ], [ -84.472395221989245, 33.635860407045406 ], [ -84.472381220847254, 33.636107406982262 ], [ -84.47238022102232, 33.636328407348799 ], [ -84.472378220474184, 33.637225406929375 ], [ -84.472378220474184, 33.637436407235967 ], [ -84.472371221699817, 33.637897407634732 ], [ -84.473570221075832, 33.637895407758414 ], [ -84.473865221526935, 33.637906407077772 ], [ -84.474288222024541, 33.637958406832638 ], [ -84.474696222453559, 33.638049407823878 ], [ -84.475012221922725, 33.638151408007033 ], [ -84.475485221750731, 33.638346407866848 ], [ -84.475778222552023, 33.638436407768339 ], [ -84.475910221898189, 33.638457407831503 ], [ -84.476182221884741, 33.638467407147495 ], [ -84.476962221859409, 33.638422407972669 ], [ -84.478178222750515, 33.63832540777662 ], [ -84.478347222804899, 33.638329406761393 ], [ -84.478549223369598, 33.638350406850705 ], [ -84.478748223561212, 33.638388406536251 ], [ -84.478915223067489, 33.638435407088537 ], [ -84.479184222681013, 33.638542407963726 ], [ -84.479342222864744, 33.638632407660303 ], [ -84.47943622347438, 33.638686406834822 ], [ -84.479658223232249, 33.638862407620984 ], [ -84.479945223287416, 33.639158407180112 ], [ -84.480101222923025, 33.639294407141684 ], [ -84.480303223487709, 33.639431407556749 ], [ -84.480597224113893, 33.639587407703857 ], [ -84.481573223907148, 33.640030407122651 ], [ -84.481856223764368, 33.640129407466176 ], [ -84.482067224549894, 33.640179407551081 ], [ -84.482263224368452, 33.640198408114223 ], [ -84.482618224195704, 33.640204407582694 ], [ -84.484387225280756, 33.640196407543449 ], [ -84.484487225738164, 33.64064140738104 ], [ -84.48457322505358, 33.640927407778513 ], [ -84.484705224399747, 33.64124940809333 ], [ -84.484863224583506, 33.641549407256576 ], [ -84.485072225719179, 33.641863407604497 ], [ -84.48517322510321, 33.641973408379599 ], [ -84.485274225385538, 33.642062407591808 ], [ -84.485440225965206, 33.642178407443602 ], [ -84.485609225121294, 33.642273408011725 ], [ -84.485782225373654, 33.642351407415752 ], [ -84.486009226052701, 33.642433407786896 ], [ -84.486358226032166, 33.642558408339248 ], [ -84.486575224868815, 33.642650408091349 ], [ -84.486809225220568, 33.642772407936221 ], [ -84.4870302260518, 33.642910408680237 ], [ -84.486887225038345, 33.644576407935787 ] ] ] ] } },
{ "type": "Feature", "properties": { "STATEFP": "13", "COUNTYFP": "121", "TRACTCE": "010604", "GEOID": "13121010604", "GEOIDFQ": "1400000US13121010604", "NAME": "106.04", "NAMELSAD": "Census Tract 106.04", "MTFCC": "G5020", "FUNCSTAT": "S", "ALAND": 4756320.0, "AWATER": 0.0, "INTPTLAT": "+33.6280380", "INTPTLON": "-084.4731575", "OBJECTID": 1070, "CensusTract": "13121010604", "State": "Georgia", "County": "Fulton County", "Urban": 1, "Pop2010": 3482, "OHU2010": 1344, "GroupQuartersFlag": 0, "NUMGQTRS": 4, "PCTGQTRS": 0.114876508, "LILATracts_1And10": 1, "LILATracts_halfAnd10": 1, "LILATracts_1And20": 1, "LILATracts_Vehicle": 1, "Shape_Length": 13372.030374175267, "Shape_Area": 6878249.4324302906 }, "geometry": { "type": "MultiPolygon", "coordinates": [ [ [ [ -84.487486225263069, 33.627204404345001 ], [ -84.487460225323801, 33.629681404893368 ], [ -84.487443225605361, 33.631779405611255 ], [ -84.48744222488213, 33.631863405594956 ], [ -84.48744222488213, 33.631892405828488 ], [ -84.487419225315918, 33.632051405439682 ], [ -84.487412225643226, 33.632100405721665 ], [ -84.487342225323005, 33.632322405154241 ], [ -84.487240225215771, 33.632529405504414 ], [ -84.487103224948413, 33.632725406125424 ], [ -84.486980225823089, 33.632860405778544 ], [ -84.486637224793085, 33.633185405571581 ], [ -84.48713922583174, 33.633200405463349 ], [ -84.487275225375853, 33.633755406354865 ], [ -84.486737225250536, 33.633757406327319 ], [ -84.486736225425616, 33.634904406084125 ], [ -84.487218225474479, 33.634904406084125 ], [ -84.487127225237856, 33.640983407562103 ], [ -84.487021225830972, 33.642333407962283 ], [ -84.4870302260518, 33.642910408680237 ], [ -84.486809225220568, 33.642772407936221 ], [ -84.486575224868815, 33.642650408091349 ], [ -84.486358226032166, 33.642558408339248 ], [ -84.486009226052701, 33.642433407786896 ], [ -84.485782225373654, 33.642351407415752 ], [ -84.485609225121294, 33.642273408011725 ], [ -84.485440225965206, 33.642178407443602 ], [ -84.485274225385538, 33.642062407591808 ], [ -84.48517322510321, 33.641973408379599 ], [ -84.485072225719179, 33.641863407604497 ], [ -84.484863224583506, 33.641549407256576 ], [ -84.484705224399747, 33.64124940809333 ], [ -84.48457322505358, 33.640927407778513 ], [ -84.484487225738164, 33.64064140738104 ], [ -84.484387225280756, 33.640196407543449 ], [ -84.482618224195704, 33.640204407582694 ], [ -84.482263224368452, 33.640198408114223 ], [ -84.482067224549894, 33.640179407551081 ], [ -84.481856223764368, 33.640129407466176 ], [ -84.481573223907148, 33.640030407122651 ], [ -84.480597224113893, 33.639587407703857 ], [ -84.480303223487709, 33.639431407556749 ], [ -84.480101222923025, 33.639294407141684 ], [ -84.479945223287416, 33.639158407180112 ], [ -84.479658223232249, 33.638862407620984 ], [ -84.47943622347438, 33.638686406834822 ], [ -84.479342222864744, 33.638632407660303 ], [ -84.479184222681013, 33.638542407963726 ], [ -84.478915223067489, 33.638435407088537 ], [ -84.478748223561212, 33.638388406536251 ], [ -84.478549223369598, 33.638350406850705 ], [ -84.478347222804899, 33.638329406761393 ], [ -84.478178222750515, 33.63832540777662 ], [ -84.476962221859409, 33.638422407972669 ], [ -84.476182221884741, 33.638467407147495 ], [ -84.475910221898189, 33.638457407831503 ], [ -84.475778222552023, 33.638436407768339 ], [ -84.475485221750731, 33.638346407866848 ], [ -84.475012221922725, 33.638151408007033 ], [ -84.474696222453559, 33.638049407823878 ], [ -84.474288222024541, 33.637958406832638 ], [ -84.473865221526935, 33.637906407077772 ], [ -84.473570221075832, 33.637895407758414 ], [ -84.472371221699817, 33.637897407634732 ], [ -84.472378220474184, 33.637436407235967 ], [ -84.472378220474184, 33.637225406929375 ], [ -84.47238022102232, 33.636328407348799 ], [ -84.472381220847254, 33.636107406982262 ], [ -84.472395221989245, 33.635860407045406 ], [ -84.47055422093419, 33.635335406794603 ], [ -84.468275220211211, 33.634685406501895 ], [ -84.467987220331111, 33.634578406817639 ], [ -84.467772220245976, 33.634511406856838 ], [ -84.467370219664744, 33.634321407186825 ], [ -84.466948219890355, 33.634102406870007 ], [ -84.466538219811525, 33.633841407373687 ], [ -84.466139218705038, 33.633521407009354 ], [ -84.465913218749222, 33.633318406016926 ], [ -84.465856218847833, 33.63326240648427 ], [ -84.465673218549725, 33.633082406244 ], [ -84.465532219881041, 33.632936406986104 ], [ -84.465366219301373, 33.632747406831271 ], [ -84.465094219314807, 33.632396406832463 ], [ -84.464968218019791, 33.632221407046593 ], [ -84.464098218531731, 33.630636406213348 ], [ -84.463948218743923, 33.630418406275268 ], [ -84.463754218575161, 33.630182406036013 ], [ -84.463582219046017, 33.630018406566514 ], [ -84.46341621846635, 33.629867405697965 ], [ -84.463061217740815, 33.629603405980639 ], [ -84.462838218158055, 33.629481406177895 ], [ -84.462610217654102, 33.629362405566226 ], [ -84.462376217302378, 33.629256406039474 ], [ -84.462137217826083, 33.629159405991309 ], [ -84.461788217846617, 33.629034406184559 ], [ -84.461222218132178, 33.628942406097266 ], [ -84.460951217072221, 33.628919405873063 ], [ -84.460674217961099, 33.628918405830667 ], [ -84.460230216648782, 33.628947406307788 ], [ -84.459189217456498, 33.629060406500415 ], [ -84.458298216255429, 33.629207405635526 ], [ -84.458057217129323, 33.62924740569261 ], [ -84.458057217129323, 33.629207405635526 ], [ -84.458057217129323, 33.629184405482142 ], [ -84.458056216406092, 33.629159406739291 ], [ -84.458052216208131, 33.629032406102432 ], [ -84.458044216710533, 33.628783405983 ], [ -84.458029216641904, 33.628298405726689 ], [ -84.458023216794132, 33.628098406044245 ], [ -84.458021217144307, 33.628039405951967 ], [ -84.458023216794132, 33.627878405558008 ], [ -84.458029216641904, 33.627456405466795 ], [ -84.458030216466824, 33.627400405862986 ], [ -84.458035216489691, 33.627010405502155 ], [ -84.458049216733386, 33.6260134056757 ], [ -84.458054216756267, 33.625608405304746 ], [ -84.458138216421858, 33.62529040519177 ], [ -84.45821021639189, 33.625139405011744 ], [ -84.458300215905254, 33.62498740522701 ], [ -84.458313217222369, 33.624790405608998 ], [ -84.45831521687218, 33.624768405114878 ], [ -84.458321216719966, 33.624690405493794 ], [ -84.458325216019603, 33.624630405219413 ], [ -84.458327216567753, 33.624589405169921 ], [ -84.458331216765714, 33.624507405012451 ], [ -84.458331216765714, 33.624453405176233 ], [ -84.458331216765714, 33.62432240544689 ], [ -84.458332216590605, 33.624309404948981 ], [ -84.458332216590605, 33.624252404699028 ], [ -84.458332216590605, 33.624235404551527 ], [ -84.458332216590605, 33.624207405577394 ], [ -84.458332216590605, 33.624151404609677 ], [ -84.458332216590605, 33.623971405527101 ], [ -84.458332216590605, 33.623900404393368 ], [ -84.458332216590605, 33.62385340488553 ], [ -84.458332216590605, 33.623812405214309 ], [ -84.458332216590605, 33.623768404469004 ], [ -84.458331216765714, 33.6235324047123 ], [ -84.458331216765714, 33.6234074049691 ], [ -84.458332216590605, 33.623316404216197 ], [ -84.458332216590605, 33.623286404727828 ], [ -84.458332216590605, 33.623251405436221 ], [ -84.458332216590605, 33.623216404634334 ], [ -84.458361216004619, 33.622588405205327 ], [ -84.458355217055157, 33.622569405245379 ], [ -84.458366216027486, 33.62247140503105 ], [ -84.458367216750716, 33.622445404970733 ], [ -84.458369216400541, 33.622391404590218 ], [ -84.458370216225447, 33.622379404667306 ], [ -84.458372216773583, 33.622337404175909 ], [ -84.458375217146639, 33.622264404448529 ], [ -84.458379216446275, 33.622173404732571 ], [ -84.458386216118981, 33.62202340519643 ], [ -84.458432217048042, 33.621016403918595 ], [ -84.458397215989621, 33.620879404133781 ], [ -84.458036216314611, 33.620192403899352 ], [ -84.458053216033036, 33.619665403605914 ], [ -84.458053216033036, 33.619522404504821 ], [ -84.458052216208131, 33.619209404399164 ], [ -84.458051216383211, 33.618890403700135 ], [ -84.458053216033036, 33.618653403138467 ], [ -84.458062216253879, 33.618340403616799 ], [ -84.458061216428959, 33.618225403244111 ], [ -84.458061216428959, 33.61820740323688 ], [ -84.458062216253879, 33.618182404301237 ], [ -84.458063216977109, 33.618074403399838 ], [ -84.458067215378435, 33.617802403577542 ], [ -84.458072216299612, 33.617382403859907 ], [ -84.458077216322494, 33.616962403591515 ], [ -84.458081216520441, 33.616182403113029 ], [ -84.458157216688434, 33.616183403303253 ], [ -84.45843021649992, 33.616189403696367 ], [ -84.458570216241995, 33.616191403328536 ], [ -84.459409216666202, 33.616201402985084 ], [ -84.459631216424057, 33.616204403555102 ], [ -84.460075215939767, 33.616209403756784 ], [ -84.460953216722046, 33.616220402852981 ], [ -84.463115217269163, 33.616246403295349 ], [ -84.463992218226537, 33.61625640294551 ], [ -84.464133217793545, 33.616258402576186 ], [ -84.466167218294117, 33.61628240337707 ], [ -84.46809921868747, 33.616305403234321 ], [ -84.469024218427123, 33.616316403066364 ], [ -84.472781220880321, 33.616360403128382 ], [ -84.472832220035642, 33.617308402749991 ], [ -84.472867220195724, 33.618358403596197 ], [ -84.472877220241472, 33.618387403139543 ], [ -84.473347220594746, 33.619777403855629 ], [ -84.473466221318759, 33.620125403969887 ], [ -84.47353222054268, 33.620264403743128 ], [ -84.473585221144447, 33.620374403679193 ], [ -84.473628220802141, 33.620437403599716 ], [ -84.473709220993001, 33.620631403778212 ], [ -84.473784220437764, 33.6207894038399 ], [ -84.47384622036202, 33.620918403434018 ], [ -84.474017220066258, 33.621277404123447 ], [ -84.474181220996115, 33.621630404051388 ], [ -84.474272220334385, 33.621888403520572 ], [ -84.474347221575783, 33.622205404101081 ], [ -84.474379221362838, 33.622473403769469 ], [ -84.474385221210611, 33.622689403386737 ], [ -84.47436822059386, 33.62295840465341 ], [ -84.474267221209828, 33.623503404656375 ], [ -84.474236221247693, 33.623808404059446 ], [ -84.474239220722424, 33.624425404028862 ], [ -84.474257221164095, 33.624698403981363 ], [ -84.474373221515037, 33.626534404871158 ], [ -84.474395221256358, 33.626882404623011 ], [ -84.475683221219143, 33.625848404175272 ], [ -84.475951221007747, 33.625633404330046 ], [ -84.47635322248729, 33.625334404411717 ], [ -84.476762221842876, 33.625069404179662 ], [ -84.477216221404319, 33.62481740430367 ], [ -84.477671221689008, 33.624602404129568 ], [ -84.478158221760708, 33.62440840391556 ], [ -84.478247222347477, 33.624378404807409 ], [ -84.478662222449174, 33.624243404577392 ], [ -84.478696222784365, 33.62423440370673 ], [ -84.479035222718082, 33.624147404218569 ], [ -84.47917022243729, 33.624112403780664 ], [ -84.479194222726747, 33.624107404785569 ], [ -84.479693222494035, 33.624010404175841 ], [ -84.48017922274083, 33.623945404423367 ], [ -84.481177223173717, 33.623851403935028 ], [ -84.482009223925246, 33.623773404231848 ], [ -84.482619223122299, 33.623717404478093 ], [ -84.484128223916343, 33.62357740418647 ], [ -84.486523224091982, 33.623356403268438 ], [ -84.486610225028912, 33.623710403758281 ], [ -84.486648224663753, 33.624130404050412 ], [ -84.486665224382179, 33.624192403371538 ], [ -84.486702225090426, 33.624259403878746 ], [ -84.486777224535189, 33.624334403603186 ], [ -84.486887224140034, 33.624391403798903 ], [ -84.486993224445257, 33.624414403735962 ], [ -84.487197225558077, 33.624424403934306 ], [ -84.487330224729135, 33.624466403408377 ], [ -84.48744322470705, 33.624555404256597 ], [ -84.487517225225204, 33.624679403738668 ], [ -84.487486225263069, 33.627204404345001 ] ] ] ] } },
{ "type": "Feature", "properties": { "STATEFP": "13", "COUNTYFP": "067", "TRACTCE": "030405", "GEOID": "13067030405", "GEOIDFQ": "1400000US13067030405", "NAME": "304.05", "NAMELSAD": "Census Tract 304.05", "MTFCC": "G5020", "FUNCSTAT": "S", "ALAND": 4005714.0, "AWATER": 0.0, "INTPTLAT": "+33.9369589", "INTPTLON": "-084.4922596", "OBJECTID": 444, "CensusTract": "13067030405", "State": "Georgia", "County": "Cobb County", "Urban": 1, "Pop2010": 5774, "OHU2010": 2637, "GroupQuartersFlag": 0, "NUMGQTRS": 0, "PCTGQTRS": 0.0, "LILATracts_1And10": 1, "LILATracts_halfAnd10": 1, "LILATracts_1And20": 1, "LILATracts_Vehicle": 0, "Shape_Length": 14691.682146432058, "Shape_Area": 5834325.0915448777 }, "geometry": { "type": "MultiPolygon", "coordinates": [ [ [ [ -84.516166250452272, 33.950789472594643 ], [ -84.514854250200017, 33.950753472761654 ], [ -84.513327249862627, 33.9507364724833 ], [ -84.513056249700981, 33.950741473310671 ], [ -84.512726249988091, 33.950720472963397 ], [ -84.511425248708193, 33.950693472509329 ], [ -84.510746249015853, 33.950689472441283 ], [ -84.510398248861307, 33.950696472560189 ], [ -84.510066248600282, 33.950730472384237 ], [ -84.509540249068834, 33.950798473482003 ], [ -84.509246248442651, 33.950870473094717 ], [ -84.509075248738412, 33.950904472849302 ], [ -84.509024248684796, 33.950902472820296 ], [ -84.508950248166627, 33.950933473264818 ], [ -84.508557247806237, 33.951031473105473 ], [ -84.508172248740095, 33.951179472666126 ], [ -84.50760224792937, 33.951439472962768 ], [ -84.507243248802496, 33.951634473595391 ], [ -84.507123248253592, 33.951720472570734 ], [ -84.507069248725216, 33.951745472689822 ], [ -84.506657248098264, 33.951786472869188 ], [ -84.506583248478421, 33.951793473642972 ], [ -84.50510224727347, 33.952016472763937 ], [ -84.504851247203291, 33.952054472809849 ], [ -84.504414247360302, 33.952079473575928 ], [ -84.503987247563018, 33.952095472840341 ], [ -84.503409246356412, 33.952092472838793 ], [ -84.503115246628525, 33.952078473575249 ], [ -84.502791246763408, 33.952063473563413 ], [ -84.501698246794291, 33.951998473481432 ], [ -84.50059224640637, 33.951968473426874 ], [ -84.500520245538056, 33.951966473422864 ], [ -84.500401246610664, 33.951963473416775 ], [ -84.499986246508968, 33.951954473397805 ], [ -84.499894246447468, 33.951953473395641 ], [ -84.499254245316564, 33.951960473410573 ], [ -84.498404245919986, 33.951906473280594 ], [ -84.498182245263834, 33.951876473193586 ], [ -84.498057245590374, 33.951853473864922 ], [ -84.497920245323016, 33.951828473777553 ], [ -84.497795245649542, 33.951800472925889 ], [ -84.497778245032791, 33.951791473634856 ], [ -84.497591245435046, 33.951717474046255 ], [ -84.497678245473679, 33.951445473756969 ], [ -84.498029245102956, 33.950489473272384 ], [ -84.498255245957083, 33.949854472758723 ], [ -84.498558245007473, 33.949006473348348 ], [ -84.498597245365531, 33.948886473318787 ], [ -84.498635245000358, 33.948560472160693 ], [ -84.498664246210993, 33.948074472696732 ], [ -84.498674245358416, 33.947510472213352 ], [ -84.498677245731471, 33.947028472210377 ], [ -84.498664245312682, 33.946672472446949 ], [ -84.498660245114721, 33.945920472247025 ], [ -84.49867224481028, 33.945511472681567 ], [ -84.498476244991707, 33.94532647148921 ], [ -84.498054245217318, 33.944927472153005 ], [ -84.497559244749681, 33.944492472191335 ], [ -84.497347245037574, 33.944314471663745 ], [ -84.496981244441358, 33.944009472142675 ], [ -84.496570244537622, 33.943666471480746 ], [ -84.495874245126842, 33.943139471047125 ], [ -84.495587244173365, 33.942922472419063 ], [ -84.494549244455811, 33.941988471237025 ], [ -84.493800243544953, 33.941237471518662 ], [ -84.493078243296594, 33.940631471487869 ], [ -84.491735243082218, 33.939750470787359 ], [ -84.490525242937224, 33.938804470934379 ], [ -84.489605242322156, 33.938024471117302 ], [ -84.488763241524879, 33.937339471036502 ], [ -84.488396242002068, 33.937070470793614 ], [ -84.488085241657444, 33.93676847045581 ], [ -84.487476241387, 33.936282470743194 ], [ -84.487107241316053, 33.936080470138585 ], [ -84.486796240971429, 33.935947470283175 ], [ -84.486726241549562, 33.935926470012447 ], [ -84.486663241800358, 33.935919470914797 ], [ -84.48643324164658, 33.935872470144268 ], [ -84.486360241851656, 33.935861471022633 ], [ -84.486050240433627, 33.935813470773567 ], [ -84.4857872415662, 33.935797470684562 ], [ -84.485280241403004, 33.935772470353108 ], [ -84.484916241354924, 33.935765471242796 ], [ -84.483854240449631, 33.935667470967694 ], [ -84.483479240530897, 33.935642470598125 ], [ -84.48318724045285, 33.935569471325167 ], [ -84.482835240100357, 33.935469471178159 ], [ -84.482461240006543, 33.935324470234747 ], [ -84.482294239601956, 33.935219471042224 ], [ -84.482101240156425, 33.935066470304804 ], [ -84.481966240437217, 33.934927470633852 ], [ -84.481800239857535, 33.934755469965467 ], [ -84.481424240113924, 33.934287469993492 ], [ -84.481216239701453, 33.933990470540508 ], [ -84.480914239577658, 33.933578470394735 ], [ -84.480617239476729, 33.933327470448582 ], [ -84.480218239268552, 33.933082470360795 ], [ -84.479939239609294, 33.932936470344451 ], [ -84.479597238404239, 33.932756470541243 ], [ -84.479534239553345, 33.932723470473974 ], [ -84.478699238428774, 33.93234146969025 ], [ -84.477669238208847, 33.93186447070574 ], [ -84.476755238339877, 33.931399469738047 ], [ -84.476630237768077, 33.931335470518491 ], [ -84.476030237718447, 33.931027470713452 ], [ -84.47545523778318, 33.930750470135898 ], [ -84.475134237392822, 33.930595469807066 ], [ -84.474731237884995, 33.930400470170852 ], [ -84.474352236870004, 33.930173469290438 ], [ -84.474331236953617, 33.930152469086437 ], [ -84.474037237225744, 33.929854469857659 ], [ -84.473960237232845, 33.929766469880953 ], [ -84.473622237124047, 33.929381469938832 ], [ -84.473444237747131, 33.929179469362147 ], [ -84.473409237587035, 33.929139468999196 ], [ -84.473095236869355, 33.928778469830867 ], [ -84.472732236646195, 33.928390469803269 ], [ -84.472486236598883, 33.928140469755967 ], [ -84.471862236259824, 33.927409469242043 ], [ -84.471507236432586, 33.927037469188321 ], [ -84.471344237124285, 33.926868469128138 ], [ -84.47114323638452, 33.926661468549106 ], [ -84.471024236558833, 33.92653746936201 ], [ -84.470902236360089, 33.926411468644595 ], [ -84.46992823621666, 33.925397468473598 ], [ -84.46981723588857, 33.925282468795508 ], [ -84.469333236189911, 33.924676468516971 ], [ -84.469156235739575, 33.924455469240534 ], [ -84.468986234961946, 33.924215469124 ], [ -84.468800235189121, 33.924037468694017 ], [ -84.468740235812987, 33.92392546891962 ], [ -84.469291235458797, 33.9239694685823 ], [ -84.469419235505313, 33.923982469155973 ], [ -84.469574235316017, 33.923997468897973 ], [ -84.469732235499762, 33.924008468061061 ], [ -84.469896236429605, 33.924018468383245 ], [ -84.469998236536853, 33.924018468383245 ], [ -84.470112236339673, 33.924013468222299 ], [ -84.470222235944519, 33.924002469059857 ], [ -84.470497236304141, 33.92395446809001 ], [ -84.470538236312024, 33.923947468753802 ], [ -84.470786236009147, 33.923904468665945 ], [ -84.470857235255934, 33.923888469321156 ], [ -84.47089023666453, 33.923881468488752 ], [ -84.471094235980715, 33.923822468264966 ], [ -84.471291235624207, 33.923747468629045 ], [ -84.472394236537383, 33.923240468732239 ], [ -84.472552236721143, 33.923182468404647 ], [ -84.472691236638312, 33.923131468186824 ], [ -84.472993236762107, 33.923033468281766 ], [ -84.473207237022351, 33.922973468618956 ], [ -84.47330123673369, 33.922948468250034 ], [ -84.473333237419041, 33.922940467742833 ], [ -84.473601237207646, 33.922874468933834 ], [ -84.473926236897654, 33.922812468470049 ], [ -84.474092237477322, 33.922787468053876 ], [ -84.474462237373189, 33.922732468454235 ], [ -84.474774237542718, 33.922686468206138 ], [ -84.475121237872358, 33.922643467481791 ], [ -84.475435237691713, 33.922584467891468 ], [ -84.475601237373056, 33.92255746820431 ], [ -84.47622723736194, 33.922457468432498 ], [ -84.47646423808672, 33.922433468261083 ], [ -84.476590238483411, 33.922443468022784 ], [ -84.476753237791741, 33.922435468213536 ], [ -84.476991237443102, 33.922446468323727 ], [ -84.477314237483284, 33.922469467397562 ], [ -84.477635237873642, 33.922505468755055 ], [ -84.477774237790825, 33.922529468160768 ], [ -84.477987238226177, 33.92255746820431 ], [ -84.478202238311312, 33.922575467748203 ], [ -84.478353237924054, 33.922571467849927 ], [ -84.478221238577888, 33.922495468255264 ], [ -84.478220237854671, 33.92240746812989 ], [ -84.478375238563686, 33.922414467592624 ], [ -84.478762238177964, 33.922432467912152 ], [ -84.478734238588885, 33.922507467960394 ], [ -84.478721238170095, 33.922569467900665 ], [ -84.478719237621959, 33.922585467493242 ], [ -84.479164238759196, 33.922602468175128 ], [ -84.479704238534353, 33.922602468175128 ], [ -84.480146238400238, 33.922585467493242 ], [ -84.480796238678579, 33.922586467840375 ], [ -84.480964238908058, 33.922589467390857 ], [ -84.481536239368594, 33.92260146857361 ], [ -84.481951239470277, 33.922606467326581 ], [ -84.482185239822016, 33.922609467621783 ], [ -84.482328239038836, 33.922613468263762 ], [ -84.482833239552221, 33.922629467848012 ], [ -84.483306239380241, 33.922650467670564 ], [ -84.483731239527671, 33.92266946754102 ], [ -84.483782240479613, 33.922671467487874 ], [ -84.485051240175835, 33.92268246756759 ], [ -84.48523924049681, 33.922693467645892 ], [ -84.485347239553533, 33.922894468352425 ], [ -84.4858662403106, 33.923867468312991 ], [ -84.487296241461948, 33.926392468118003 ], [ -84.487420241310502, 33.926613468332164 ], [ -84.488336240829298, 33.928255469302393 ], [ -84.488458241926352, 33.928489469040848 ], [ -84.488591241097424, 33.928743469163244 ], [ -84.488739242133747, 33.929024469155628 ], [ -84.48909624161081, 33.929649468864909 ], [ -84.489437242092663, 33.930129469850925 ], [ -84.489795241394631, 33.930623469435325 ], [ -84.48991524194355, 33.930789469491387 ], [ -84.490404241665104, 33.931383469564977 ], [ -84.490983241798332, 33.932045469648997 ], [ -84.491504243103549, 33.93258846938798 ], [ -84.491778242739926, 33.932837470313437 ], [ -84.492443243086882, 33.93344447013844 ], [ -84.492858242290254, 33.933799469850619 ], [ -84.493433243123832, 33.934242470233315 ], [ -84.494059244011055, 33.934677469651902 ], [ -84.494946243217527, 33.935228469849491 ], [ -84.495763243900456, 33.935718470387208 ], [ -84.49728824458802, 33.936685470333245 ], [ -84.498889244545268, 33.937700470434216 ], [ -84.500571245591658, 33.938749471243568 ], [ -84.501130245633405, 33.939098471023321 ], [ -84.504250246430445, 33.941076470867493 ], [ -84.504446246249017, 33.941201471371713 ], [ -84.506487247320635, 33.942469471347032 ], [ -84.507491247601294, 33.943081470856697 ], [ -84.508095247848885, 33.943449471960349 ], [ -84.508381248079147, 33.94362347166097 ], [ -84.508570248225027, 33.943752471055191 ], [ -84.509038248928491, 33.944069471890437 ], [ -84.510012249071934, 33.944730471628603 ], [ -84.511213248996086, 33.945456472107224 ], [ -84.512240248842971, 33.946105471403186 ], [ -84.512954249593733, 33.946549471910473 ], [ -84.513414249002949, 33.946834472264335 ], [ -84.513701249956441, 33.947008471752405 ], [ -84.514231249685864, 33.947385472031023 ], [ -84.514676250823115, 33.947760472772543 ], [ -84.514880250139299, 33.947984472077451 ], [ -84.515004249987854, 33.948119471852884 ], [ -84.515051249843523, 33.948177472336518 ], [ -84.515314250507572, 33.948505472066223 ], [ -84.515621250654235, 33.948976472239039 ], [ -84.515828250343475, 33.949431472278576 ], [ -84.516017250489355, 33.949914472112191 ], [ -84.516121250246414, 33.950409473175171 ], [ -84.516166250452272, 33.950789472594643 ] ] ] ] } },
{ "type": "Feature", "properties": { "STATEFP": "13", "COUNTYFP": "067", "TRACTCE": "030700", "GEOID": "13067030700", "GEOIDFQ": "1400000US13067030700", "NAME": "307", "NAMELSAD": "Census Tract 307", "MTFCC": "G5020", "FUNCSTAT": "S", "ALAND": 4307269.0, "AWATER": 0.0, "INTPTLAT": "+33.9598687", "INTPTLON": "-084.5382553", "OBJECTID": 460, "CensusTract": "13067030700", "State": "Georgia", "County": "Cobb County", "Urban": 1, "Pop2010": 4092, "OHU2010": 1629, "GroupQuartersFlag": 0, "NUMGQTRS": 26, "PCTGQTRS": 0.635386119, "LILATracts_1And10": 1, "LILATracts_halfAnd10": 1, "LILATracts_1And20": 1, "LILATracts_Vehicle": 1, "Shape_Length": 11101.2654900421, "Shape_Area": 6276891.8685309822 }, "geometry": { "type": "MultiPolygon", "coordinates": [ [ [ [ -84.549045259994244, 33.957600472643364 ], [ -84.548938260762441, 33.958798472994033 ], [ -84.548927259993462, 33.958912473680869 ], [ -84.54888726070881, 33.959273473233715 ], [ -84.548835260830273, 33.959575473451736 ], [ -84.548778260928856, 33.959794472655474 ], [ -84.548662260577899, 33.960173473473667 ], [ -84.548503260569248, 33.960845473672947 ], [ -84.548231260582696, 33.961853474077209 ], [ -84.548026260543281, 33.962720473484787 ], [ -84.547954260573263, 33.963594474289373 ], [ -84.547940260329568, 33.96430847424908 ], [ -84.547914260390286, 33.964725474674459 ], [ -84.547882260603231, 33.966291474450891 ], [ -84.5478792611285, 33.966393474558011 ], [ -84.547865260884791, 33.967588475298207 ], [ -84.547869260184441, 33.967980475476615 ], [ -84.547866261608021, 33.96970947568343 ], [ -84.547863261234966, 33.970161475746011 ], [ -84.547868261257847, 33.970599474955272 ], [ -84.547876260755459, 33.971197475699697 ], [ -84.547846261516526, 33.971762476132277 ], [ -84.547859261037004, 33.97203747632296 ], [ -84.547872260557497, 33.972134475928762 ], [ -84.547887261524409, 33.97224947638567 ], [ -84.547946261075651, 33.972445476015629 ], [ -84.548084260269604, 33.972916476266604 ], [ -84.548237261328779, 33.973331475957998 ], [ -84.548324261367426, 33.973630476189214 ], [ -84.548346261108719, 33.973836476045726 ], [ -84.548367261025135, 33.974175476068481 ], [ -84.548358260804292, 33.974355476928828 ], [ -84.548346261108719, 33.974445476471104 ], [ -84.54830526110085, 33.974622476062919 ], [ -84.548277261511757, 33.974709476863573 ], [ -84.548243261176566, 33.974795476351588 ], [ -84.548197261145816, 33.974942476557153 ], [ -84.548104261259397, 33.97511047680009 ], [ -84.548064261076448, 33.975183476425336 ], [ -84.548033261114284, 33.975240476609507 ], [ -84.547900261044902, 33.975444476838092 ], [ -84.547754260556715, 33.975687476219655 ], [ -84.547685260959739, 33.975802477085836 ], [ -84.547595261446361, 33.975950476760332 ], [ -84.547392261056785, 33.976288476832757 ], [ -84.547341261003155, 33.976357476585413 ], [ -84.546369260509536, 33.975910476773016 ], [ -84.545715260931559, 33.975622477054003 ], [ -84.545377259924436, 33.97546947743497 ], [ -84.545037260165813, 33.975299476211035 ], [ -84.544602259972621, 33.975073477098825 ], [ -84.544090259786543, 33.974744476509805 ], [ -84.543851260310262, 33.974575476552367 ], [ -84.543320259857637, 33.974162477200068 ], [ -84.543292259370219, 33.974139476446652 ], [ -84.543011260061135, 33.973907476531558 ], [ -84.542911259603699, 33.973816475929667 ], [ -84.542765259115527, 33.973681475954258 ], [ -84.542386259897157, 33.97334847619117 ], [ -84.54197025907223, 33.972966476704741 ], [ -84.540457258978549, 33.971614475872869 ], [ -84.540132258390216, 33.971321476139885 ], [ -84.539645258318501, 33.970873475402222 ], [ -84.538658258654564, 33.96997947536692 ], [ -84.536337257200486, 33.967894475801231 ], [ -84.535820256991542, 33.967429475712372 ], [ -84.535346257338617, 33.966989474681156 ], [ -84.533913256712552, 33.965684474913743 ], [ -84.53318425589319, 33.965030475199093 ], [ -84.531312254875971, 33.963347474405438 ], [ -84.530935255307426, 33.963008475176721 ], [ -84.529831254569331, 33.962005474467752 ], [ -84.529227254321754, 33.961476474563625 ], [ -84.528248255053754, 33.960597474102094 ], [ -84.527854254868458, 33.960237474111615 ], [ -84.527721254799076, 33.9601164743667 ], [ -84.527159253485962, 33.959638473882627 ], [ -84.526966254040445, 33.959474474023615 ], [ -84.525797253903335, 33.958377473610888 ], [ -84.525507253475098, 33.958100473353035 ], [ -84.525195253305569, 33.957827473416174 ], [ -84.525071254355311, 33.957710473707301 ], [ -84.524155253039879, 33.95683047313544 ], [ -84.524066253351421, 33.956736473051095 ], [ -84.523931253632213, 33.956594473899926 ], [ -84.523505253659863, 33.956092473374277 ], [ -84.52338725276077, 33.955961473399917 ], [ -84.523326252661406, 33.955886473756117 ], [ -84.523213253581815, 33.955733473651826 ], [ -84.522866253252175, 33.955178472936815 ], [ -84.522278252898133, 33.954126472723708 ], [ -84.52179825249911, 33.953223472637603 ], [ -84.52136925215369, 33.952437473070155 ], [ -84.520905251648202, 33.951626472057349 ], [ -84.520555251843831, 33.950958472869928 ], [ -84.520522252231871, 33.950896472732936 ], [ -84.520721252423499, 33.950903472089628 ], [ -84.522634252550276, 33.950915473008074 ], [ -84.523725252869568, 33.950960472152438 ], [ -84.525623252927744, 33.950957472856011 ], [ -84.527392253114456, 33.950841472657793 ], [ -84.52792325356711, 33.950787471817748 ], [ -84.529096253902182, 33.950659471925256 ], [ -84.529915254234922, 33.950613471858638 ], [ -84.53031825464106, 33.950591471461621 ], [ -84.530935255307426, 33.950617471930251 ], [ -84.532031255649599, 33.950653471820821 ], [ -84.53315225520781, 33.950625472072844 ], [ -84.534120255503481, 33.950562472419918 ], [ -84.534268255641464, 33.950569471804087 ], [ -84.534749255865407, 33.950533471877982 ], [ -84.535940256642149, 33.950506472109709 ], [ -84.536969256138846, 33.950458471920946 ], [ -84.537378256392756, 33.950452471057147 ], [ -84.538267257045717, 33.950410471705155 ], [ -84.53846125721445, 33.950400471501538 ], [ -84.53860225767977, 33.950392472082974 ], [ -84.538880256615798, 33.950377471773905 ], [ -84.539323257204899, 33.950353472019145 ], [ -84.540632257982395, 33.950274471815931 ], [ -84.541555258072222, 33.950232471630905 ], [ -84.54235425831348, 33.950252472076457 ], [ -84.542668258132821, 33.950274471815931 ], [ -84.543185258341779, 33.950339470979152 ], [ -84.543392258031005, 33.950390472041875 ], [ -84.543530258123269, 33.950424471988228 ], [ -84.544393258836948, 33.95071147132267 ], [ -84.544721258900012, 33.950820471590028 ], [ -84.545185258507175, 33.950990471817178 ], [ -84.545908259478765, 33.951240471841167 ], [ -84.546059259091521, 33.951288472334049 ], [ -84.546605259612775, 33.951501471958984 ], [ -84.547248259320099, 33.951781471358053 ], [ -84.547639259132353, 33.952011472011499 ], [ -84.547905260169443, 33.952152471359582 ], [ -84.548034260040893, 33.952270471258075 ], [ -84.548998261036886, 33.952299471953189 ], [ -84.548973260024212, 33.953230471802904 ], [ -84.548996260488749, 33.953960472714627 ], [ -84.548996260488749, 33.954196471804551 ], [ -84.548996260488749, 33.954604472880206 ], [ -84.549019260953287, 33.955324472811242 ], [ -84.549019260953287, 33.956174472504756 ], [ -84.549015260755326, 33.956354472717898 ], [ -84.549053260390153, 33.957440472332124 ], [ -84.549045259994244, 33.957600472643364 ] ] ] ] } },
{ "type": "Feature", "properties": { "STATEFP": "13", "COUNTYFP": "089", "TRACTCE": "022005", "GEOID": "13089022005", "GEOIDFQ": "1400000US13089022005", "NAME": "220.05", "NAMELSAD": "Census Tract 220.05", "MTFCC": "G5020", "FUNCSTAT": "S", "ALAND": 3294064.0, "AWATER": 0.0, "INTPTLAT": "+33.7912072", "INTPTLON": "-084.2330492", "OBJECTID": 663, "CensusTract": "13089022005", "State": "Georgia", "County": "DeKalb County", "Urban": 1, "Pop2010": 3855, "OHU2010": 1432, "GroupQuartersFlag": 0, "NUMGQTRS": 9, "PCTGQTRS": 0.233463035, "LILATracts_1And10": 1, "LILATracts_halfAnd10": 1, "LILATracts_1And20": 1, "LILATracts_Vehicle": 1, "Shape_Length": 11553.094702441978, "Shape_Area": 4781607.1144036315 }, "geometry": { "type": "MultiPolygon", "coordinates": [ [ [ [ -84.248369163998106, 33.783949446503932 ], [ -84.248201164666938, 33.784460447021239 ], [ -84.247979164010772, 33.7853774471874 ], [ -84.247833164420896, 33.785830447795014 ], [ -84.247746164382264, 33.786031447559154 ], [ -84.247591164571546, 33.78626144801423 ], [ -84.247531164297101, 33.786351447569672 ], [ -84.247416163771064, 33.786522446837736 ], [ -84.246959163836578, 33.787273447605003 ], [ -84.246502163902079, 33.787052447132616 ], [ -84.246277163771182, 33.786943448094974 ], [ -84.245799163920296, 33.786696447851241 ], [ -84.245928163791731, 33.7870964479309 ], [ -84.246007163434427, 33.78740844792032 ], [ -84.246149163724667, 33.788036448453013 ], [ -84.246331164197855, 33.788967448312782 ], [ -84.246365164533046, 33.789467447924565 ], [ -84.246367164182871, 33.790186448698442 ], [ -84.246334164570911, 33.790467448094034 ], [ -84.246262163702568, 33.792265449259631 ], [ -84.246245163984128, 33.793440449220014 ], [ -84.246241163786166, 33.793670449183296 ], [ -84.246237163588205, 33.793922449037403 ], [ -84.246218164219954, 33.795143448997237 ], [ -84.246217164395034, 33.795580449933183 ], [ -84.246263164425798, 33.795848449603461 ], [ -84.246327164898204, 33.795992449893113 ], [ -84.245968163974695, 33.796148449498119 ], [ -84.245411164481098, 33.79632945045887 ], [ -84.245213164114375, 33.796377450063758 ], [ -84.24494516432577, 33.796443450409704 ], [ -84.244379163713006, 33.796487449367866 ], [ -84.24329016394185, 33.79650345020503 ], [ -84.242877163489979, 33.796497449704823 ], [ -84.242271163592576, 33.796489449286078 ], [ -84.241920163064975, 33.796484450610315 ], [ -84.241521162856799, 33.796479449694729 ], [ -84.240960163165241, 33.796479450441254 ], [ -84.239367162705619, 33.79648945003256 ], [ -84.238408161732465, 33.796490449618382 ], [ -84.237297162220003, 33.796519450292621 ], [ -84.237134161115065, 33.796552450043976 ], [ -84.236472161141165, 33.796663449453476 ], [ -84.236399161346242, 33.79579845051417 ], [ -84.234558160291158, 33.795797450173779 ], [ -84.231858160517021, 33.79579845051417 ], [ -84.231354160726866, 33.79579845051417 ], [ -84.230667159740293, 33.795799450108063 ], [ -84.229473159488819, 33.795800450448425 ], [ -84.229422159435202, 33.795800450448425 ], [ -84.228528159657714, 33.795802450382681 ], [ -84.228037159388023, 33.795778450422368 ], [ -84.227857159462971, 33.795769450342199 ], [ -84.227618159088379, 33.795724450673731 ], [ -84.227349158576544, 33.79562745036224 ], [ -84.227196159313976, 33.795533450224873 ], [ -84.226792159082933, 33.795297449456967 ], [ -84.226292158592443, 33.79495544979595 ], [ -84.22566615770522, 33.795621450547159 ], [ -84.22522215818951, 33.796086450272966 ], [ -84.22492415826369, 33.796381450651744 ], [ -84.224836158400137, 33.79646845051618 ], [ -84.224176158076062, 33.797032451096499 ], [ -84.223840157617076, 33.797285451081258 ], [ -84.223463157150221, 33.797545450318907 ], [ -84.223055157619527, 33.797805451006347 ], [ -84.22281515831834, 33.797941450706773 ], [ -84.222446157349069, 33.798151450983433 ], [ -84.222071157430349, 33.798342450816051 ], [ -84.221586157906771, 33.798561451389439 ], [ -84.220802157734127, 33.798857451008018 ], [ -84.218745156768989, 33.79942845136992 ], [ -84.218110156559277, 33.799621451930356 ], [ -84.217669155620001, 33.799746451480935 ], [ -84.216854155485223, 33.799986451599302 ], [ -84.215700155416727, 33.800307451993291 ], [ -84.215575155743252, 33.800343451892623 ], [ -84.215336155368661, 33.800413451819374 ], [ -84.214954155777235, 33.800509451647251 ], [ -84.214854155319799, 33.800529451380115 ], [ -84.214941155358446, 33.800373451548332 ], [ -84.214944155731487, 33.800355451606833 ], [ -84.214915155419177, 33.800156451711402 ], [ -84.215061155009039, 33.799898452032195 ], [ -84.215225155938882, 33.799452451053341 ], [ -84.215393155270064, 33.798917451350626 ], [ -84.215440156024044, 33.798615450841368 ], [ -84.21561515592623, 33.79787745140159 ], [ -84.215726155355981, 33.797147451182276 ], [ -84.215735155576823, 33.79686545098896 ], [ -84.215672155827633, 33.796487450114398 ], [ -84.215622155598922, 33.796109451303209 ], [ -84.215695156292171, 33.795776450487594 ], [ -84.21586815564622, 33.795280450287507 ], [ -84.216079155533407, 33.795246450445497 ], [ -84.216303154941087, 33.795128450493742 ], [ -84.216646155971077, 33.794891450497822 ], [ -84.216988155379525, 33.794706450309597 ], [ -84.217270156310136, 33.794406450587083 ], [ -84.217416155899997, 33.794111450120909 ], [ -84.217476155276145, 33.793893449722994 ], [ -84.217422155747798, 33.793612450373914 ], [ -84.217408156402414, 33.793393449829814 ], [ -84.217523156030126, 33.793076449631677 ], [ -84.217733156092422, 33.79273945044406 ], [ -84.217904155796631, 33.792314449284788 ], [ -84.217826155978827, 33.79183044934566 ], [ -84.217745156686291, 33.791174449922579 ], [ -84.217704155780098, 33.790838449618953 ], [ -84.217701156305367, 33.790811449310681 ], [ -84.217638155657866, 33.790660449448154 ], [ -84.217634155459905, 33.790570449942329 ], [ -84.217653155726467, 33.790481449251317 ], [ -84.21769415573435, 33.790398450142504 ], [ -84.217756155658634, 33.790324449367041 ], [ -84.217834155476424, 33.790263450061921 ], [ -84.218069155653069, 33.790137449695116 ], [ -84.218222155813962, 33.79012444963486 ], [ -84.218281156263501, 33.790125450041586 ], [ -84.218330156667292, 33.790125450041586 ], [ -84.218455156340781, 33.790136449288525 ], [ -84.218551155701931, 33.790151449413244 ], [ -84.218640156288686, 33.790171449326493 ], [ -84.21874915606864, 33.790205449690959 ], [ -84.219280156521279, 33.790330449553366 ], [ -84.220030156358746, 33.79047944993939 ], [ -84.220131156641088, 33.790512449779335 ], [ -84.220649156674938, 33.790752449658129 ], [ -84.220803156660722, 33.790785449392857 ], [ -84.221551156848363, 33.790868449619666 ], [ -84.221675156696918, 33.790849449520877 ], [ -84.221944157208739, 33.790636448792846 ], [ -84.222189157431131, 33.790212448798165 ], [ -84.222621156352943, 33.789828448934919 ], [ -84.222734157229169, 33.789631449281607 ], [ -84.222899157085621, 33.789343449457753 ], [ -84.222929157222822, 33.789278449280573 ], [ -84.223079157010673, 33.788953449147705 ], [ -84.223511157729106, 33.787930448232082 ], [ -84.223790157388365, 33.787389448546925 ], [ -84.223869157031075, 33.787215448941609 ], [ -84.223895156970357, 33.787076448792547 ], [ -84.22400915677315, 33.786798448564191 ], [ -84.224153157611539, 33.786556448651183 ], [ -84.224576157210834, 33.786136448184351 ], [ -84.224665157797602, 33.785981447962818 ], [ -84.224745158163557, 33.785747447910808 ], [ -84.224964157548342, 33.785747447910808 ], [ -84.225072157503377, 33.785753448417871 ], [ -84.225558157750172, 33.785811448071506 ], [ -84.22583915795758, 33.78590544843081 ], [ -84.226204157830551, 33.786010448463891 ], [ -84.226858158306868, 33.786288448264074 ], [ -84.227013158117558, 33.786371448370531 ], [ -84.227303157647469, 33.786509448468408 ], [ -84.227573158882521, 33.786621447908303 ], [ -84.22775915865536, 33.786713448725138 ], [ -84.227856158739741, 33.786752448960435 ], [ -84.227956158298852, 33.786786448442719 ], [ -84.228058159304425, 33.78681544792461 ], [ -84.228162158163187, 33.786839448157814 ], [ -84.228268158468396, 33.786857447954944 ], [ -84.22837515859851, 33.786870448511237 ], [ -84.22850215882012, 33.786879448033709 ], [ -84.22876615841075, 33.786879448033709 ], [ -84.228861158845319, 33.78688044847835 ], [ -84.229870159148859, 33.786883448318932 ], [ -84.229909159506931, 33.786882448620943 ], [ -84.232336159469597, 33.786789448286591 ], [ -84.233592160543651, 33.786698447998184 ], [ -84.233836160042813, 33.786716447824951 ], [ -84.234059160523884, 33.786735448840894 ], [ -84.234251160144495, 33.786736447793992 ], [ -84.234628160611379, 33.786630448203553 ], [ -84.235008160552965, 33.786461448556977 ], [ -84.235188160478017, 33.786350447865466 ], [ -84.236671161332808, 33.785132447836425 ], [ -84.236889160892687, 33.784951447841301 ], [ -84.237356160872906, 33.784598447212261 ], [ -84.237804161484902, 33.784186446924302 ], [ -84.238275161663083, 33.783714447137477 ], [ -84.238855161621231, 33.78298444710564 ], [ -84.239065161683499, 33.782760446778987 ], [ -84.239179161486334, 33.782678447399597 ], [ -84.23932216160145, 33.782622446612798 ], [ -84.239628161024882, 33.782545446591058 ], [ -84.24000016146887, 33.782482447472127 ], [ -84.241145162214863, 33.78229144660083 ], [ -84.241724162348092, 33.782228447294997 ], [ -84.241987162113816, 33.782225447291346 ], [ -84.242149162495522, 33.782229447047314 ], [ -84.242401162390607, 33.782260446829689 ], [ -84.245099163413244, 33.783030446493598 ], [ -84.245127163002337, 33.783037446933932 ], [ -84.245307162927389, 33.78308444752895 ], [ -84.245599163005437, 33.78314844669336 ], [ -84.245779163828814, 33.78318844680004 ], [ -84.246091163998329, 33.78324644669766 ], [ -84.246485164183653, 33.783271446924644 ], [ -84.247112163997443, 33.783285446272046 ], [ -84.247228164348385, 33.783281447311985 ], [ -84.248210163989441, 33.783240446761582 ], [ -84.248542164250452, 33.783207446358922 ], [ -84.248369163998106, 33.783949446503932 ] ] ] ] } },
{ "type": "Feature", "properties": { "STATEFP": "13", "COUNTYFP": "089", "TRACTCE": "023507", "GEOID": "13089023507", "GEOIDFQ": "1400000US13089023507", "NAME": "235.07", "NAMELSAD": "Census Tract 235.07", "MTFCC": "G5020", "FUNCSTAT": "S", "ALAND": 3583832.0, "AWATER": 10948.0, "INTPTLAT": "+33.7200688", "INTPTLON": "-084.2181027", "OBJECTID": 730, "CensusTract": "13089023507", "State": "Georgia", "County": "DeKalb County", "Urban": 1, "Pop2010": 4129, "OHU2010": 1483, "GroupQuartersFlag": 0, "NUMGQTRS": 2, "PCTGQTRS": 0.048437878, "LILATracts_1And10": 1, "LILATracts_halfAnd10": 1, "LILATracts_1And20": 1, "LILATracts_Vehicle": 1, "Shape_Length": 10943.014550799029, "Shape_Area": 5210037.6979142148 }, "geometry": { "type": "MultiPolygon", "coordinates": [ [ [ [ -84.236890157124336, 33.714379432610158 ], [ -84.236717157770286, 33.714650433050352 ], [ -84.236691156932707, 33.714729433119714 ], [ -84.23660415689406, 33.714818432524339 ], [ -84.236063157293984, 33.714856432057324 ], [ -84.235832157315301, 33.714931432030106 ], [ -84.235142156853996, 33.715507433164241 ], [ -84.23493515716477, 33.715603432479483 ], [ -84.234765157285452, 33.715639432848846 ], [ -84.233990156435326, 33.715677432765659 ], [ -84.233796156266578, 33.715733432455188 ], [ -84.233672156418024, 33.71586043289664 ], [ -84.23323615639994, 33.716362432649845 ], [ -84.233087156437009, 33.716509433573016 ], [ -84.232916156732784, 33.716605433262323 ], [ -84.232763155673595, 33.716883432519872 ], [ -84.232579156448892, 33.71701943288781 ], [ -84.231970156178434, 33.717286433417456 ], [ -84.231666156404813, 33.717410433025677 ], [ -84.231438155900875, 33.717425433924262 ], [ -84.231211156120153, 33.717390433317902 ], [ -84.231023155799164, 33.717255433300615 ], [ -84.230827155980606, 33.717010433501933 ], [ -84.230563155491652, 33.71663343280899 ], [ -84.230378155543718, 33.716428433354714 ], [ -84.230082155267709, 33.716301433006201 ], [ -84.22976915527326, 33.716334433762036 ], [ -84.229428154791393, 33.716497433324122 ], [ -84.229010155214979, 33.716809433273106 ], [ -84.228771154840388, 33.717134432761554 ], [ -84.228718155136932, 33.7176854333918 ], [ -84.228723155159784, 33.718266433486143 ], [ -84.228656155212633, 33.718465433795053 ], [ -84.228644155517074, 33.718545433838031 ], [ -84.228557155478441, 33.718877433929727 ], [ -84.228576154846706, 33.719159434507006 ], [ -84.228785155084083, 33.719386433636402 ], [ -84.228831155114833, 33.719500433591591 ], [ -84.229016155961077, 33.719964433485686 ], [ -84.229141155634537, 33.720223433754597 ], [ -84.229169156121955, 33.720332434710244 ], [ -84.229091155405825, 33.72053743380873 ], [ -84.228991155846714, 33.720646433618484 ], [ -84.228873155845946, 33.720927433894914 ], [ -84.228869155647985, 33.721146434344668 ], [ -84.228964155184229, 33.721446434279102 ], [ -84.229028155656636, 33.721746434659458 ], [ -84.229173156319902, 33.722091434249009 ], [ -84.229287156122723, 33.72229143436153 ], [ -84.22937315543814, 33.722509434618402 ], [ -84.229423155666851, 33.723014434927066 ], [ -84.229490155614002, 33.723232434842096 ], [ -84.229509155880564, 33.724356434671996 ], [ -84.22949915583483, 33.724446434983129 ], [ -84.22937315543814, 33.724624434473718 ], [ -84.229032155854583, 33.724982434682019 ], [ -84.228921155526507, 33.72519443531187 ], [ -84.228866155274929, 33.725299435014108 ], [ -84.228861155252062, 33.725325434628743 ], [ -84.228836156036024, 33.725468434983689 ], [ -84.2288071557237, 33.725639434698174 ], [ -84.228757155494975, 33.726030435172767 ], [ -84.228662155958745, 33.726769435288212 ], [ -84.228499155752118, 33.727267435422803 ], [ -84.228429156330236, 33.72749143509926 ], [ -84.228141155551839, 33.728236435387174 ], [ -84.227806155816097, 33.728941435926522 ], [ -84.227767155458025, 33.729050435523661 ], [ -84.227745155716718, 33.729732435932888 ], [ -84.22771915577745, 33.729904436479472 ], [ -84.227661155152816, 33.730276436864692 ], [ -84.227520155585822, 33.730564436489232 ], [ -84.227424155326347, 33.730953436237527 ], [ -84.227378156193907, 33.731290437136671 ], [ -84.227361154678846, 33.731413436341519 ], [ -84.227139155819316, 33.731959436259203 ], [ -84.226820155078755, 33.732564436603774 ], [ -84.226765155725502, 33.732959436718907 ], [ -84.226744155809101, 33.733991437105836 ], [ -84.22676015480431, 33.734106436653228 ], [ -84.226803155360329, 33.734394436870168 ], [ -84.227075155346895, 33.734891437274307 ], [ -84.227347155333447, 33.735369436591512 ], [ -84.227364155051887, 33.735610437337897 ], [ -84.227336156361119, 33.735729437388628 ], [ -84.227209155241198, 33.735947437875723 ], [ -84.227205155043237, 33.736068438040675 ], [ -84.227253155622122, 33.736430437225017 ], [ -84.227222156558298, 33.73684543787968 ], [ -84.227237155728602, 33.737078438224124 ], [ -84.227234156253871, 33.737094437458282 ], [ -84.226142155211335, 33.737069437206237 ], [ -84.225550154659317, 33.737066437115715 ], [ -84.224153154916593, 33.73699243734027 ], [ -84.22293015525112, 33.736972437713071 ], [ -84.221737153926256, 33.736929437602313 ], [ -84.221202154173952, 33.736908438426376 ], [ -84.220555153370341, 33.736894437478831 ], [ -84.21954515324191, 33.736846438161464 ], [ -84.218382152952572, 33.736828438317119 ], [ -84.217442153144319, 33.736807438369446 ], [ -84.217188152701112, 33.736826438500167 ], [ -84.216773152599416, 33.736842437781327 ], [ -84.216422152071829, 33.736429437685445 ], [ -84.216148152435437, 33.736135438077135 ], [ -84.215893152167297, 33.735893438512605 ], [ -84.215568152477289, 33.735623437451949 ], [ -84.21521315175174, 33.735353437782727 ], [ -84.214807151870872, 33.735074438277771 ], [ -84.214290152560238, 33.734800437899651 ], [ -84.213759152107599, 33.734547437899536 ], [ -84.213862152039752, 33.733007437463854 ], [ -84.213893152001901, 33.731740437251368 ], [ -84.213888151080724, 33.731579437436594 ], [ -84.213938152207731, 33.730529437504785 ], [ -84.213983151515279, 33.729587436720244 ], [ -84.213991151911188, 33.729350436222425 ], [ -84.214031151195854, 33.7274754363158 ], [ -84.214037151941938, 33.726985436079509 ], [ -84.21404815091428, 33.726634435825041 ], [ -84.214065151531017, 33.726120435969932 ], [ -84.214066151355937, 33.726082436192733 ], [ -84.214067151180856, 33.726062436263931 ], [ -84.214077152124915, 33.725743435686198 ], [ -84.214085150724202, 33.72540443533498 ], [ -84.214099150967911, 33.724813435996943 ], [ -84.214104150990778, 33.724586435528536 ], [ -84.214117151409582, 33.723876435901879 ], [ -84.214169151288104, 33.723531434520787 ], [ -84.214281151441099, 33.723170435155666 ], [ -84.214566151846455, 33.722500435060851 ], [ -84.215331150854212, 33.720751434401059 ], [ -84.215405151372366, 33.720322434450118 ], [ -84.215447151205169, 33.719922435044573 ], [ -84.215435151509581, 33.719796434367581 ], [ -84.215329151204372, 33.718710434671969 ], [ -84.21532215153168, 33.7185744347412 ], [ -84.215307151463065, 33.71839843415929 ], [ -84.215320150983544, 33.718128434840914 ], [ -84.215352150770599, 33.717769433936688 ], [ -84.215412151045058, 33.717347434602942 ], [ -84.215564151381031, 33.716527433943263 ], [ -84.21571915119172, 33.7153914335683 ], [ -84.215793151709889, 33.715060433234804 ], [ -84.215891151619175, 33.714773433684869 ], [ -84.215958151566312, 33.714625432984924 ], [ -84.216044151780054, 33.714460434014242 ], [ -84.216144151339179, 33.71430143351057 ], [ -84.216258151141972, 33.714148433748925 ], [ -84.216740151190805, 33.713425433238612 ], [ -84.216825151579627, 33.713312432498178 ], [ -84.216925152037064, 33.713152433047 ], [ -84.217005151504679, 33.712984432555182 ], [ -84.217037151291734, 33.712899433493249 ], [ -84.217129151353248, 33.712693432780249 ], [ -84.217241151506258, 33.712315433487532 ], [ -84.217355152207361, 33.711764432769677 ], [ -84.220276152812772, 33.712128432488868 ], [ -84.221256151905678, 33.712232432659 ], [ -84.221626152699855, 33.712283432502367 ], [ -84.221970152656439, 33.712325432438575 ], [ -84.223243153448934, 33.712481432662251 ], [ -84.224265153272938, 33.712629431826933 ], [ -84.225050154168812, 33.712737432894244 ], [ -84.225622154629335, 33.71281543266727 ], [ -84.227528155083419, 33.713060432480347 ], [ -84.229062155093516, 33.713257432533659 ], [ -84.229788155539822, 33.713350432697645 ], [ -84.231100155792078, 33.71351043252708 ], [ -84.233888156328092, 33.713871432910601 ], [ -84.235775157413912, 33.714107433009453 ], [ -84.235851156683566, 33.714109432608581 ], [ -84.236966157292329, 33.714261432641948 ], [ -84.236890157124336, 33.714379432610158 ] ] ] ] } },
{ "type": "Feature", "properties": { "STATEFP": "13", "COUNTYFP": "121", "TRACTCE": "007200", "GEOID": "13121007200", "GEOIDFQ": "1400000US13121007200", "NAME": "72", "NAMELSAD": "Census Tract 72", "MTFCC": "G5020", "FUNCSTAT": "S", "ALAND": 8686645.0, "AWATER": 4884.0, "INTPTLAT": "+33.6566854", "INTPTLON": "-084.3665026", "OBJECTID": 981, "CensusTract": "13121007200", "State": "Georgia", "County": "Fulton County", "Urban": 1, "Pop2010": 1706, "OHU2010": 576, "GroupQuartersFlag": 0, "NUMGQTRS": 4, "PCTGQTRS": 0.234466589, "LILATracts_1And10": 1, "LILATracts_halfAnd10": 1, "LILATracts_1And20": 1, "LILATracts_Vehicle": 0, "Shape_Length": 20251.934249511269, "Shape_Area": 12578297.262108278 }, "geometry": { "type": "MultiPolygon", "coordinates": [ [ [ [ -84.39733919954017, 33.648487412553678 ], [ -84.397335200240519, 33.648500412393368 ], [ -84.396387200036358, 33.651295413103519 ], [ -84.396039199881827, 33.652322413232639 ], [ -84.395943200520676, 33.652559413880503 ], [ -84.395847200261201, 33.652799413171024 ], [ -84.395706199795896, 33.652730413649195 ], [ -84.395534200266766, 33.65264941313206 ], [ -84.395219199724167, 33.652478413202438 ], [ -84.394893200209239, 33.652283413196031 ], [ -84.394744199348011, 33.652188413205408 ], [ -84.394629199720285, 33.652116413126919 ], [ -84.394265199672219, 33.65186841297723 ], [ -84.393337199559539, 33.652993412993276 ], [ -84.392624199532008, 33.654945413956604 ], [ -84.39250419898309, 33.655196414172245 ], [ -84.392345198974439, 33.655430414431784 ], [ -84.392149198257542, 33.655645414662246 ], [ -84.391500199600756, 33.656151414416918 ], [ -84.391342199416997, 33.656274414293421 ], [ -84.391249199530577, 33.65634741510361 ], [ -84.391030199247453, 33.656538414492587 ], [ -84.390831199055825, 33.656736414484271 ], [ -84.390380198070801, 33.65724741461603 ], [ -84.390248198724635, 33.657397414865848 ], [ -84.389983199309086, 33.657697414581037 ], [ -84.389833198622952, 33.657848415248324 ], [ -84.389672198066165, 33.657981414982714 ], [ -84.389497198163966, 33.65810141537623 ], [ -84.389308198018085, 33.658207414537792 ], [ -84.38911619839746, 33.658294415508585 ], [ -84.388215198048954, 33.658635414649396 ], [ -84.387812198541127, 33.658800415388676 ], [ -84.387262197821912, 33.659050415135589 ], [ -84.386802198412695, 33.659283414945556 ], [ -84.386281197107479, 33.659575415081008 ], [ -84.385779196967135, 33.65988941547289 ], [ -84.385343196949037, 33.66019041515144 ], [ -84.384801196625745, 33.660605415614619 ], [ -84.384429197080053, 33.660921415327614 ], [ -84.384037196544583, 33.661282415335094 ], [ -84.383721197075417, 33.661603416109593 ], [ -84.383429196997355, 33.661924416434104 ], [ -84.381818196096063, 33.66388341637554 ], [ -84.381505196101614, 33.664208415695398 ], [ -84.381226196442356, 33.664421415667164 ], [ -84.380199195697159, 33.664972416422394 ], [ -84.380222196161697, 33.664834416658159 ], [ -84.378762195771444, 33.664194416352728 ], [ -84.378013194860586, 33.663873417021165 ], [ -84.377662195231323, 33.663701415831348 ], [ -84.377429194704504, 33.663630416052797 ], [ -84.377143195372554, 33.663606416482992 ], [ -84.37572819428982, 33.663585415825871 ], [ -84.375152194529647, 33.663572416769433 ], [ -84.37497419425442, 33.663579416491658 ], [ -84.373762193561291, 33.663739416289019 ], [ -84.373754194063679, 33.663577416464229 ], [ -84.373722194276624, 33.663139416075339 ], [ -84.373688193941462, 33.662817416896957 ], [ -84.373640194260858, 33.662539416163227 ], [ -84.373535193780569, 33.662271416315953 ], [ -84.373422194700979, 33.662021416955731 ], [ -84.373253193748269, 33.661715415655394 ], [ -84.373001193853185, 33.661385416068129 ], [ -84.372715193622909, 33.661069415816236 ], [ -84.372571193682873, 33.660931415772801 ], [ -84.372502194085911, 33.66086041595134 ], [ -84.372273193757039, 33.660626416251503 ], [ -84.371885194317841, 33.660184416328207 ], [ -84.371731193433732, 33.659951415967235 ], [ -84.371617192732614, 33.659770415761606 ], [ -84.371531193417212, 33.659633415563533 ], [ -84.371354193865187, 33.659362415822578 ], [ -84.370775192833648, 33.658480415819234 ], [ -84.370668192703519, 33.658296415658775 ], [ -84.370301193180723, 33.657762415777228 ], [ -84.370206192746167, 33.65762441566384 ], [ -84.369259192366897, 33.656250414914908 ], [ -84.369231192777818, 33.656281415357135 ], [ -84.369149192762052, 33.656303415278238 ], [ -84.369129192670556, 33.6563084153955 ], [ -84.369035192959231, 33.656352415218308 ], [ -84.368953192943465, 33.656410414882345 ], [ -84.368889192471059, 33.656483415577163 ], [ -84.368858192508924, 33.656569414831011 ], [ -84.368784192889066, 33.65673841467067 ], [ -84.368696192127203, 33.656903415308868 ], [ -84.368502191958441, 33.657225414936278 ], [ -84.368464192323614, 33.657309415518661 ], [ -84.368420191942676, 33.657391415100143 ], [ -84.368365192589408, 33.657469415760232 ], [ -84.368319191660333, 33.657550415479356 ], [ -84.368281192025492, 33.657635414705702 ], [ -84.368261191934025, 33.657723415214917 ], [ -84.368228192322064, 33.657809416220474 ], [ -84.368185191766045, 33.65789141532548 ], [ -84.368130192412764, 33.657969415532328 ], [ -84.368091192054706, 33.658053415388437 ], [ -84.368071191963224, 33.658141416217902 ], [ -84.368050192046837, 33.658321415663004 ], [ -84.368063192465613, 33.658409416218433 ], [ -84.368035191978208, 33.658496415489473 ], [ -84.367964192731421, 33.65856341547839 ], [ -84.367899192434095, 33.658635415397121 ], [ -84.367808192197501, 33.658682416111198 ], [ -84.367703192615508, 33.658700415884738 ], [ -84.36760119160995, 33.658676415687417 ], [ -84.367504191525569, 33.658712415233175 ], [ -84.367466191890742, 33.658796415859413 ], [ -84.367441191776379, 33.658884415181284 ], [ -84.367441191776379, 33.65897441604308 ], [ -84.36742919208082, 33.659064415315292 ], [ -84.367407192339499, 33.659152415858514 ], [ -84.367332191996439, 33.659321415859161 ], [ -84.367152192071387, 33.6596684157713 ], [ -84.367039192093458, 33.659902415833528 ], [ -84.366966192298534, 33.660071416604168 ], [ -84.366918191719648, 33.660152415369353 ], [ -84.366855191970458, 33.660225416628059 ], [ -84.366820191810362, 33.660310416202755 ], [ -84.366763191908944, 33.66038641561066 ], [ -84.366626191641586, 33.660482415947286 ], [ -84.366644192083257, 33.660525416203562 ], [ -84.366654192129005, 33.660614416422263 ], [ -84.366671191847445, 33.66070341580118 ], [ -84.366631191664467, 33.660786416306777 ], [ -84.366435191845881, 33.660897415749758 ], [ -84.366443192241803, 33.66098541666139 ], [ -84.366477191678683, 33.661070416232938 ], [ -84.366536192128223, 33.66114641571717 ], [ -84.366628192189737, 33.66119241613977 ], [ -84.366710192205502, 33.661250416279977 ], [ -84.366782192175521, 33.661317416367474 ], [ -84.366842191551655, 33.66139141630304 ], [ -84.366856191795364, 33.661480416373578 ], [ -84.366826192556459, 33.661615415800846 ], [ -84.366726192099023, 33.661649417035498 ], [ -84.366620192692125, 33.66163541578107 ], [ -84.366518192584877, 33.661627416985816 ], [ -84.366463192333299, 33.661702416316459 ], [ -84.366502192691343, 33.661786417014333 ], [ -84.366566191367141, 33.661858416479184 ], [ -84.366612192296202, 33.661940416959325 ], [ -84.366636192585659, 33.662027416398594 ], [ -84.366623192166855, 33.662116416558924 ], [ -84.366621191618734, 33.662205416627238 ], [ -84.366680192068273, 33.662279416546674 ], [ -84.366784191825346, 33.662297416315418 ], [ -84.366865192016192, 33.662354416056587 ], [ -84.366888192480729, 33.662440416171798 ], [ -84.366794192769405, 33.662480416491682 ], [ -84.366743191817477, 33.662557416625212 ], [ -84.366780191627385, 33.662639416439127 ], [ -84.366880192084807, 33.662673416521464 ], [ -84.36698519256511, 33.66266141697772 ], [ -84.367076191903394, 33.662706416192641 ], [ -84.367113191713315, 33.662790416658005 ], [ -84.367071191880513, 33.662872416997537 ], [ -84.367076191903394, 33.662961416283729 ], [ -84.367160192467296, 33.663014416999488 ], [ -84.367179192733872, 33.663101416848029 ], [ -84.367102192740958, 33.663163416523126 ], [ -84.367085192124236, 33.66325041696868 ], [ -84.367146193121911, 33.66332441673697 ], [ -84.367232192437314, 33.663378416871261 ], [ -84.367334192544575, 33.663406417315208 ], [ -84.367437192476743, 33.663387417388805 ], [ -84.367534192561109, 33.663422416817127 ], [ -84.367581192416779, 33.663503416913557 ], [ -84.367605192706222, 33.663591416654988 ], [ -84.367595192660488, 33.663680416692742 ], [ -84.367553192827685, 33.663948417384489 ], [ -84.367544192606843, 33.664038416687426 ], [ -84.367559191777147, 33.664127417010427 ], [ -84.367547192081574, 33.664217416873775 ], [ -84.367497192751188, 33.664295417327146 ], [ -84.367497192751188, 33.664385417014742 ], [ -84.367551192279535, 33.664463416568154 ], [ -84.367633193193626, 33.664520416369619 ], [ -84.367682192699107, 33.664600416551956 ], [ -84.367688192546893, 33.66468941704116 ], [ -84.367547192081574, 33.664932416513494 ], [ -84.367478192484612, 33.665001417466186 ], [ -84.367460192042955, 33.66501241706036 ], [ -84.367390192621059, 33.665054416925145 ], [ -84.367290192163637, 33.665086416808364 ], [ -84.367183192931833, 33.665094416777315 ], [ -84.366970192496495, 33.665122417410409 ], [ -84.366756192236252, 33.665143416944652 ], [ -84.36665119265426, 33.665164416473814 ], [ -84.366544191625835, 33.665168417202395 ], [ -84.366438192218936, 33.665150417286718 ], [ -84.366331192088808, 33.665141417701307 ], [ -84.366223192133774, 33.665139417710243 ], [ -84.366116192003659, 33.665144416566356 ], [ -84.366013192071492, 33.665171416814182 ], [ -84.36574219280817, 33.6653194167206 ], [ -84.365648191300195, 33.665362416802289 ], [ -84.365558191786818, 33.665412417183227 ], [ -84.365387192082608, 33.665521417404541 ], [ -84.365331192006124, 33.665597417442818 ], [ -84.365320192135457, 33.665683417306774 ], [ -84.365223192051076, 33.665720417273945 ], [ -84.36512819161652, 33.665678416986651 ], [ -84.365024191859447, 33.665655416856282 ], [ -84.364917191729333, 33.665665417498857 ], [ -84.364816191446977, 33.665691417220202 ], [ -84.364765192291671, 33.665750416932568 ], [ -84.364755191347626, 33.665769417084746 ], [ -84.364775191439094, 33.665851417575389 ], [ -84.364827191317644, 33.665930417655055 ], [ -84.364860191827916, 33.666016417933761 ], [ -84.364879192094477, 33.666104417347547 ], [ -84.364859192002996, 33.66619341777605 ], [ -84.364789191682803, 33.666258417039522 ], [ -84.364819191820047, 33.666344417737974 ], [ -84.364873191348394, 33.666422417758078 ], [ -84.364956192087391, 33.66647841740302 ], [ -84.364994191722218, 33.666562417923494 ], [ -84.365006191417777, 33.666651417130481 ], [ -84.364979192551914, 33.666738417786803 ], [ -84.364911191881532, 33.666807417290876 ], [ -84.364810191599204, 33.666837418065676 ], [ -84.36471819153769, 33.666884417289729 ], [ -84.364646191567672, 33.666950417874695 ], [ -84.364578191795601, 33.667121417455547 ], [ -84.364539191437558, 33.667205418095769 ], [ -84.364525192092174, 33.667294417385122 ], [ -84.364535191239597, 33.66738441842098 ], [ -84.364582191993577, 33.667465417029781 ], [ -84.364608191932831, 33.667552417610473 ], [ -84.36460719210794, 33.667642417628734 ], [ -84.364621191453324, 33.667822417382681 ], [ -84.364625191651271, 33.668056417696008 ], [ -84.364625191651271, 33.66809241780274 ], [ -84.364615191605537, 33.668273417695588 ], [ -84.364610192480967, 33.668543418195185 ], [ -84.364627192199407, 33.668632418343016 ], [ -84.364659191986462, 33.668718418163238 ], [ -84.364709192215187, 33.668798418179527 ], [ -84.364782192010111, 33.668863418465108 ], [ -84.364819191820047, 33.668947417404148 ], [ -84.364797192078726, 33.669126417842364 ], [ -84.364746192025095, 33.669393418442752 ], [ -84.364739192352403, 33.669483418029976 ], [ -84.364741192002242, 33.669573417522983 ], [ -84.364753191697787, 33.669662418100295 ], [ -84.364772191964377, 33.669751417837894 ], [ -84.364798191903645, 33.669839418663933 ], [ -84.36482919186578, 33.669925418024903 ], [ -84.364866191675688, 33.67001041848242 ], [ -84.364915192079494, 33.670090418792277 ], [ -84.364953191714349, 33.670174418028218 ], [ -84.364980192376834, 33.670260418549482 ], [ -84.364953191714349, 33.67034741854588 ], [ -84.364870191873649, 33.670403418625966 ], [ -84.36481219214734, 33.670478418529235 ], [ -84.364794191705656, 33.670567418170073 ], [ -84.364789191682803, 33.670657418771597 ], [ -84.36479619225382, 33.670747418531384 ], [ -84.364819191820047, 33.670835419085982 ], [ -84.36485719235317, 33.670919418341946 ], [ -84.364900192010879, 33.671001418408721 ], [ -84.36490519203376, 33.671091417808533 ], [ -84.364867191500608, 33.67117441801053 ], [ -84.364934192346084, 33.671243418441762 ], [ -84.36498219292497, 33.671324418649817 ], [ -84.365006191417777, 33.671412418613976 ], [ -84.365007192141007, 33.671502418331315 ], [ -84.364978192727008, 33.671588418272229 ], [ -84.364980192376834, 33.671678418553007 ], [ -84.364983191851564, 33.671712418800674 ], [ -84.364989191699337, 33.671768418739546 ], [ -84.36501319198878, 33.671856418249455 ], [ -84.365009191790833, 33.671945418707111 ], [ -84.364976192178872, 33.672031418205052 ], [ -84.364931191973028, 33.672112418418564 ], [ -84.364929192323203, 33.672202418898536 ], [ -84.364984191676484, 33.672279419300885 ], [ -84.365053192171757, 33.672349419131116 ], [ -84.365134192362603, 33.672408418762224 ], [ -84.365230192622093, 33.672448418932532 ], [ -84.365295192021108, 33.672519418908763 ], [ -84.365306191891733, 33.67260841942791 ], [ -84.365311192812939, 33.672698418641218 ], [ -84.365296191845999, 33.672787418975126 ], [ -84.365306191891733, 33.672877418748769 ], [ -84.365349192447766, 33.672959419191457 ], [ -84.365399191778167, 33.673039419000979 ], [ -84.365464192075507, 33.673111418765963 ], [ -84.365508192456431, 33.673193418985527 ], [ -84.365529191474508, 33.67328141853249 ], [ -84.365515192129124, 33.673461419194318 ], [ -84.365532191847578, 33.673550418738593 ], [ -84.365570192380716, 33.673634419080813 ], [ -84.365625192632294, 33.673711418948614 ], [ -84.365696192777406, 33.673778419049292 ], [ -84.365804191834115, 33.673783418898516 ], [ -84.365910192139339, 33.673796419402215 ], [ -84.366015192619642, 33.673817419061592 ], [ -84.366111192879103, 33.673859419112553 ], [ -84.366348191807248, 33.67404241861454 ], [ -84.366453192287565, 33.674058419128471 ], [ -84.366535193201628, 33.674115418552304 ], [ -84.366568192813588, 33.674201418870581 ], [ -84.366625192715006, 33.674374418763541 ], [ -84.366645192806487, 33.674463419605722 ], [ -84.366658193225277, 33.6745524188606 ], [ -84.366659193050197, 33.674642419029759 ], [ -84.366702192707891, 33.674725418794971 ], [ -84.366756193134549, 33.674803419438071 ], [ -84.366826192556459, 33.674871419691733 ], [ -84.3669561922528, 33.675014418829548 ], [ -84.366987193113246, 33.675100418996344 ], [ -84.366977193067513, 33.675190419339565 ], [ -84.366960192450748, 33.675278419833276 ], [ -84.366908193470522, 33.675357419477734 ], [ -84.366820192708659, 33.675408419531365 ], [ -84.366740192342732, 33.675468419555756 ], [ -84.366670192920836, 33.6755364200312 ], [ -84.366636193483984, 33.675621419428481 ], [ -84.366637193308875, 33.675704419743873 ], [ -84.366658193225277, 33.675794419454981 ], [ -84.366672192570661, 33.675883419575008 ], [ -84.366679192243353, 33.676063420023397 ], [ -84.366663192349833, 33.676152419865005 ], [ -84.366632193286023, 33.676238419641258 ], [ -84.366537192851453, 33.676400419542489 ], [ -84.366496192843556, 33.676483419853589 ], [ -84.366418193025766, 33.676544419364632 ], [ -84.366315192195302, 33.676571419024079 ], [ -84.366208192963484, 33.676563419375036 ], [ -84.366104192308086, 33.67658542009012 ], [ -84.366018192094373, 33.676640419610408 ], [ -84.365942191926379, 33.67670342022744 ], [ -84.365880192002109, 33.676775419914883 ], [ -84.365779192618078, 33.676808419408879 ], [ -84.365672192487963, 33.67681641978271 ], [ -84.365567192905971, 33.676837420199682 ], [ -84.365466192623629, 33.676868419203984 ], [ -84.365372192912304, 33.676912419724815 ], [ -84.365282192500615, 33.676961419140021 ], [ -84.365197192111793, 33.677017420146186 ], [ -84.36510719259843, 33.677066419501557 ], [ -84.365025191684353, 33.677124419404201 ], [ -84.364924192300336, 33.677155420547685 ], [ -84.364868192223824, 33.677231420024199 ], [ -84.364791192230939, 33.677294419460637 ], [ -84.364696191796384, 33.677336419308517 ], [ -84.36451019292187, 33.677427420528119 ], [ -84.364319192227839, 33.677512419551292 ], [ -84.364220192493633, 33.677547419212537 ], [ -84.364135192104825, 33.677601420135773 ], [ -84.364067191434444, 33.677679420412723 ], [ -84.364009191708135, 33.677748420109921 ], [ -84.363931191890316, 33.677809420218686 ], [ -84.363637191264132, 33.677923420036258 ], [ -84.363536191880115, 33.677954420144111 ], [ -84.363432192123042, 33.677976419755723 ], [ -84.363325191094603, 33.677989420373059 ], [ -84.363217192037879, 33.677991420065318 ], [ -84.363110191907765, 33.677981420108381 ], [ -84.363010192348654, 33.677949420537445 ], [ -84.36290419204343, 33.677954420144111 ], [ -84.362849191791838, 33.678030420409527 ], [ -84.362762191753205, 33.678082419844202 ], [ -84.362656192346321, 33.678096419916635 ], [ -84.362333191407814, 33.678095419697954 ], [ -84.362257191239834, 33.678159420214371 ], [ -84.362176191048974, 33.678219419814319 ], [ -84.362003191694939, 33.678326419819172 ], [ -84.361822191944952, 33.678423420532958 ], [ -84.361567191676841, 33.678590420372558 ], [ -84.36144019145523, 33.678656420944932 ], [ -84.361415191340882, 33.678696420451644 ], [ -84.361325190929193, 33.67874442013413 ], [ -84.361244191636644, 33.678803420610457 ], [ -84.361154191224969, 33.678853419905479 ], [ -84.361058191863805, 33.678893420068107 ], [ -84.360872191192669, 33.678984420387394 ], [ -84.360773190560138, 33.679020420404953 ], [ -84.360671191351216, 33.679050419909771 ], [ -84.360567191594129, 33.679073420195756 ], [ -84.360357191531847, 33.679112420049179 ], [ -84.360250191401732, 33.679123420828816 ], [ -84.360142191446698, 33.679125420494763 ], [ -84.359604190423028, 33.679150420425998 ], [ -84.359390191061109, 33.679171420272986 ], [ -84.359282191106075, 33.679175420350028 ], [ -84.35917419025273, 33.679173420685302 ], [ -84.359064190647857, 33.679212420493364 ], [ -84.358941190624222, 33.679202420678429 ], [ -84.358837190867149, 33.679179420426884 ], [ -84.358752190478327, 33.679124421035553 ], [ -84.358645190348213, 33.679112420049179 ], [ -84.358430190263064, 33.679096420475666 ], [ -84.358107190222853, 33.679084420980438 ], [ -84.358021190009126, 33.679077420277366 ], [ -84.35778619073082, 33.679053420532448 ], [ -84.357681190250531, 33.679034420324655 ], [ -84.357573190295483, 33.679027421112664 ], [ -84.357251190080206, 33.679044420906678 ], [ -84.357143190125171, 33.67904042082354 ], [ -84.357037189819948, 33.679026420904805 ], [ -84.35693319006289, 33.679003420606179 ], [ -84.356827190656006, 33.679013420444264 ], [ -84.356746190465145, 33.679073420195756 ], [ -84.356651190030576, 33.679114420462881 ], [ -84.356545189725381, 33.679101420763189 ], [ -84.356437190668643, 33.679096420475666 ], [ -84.356329189815312, 33.679100420556196 ], [ -84.3562231904084, 33.679114420462881 ], [ -84.356119189753031, 33.679139420397377 ], [ -84.356018189470674, 33.679170420066804 ], [ -84.355919189736468, 33.679206420006473 ], [ -84.355823189477007, 33.679247420210167 ], [ -84.355640190077224, 33.679342420224117 ], [ -84.355545189642669, 33.679384420566656 ], [ -84.355363190067791, 33.67948142008678 ], [ -84.355280189328795, 33.679539420603021 ], [ -84.355193189290162, 33.679592420821464 ], [ -84.355011189715285, 33.679689420854466 ], [ -84.354726189309929, 33.679815420564452 ], [ -84.354543189910132, 33.679911420895856 ], [ -84.35436819000796, 33.680016420645039 ], [ -84.354198189230317, 33.680127420688954 ], [ -84.354021189678321, 33.680230421281749 ], [ -84.35383118880921, 33.680315420524053 ], [ -84.353732189075018, 33.680350421286931 ], [ -84.353628189317931, 33.680374420669807 ], [ -84.353528189758833, 33.680408421216889 ], [ -84.353425188928341, 33.680432420583628 ], [ -84.353209189018273, 33.680421420718957 ], [ -84.35288618897809, 33.68041342068063 ], [ -84.352779188847975, 33.680402420813529 ], [ -84.352672189616158, 33.680408421216889 ], [ -84.352544188671331, 33.680437420793453 ], [ -84.352092188759698, 33.680443421194425 ], [ -84.351984188804678, 33.680441420811654 ], [ -84.351876188849644, 33.680434420966613 ], [ -84.351770188544435, 33.680422420910588 ], [ -84.351664188239212, 33.680405421389032 ], [ -84.35155918865722, 33.680383420903908 ], [ -84.351457188549972, 33.680355420753983 ], [ -84.351351188244763, 33.680336420833967 ], [ -84.351244189012959, 33.680328420787674 ], [ -84.350921188972762, 33.680338420471642 ], [ -84.350598188034269, 33.680335420641349 ], [ -84.350495188102101, 33.680363420797768 ], [ -84.350390188520123, 33.680381421267278 ], [ -84.350282187666778, 33.680388421116575 ], [ -84.350175188434974, 33.680385421288022 ], [ -84.349962188897948, 33.680353421116713 ], [ -84.349855187869508, 33.680344420879472 ], [ -84.34974818863769, 33.680340420856808 ], [ -84.349697187685777, 33.680340420856808 ], [ -84.34973518732059, 33.676017420077585 ], [ -84.34975018828753, 33.674326420379501 ], [ -84.349825187732293, 33.66579941822156 ], [ -84.349840186902583, 33.664023417682429 ], [ -84.349842187450719, 33.663836417007225 ], [ -84.34984818729852, 33.663098417164065 ], [ -84.349892186781133, 33.662169417047544 ], [ -84.349914187420751, 33.661693416370284 ], [ -84.349918187618698, 33.661602417194445 ], [ -84.349921187093443, 33.661547417029674 ], [ -84.349928186766135, 33.661414417573418 ], [ -84.350010186781901, 33.657813415795601 ], [ -84.350064186310277, 33.655352416409976 ], [ -84.350121187109977, 33.652769414978806 ], [ -84.350205186775554, 33.648967414479394 ], [ -84.350152186173815, 33.647952414053428 ], [ -84.353969187104838, 33.648005413544468 ], [ -84.354060188239743, 33.648006414113041 ], [ -84.354106187372182, 33.648008413754518 ], [ -84.35614918809361, 33.648036413965315 ], [ -84.359102189384373, 33.648077414070571 ], [ -84.35986518964063, 33.648088413584844 ], [ -84.360267189323523, 33.648085413377522 ], [ -84.365332190932705, 33.64812841384601 ], [ -84.365405190727643, 33.64812941366533 ], [ -84.365419190971323, 33.648130413484651 ], [ -84.365452190583298, 33.648131414051775 ], [ -84.369778192225681, 33.648186413069944 ], [ -84.369816192758833, 33.648190413840183 ], [ -84.369992192485924, 33.648189413273748 ], [ -84.370005192006403, 33.648189413273748 ], [ -84.37018219245671, 33.648190413840183 ], [ -84.370220192091551, 33.648190413840183 ], [ -84.370242192731183, 33.648190413840183 ], [ -84.371367192487355, 33.64820841356476 ], [ -84.371803193403764, 33.648210413201532 ], [ -84.379992195109594, 33.648326412995523 ], [ -84.380044194988145, 33.648326412995523 ], [ -84.382306195992683, 33.648340412676454 ], [ -84.38233019628214, 33.648340412676454 ], [ -84.38689619722571, 33.648340412676454 ], [ -84.387135197600301, 33.648340412676454 ], [ -84.387705197512702, 33.648341412493323 ], [ -84.387721198304547, 33.648340412676454 ], [ -84.388171196769704, 33.648341412493323 ], [ -84.388524196947131, 33.648340412676454 ], [ -84.388538198089151, 33.648340412676454 ], [ -84.3886761981814, 33.648337412477922 ], [ -84.38878519796134, 33.648333412462392 ], [ -84.390275198488823, 33.64833441227934 ], [ -84.39114819834991, 33.64833441227934 ], [ -84.391256198304959, 33.648333412462392 ], [ -84.391294197939786, 33.648328412629624 ], [ -84.391470198565202, 33.648328412629624 ], [ -84.391642198094345, 33.648330413011429 ], [ -84.394746198997836, 33.648303412713574 ], [ -84.394898199333809, 33.64831041293008 ], [ -84.395817199225661, 33.648307412730553 ], [ -84.397175200406977, 33.648302412148446 ], [ -84.397402200187699, 33.648302412148446 ], [ -84.39733919954017, 33.648487412553678 ] ] ] ] } },
{ "type": "Feature", "properties": { "STATEFP": "13", "COUNTYFP": "121", "TRACTCE": "007002", "GEOID": "13121007002", "GEOIDFQ": "1400000US13121007002", "NAME": "70.02", "NAMELSAD": "Census Tract 70.02", "MTFCC": "G5020", "FUNCSTAT": "S", "ALAND": 4372851.0, "AWATER": 8153.0, "INTPTLAT": "+33.6920865", "INTPTLON": "-084.3682107", "OBJECTID": 979, "CensusTract": "13121007002", "State": "Georgia", "County": "Fulton County", "Urban": 1, "Pop2010": 2975, "OHU2010": 988, "GroupQuartersFlag": 0, "NUMGQTRS": 0, "PCTGQTRS": 0.0, "LILATracts_1And10": 1, "LILATracts_halfAnd10": 1, "LILATracts_1And20": 1, "LILATracts_Vehicle": 1, "Shape_Length": 14901.42762110568, "Shape_Area": 6345058.1430073893 }, "geometry": { "type": "MultiPolygon", "coordinates": [ [ [ [ -84.385519199371089, 33.701875424206051 ], [ -84.385110199117165, 33.702112424326749 ], [ -84.383781199146512, 33.702883424074329 ], [ -84.382089198054345, 33.703864424773158 ], [ -84.381618197876136, 33.704137425344911 ], [ -84.380850198495352, 33.704582424767409 ], [ -84.380680198616034, 33.704684425289294 ], [ -84.380548198371542, 33.704787425598198 ], [ -84.380436198218561, 33.704906425786817 ], [ -84.380332197563177, 33.705060425478379 ], [ -84.379110197722625, 33.705042425693705 ], [ -84.378615197254987, 33.705051424839212 ], [ -84.378522197368568, 33.705082424878007 ], [ -84.378456198144633, 33.705120425729945 ], [ -84.377249196576074, 33.706085425761536 ], [ -84.376414197248124, 33.706752425764329 ], [ -84.375352197241142, 33.707601425738027 ], [ -84.374869197367374, 33.707993426037099 ], [ -84.374771197458088, 33.708090426149511 ], [ -84.374727197077164, 33.708134426380077 ], [ -84.374601196680473, 33.708286425780344 ], [ -84.374228196411551, 33.70879442638644 ], [ -84.374096196167073, 33.709000426737994 ], [ -84.373953196950268, 33.709289426612301 ], [ -84.373850197018101, 33.709590425982746 ], [ -84.373789196918736, 33.70989842697486 ], [ -84.373785196720775, 33.709956427140028 ], [ -84.373438196391135, 33.70983342633096 ], [ -84.371957196084495, 33.709307426254234 ], [ -84.371758195892866, 33.709239426341611 ], [ -84.371434196027764, 33.709118426462801 ], [ -84.371000195659491, 33.708976426381476 ], [ -84.370178195852034, 33.708643426253893 ], [ -84.369990195531045, 33.708554425680212 ], [ -84.36946819529922, 33.708179426456681 ], [ -84.369330196105281, 33.708092425888751 ], [ -84.368931194998794, 33.707793425498018 ], [ -84.3686501947914, 33.707518426331681 ], [ -84.368630194699904, 33.707511426450097 ], [ -84.368228195017011, 33.707076426071154 ], [ -84.368036194498089, 33.706811426444013 ], [ -84.367853194199981, 33.70652942566641 ], [ -84.367660194754436, 33.706163425597957 ], [ -84.367285193937377, 33.705356425216642 ], [ -84.3669191942395, 33.704707426188889 ], [ -84.366867194360978, 33.704614424885555 ], [ -84.36652719370403, 33.704086425895241 ], [ -84.36608419401324, 33.703569425046943 ], [ -84.365810194376849, 33.7033034258844 ], [ -84.365479193940743, 33.703011425512578 ], [ -84.36502919367895, 33.702699425502793 ], [ -84.36458619398816, 33.702379424871367 ], [ -84.363854192795756, 33.701816425367277 ], [ -84.36384819384628, 33.701808425078262 ], [ -84.363738193343096, 33.701673424479473 ], [ -84.363649193654638, 33.701543424892641 ], [ -84.36356419326583, 33.701446424860031 ], [ -84.363448192914873, 33.701332425598501 ], [ -84.362640193351098, 33.700571424955079 ], [ -84.362093193004938, 33.699994424571926 ], [ -84.361889192790429, 33.699786424361697 ], [ -84.361303192086183, 33.699152424710249 ], [ -84.360420192179362, 33.698295425064202 ], [ -84.360273191866256, 33.698144424411701 ], [ -84.359854191566598, 33.697781424459691 ], [ -84.359990192009036, 33.69757842408346 ], [ -84.360067192001935, 33.697426424419199 ], [ -84.360124192801649, 33.69720542401955 ], [ -84.360132191400936, 33.696917423846244 ], [ -84.360266192193563, 33.696919423845586 ], [ -84.360319192795316, 33.697180424855041 ], [ -84.360398192438055, 33.697432424381546 ], [ -84.360502192195113, 33.697671424782911 ], [ -84.360632192789765, 33.697908423795795 ], [ -84.360773192356774, 33.6981154248301 ], [ -84.360931192540519, 33.698308424850595 ], [ -84.361817192820411, 33.699241424562864 ], [ -84.361870192523853, 33.699217424468934 ], [ -84.361930192798326, 33.699208424712246 ], [ -84.364997193891895, 33.699238424644911 ], [ -84.365034193701817, 33.698812424768718 ], [ -84.365037194074858, 33.698697424275153 ], [ -84.365069193861913, 33.698611423798951 ], [ -84.3651251930401, 33.698534423812276 ], [ -84.365171193969161, 33.698453423829477 ], [ -84.365209193604002, 33.698368424586597 ], [ -84.365238193018016, 33.698281423797276 ], [ -84.365244193764099, 33.698192424444954 ], [ -84.365217193101614, 33.69801342398199 ], [ -84.365205193406041, 33.697970423786018 ], [ -84.365209193604002, 33.69794842405981 ], [ -84.365193193710468, 33.697925423592636 ], [ -84.365194193535388, 33.697876424169088 ], [ -84.365194193535388, 33.697835423882552 ], [ -84.365217193101614, 33.697747424805605 ], [ -84.365261193482539, 33.69766542408987 ], [ -84.365332193627651, 33.697598423920923 ], [ -84.365422194039326, 33.697549424310878 ], [ -84.365579193499855, 33.697426424419199 ], [ -84.365609193637084, 33.697340423418154 ], [ -84.365592193020319, 33.697251423838487 ], [ -84.365645193622086, 33.697174424127709 ], [ -84.365731193835828, 33.697120424289409 ], [ -84.365779194414714, 33.697040424466536 ], [ -84.365779194414714, 33.696951423828729 ], [ -84.365733193485639, 33.696870424595666 ], [ -84.365663194063757, 33.696700423641033 ], [ -84.365580193324774, 33.696533423857353 ], [ -84.365532193644185, 33.696448423462371 ], [ -84.365459193849262, 33.696283423950462 ], [ -84.365427194062207, 33.696197424047512 ], [ -84.36537419346044, 33.696118423374294 ], [ -84.365308193338208, 33.696047424202014 ], [ -84.365230193520404, 33.695986423582042 ], [ -84.364426193256278, 33.695256423266422 ], [ -84.364338193392726, 33.695204423756749 ], [ -84.364243192958156, 33.695162423669849 ], [ -84.364142193574139, 33.695131423788332 ], [ -84.364046193314678, 33.695090423686707 ], [ -84.36395519307807, 33.695041423393825 ], [ -84.363870193587587, 33.694986423687624 ], [ -84.363791193046566, 33.694925423061825 ], [ -84.363742192642746, 33.694878424216462 ], [ -84.363720192901425, 33.694857423722226 ], [ -84.363656193327344, 33.694784424206446 ], [ -84.363382192792656, 33.694507423698127 ], [ -84.363254192746126, 33.694361423262436 ], [ -84.363080192668846, 33.694133423723997 ], [ -84.363007192873908, 33.694068423108867 ], [ -84.36291819228714, 33.694016423627694 ], [ -84.362819192552934, 33.693981423944798 ], [ -84.362714192970955, 33.693963424080998 ], [ -84.362621193084536, 33.693917423249239 ], [ -84.362544193091637, 33.693855423324095 ], [ -84.362433192763561, 33.693700422941781 ], [ -84.3623371925041, 33.693539422793606 ], [ -84.362296192496203, 33.693456424001319 ], [ -84.362229192549052, 33.693386423417671 ], [ -84.362147192533286, 33.693327423233846 ], [ -84.362077192213079, 33.693258423334868 ], [ -84.362017192836944, 33.693184423912371 ], [ -84.361993192547516, 33.693144423672848 ], [ -84.361968192433139, 33.693103423370573 ], [ -84.361845192409504, 33.692853423948129 ], [ -84.361793192530968, 33.692774423937536 ], [ -84.361733192256509, 33.692699422554689 ], [ -84.361667193032574, 33.692629422849258 ], [ -84.361593191616095, 33.692563422540935 ], [ -84.361191191933202, 33.692263423354355 ], [ -84.361117192313358, 33.692197422764941 ], [ -84.361051192191113, 33.692126423342607 ], [ -84.360993191566479, 33.692050423580149 ], [ -84.360947191535729, 33.691969423464286 ], [ -84.360916191573594, 33.691882422922617 ], [ -84.360836192105964, 33.691824422512596 ], [ -84.360731191625675, 33.691807423003588 ], [ -84.360633192614685, 33.691771423108868 ], [ -84.360544192027902, 33.69171942298513 ], [ -84.360469191684842, 33.691655422847226 ], [ -84.360414192331561, 33.69157842335386 ], [ -84.360383191471115, 33.691492422479179 ], [ -84.360378192346545, 33.691402422757911 ], [ -84.360398192438055, 33.691313423754792 ], [ -84.360404191387516, 33.691133423095692 ], [ -84.360361191729794, 33.691051422795034 ], [ -84.360283191013679, 33.690991423181735 ], [ -84.360181191804742, 33.690962423428424 ], [ -84.360156191690407, 33.690953422807034 ], [ -84.360082192070536, 33.690926422432284 ], [ -84.359980191963302, 33.690898422726711 ], [ -84.359875191482999, 33.690878422824646 ], [ -84.359536191549296, 33.69085142242632 ], [ -84.359335191707828, 33.690768422532756 ], [ -84.359164191105307, 33.690542422578474 ], [ -84.35880719072992, 33.69042142252399 ], [ -84.358446191054895, 33.690286422719296 ], [ -84.358133191060446, 33.690088422223546 ], [ -84.357848190655105, 33.689988422471671 ], [ -84.357542191231659, 33.689899422751701 ], [ -84.357444190424047, 33.689863422805189 ], [ -84.357348191062897, 33.689821423097634 ], [ -84.357256191001383, 33.689774422208259 ], [ -84.356874190511647, 33.689608422503142 ], [ -84.356676190144952, 33.689535423013062 ], [ -84.356474190478579, 33.68947242282993 ], [ -84.35636719034845, 33.689468422484545 ], [ -84.356261190941552, 33.689483422283907 ], [ -84.356182190400531, 33.689421422896984 ], [ -84.356125190499128, 33.689345422237331 ], [ -84.356084190491231, 33.689262423131716 ], [ -84.356064190399749, 33.689173422659884 ], [ -84.356011190696307, 33.689095422346988 ], [ -84.355944190749142, 33.689025422695813 ], [ -84.355863190558296, 33.688965422415556 ], [ -84.355589190023608, 33.6888224225629 ], [ -84.355401190600944, 33.688734422477808 ], [ -84.355346190349337, 33.688644422110734 ], [ -84.355182190317834, 33.68855142210581 ], [ -84.354959189836748, 33.688391422127047 ], [ -84.354228190265871, 33.687694422122327 ], [ -84.354135190379466, 33.687588422673073 ], [ -84.353599189005621, 33.687094422345218 ], [ -84.353475190055363, 33.686993421984532 ], [ -84.353392189316381, 33.686936422128277 ], [ -84.353234189132635, 33.686813421994898 ], [ -84.353159189687872, 33.686749422688429 ], [ -84.352952189100321, 33.686541421810261 ], [ -84.352800188764363, 33.686414422119086 ], [ -84.352718188748597, 33.686355422381148 ], [ -84.352633189258086, 33.686300422348289 ], [ -84.352574189706871, 33.686224421918794 ], [ -84.352536189173733, 33.686140422664138 ], [ -84.352509189409545, 33.685962421890011 ], [ -84.352496188990756, 33.685782421983767 ], [ -84.352480189995532, 33.685693422393342 ], [ -84.352457189530995, 33.685605422094604 ], [ -84.352402189279431, 33.685430422107643 ], [ -84.352361189271534, 33.685253421493655 ], [ -84.352358188898478, 33.685163421966571 ], [ -84.352344189553094, 33.685074421735244 ], [ -84.352322189811787, 33.68498642229774 ], [ -84.352291188951327, 33.684899421414741 ], [ -84.352312188867728, 33.684812421938709 ], [ -84.352372189142187, 33.684738421971353 ], [ -84.352556189265201, 33.684644422082599 ], [ -84.352653189349596, 33.684605422496197 ], [ -84.352735189365347, 33.684547421660277 ], [ -84.35280618951046, 33.684479421584022 ], [ -84.35285618884086, 33.684400422098477 ], [ -84.35288518915317, 33.684313421369893 ], [ -84.352898188673649, 33.68422442175347 ], [ -84.352894189373998, 33.684134421896538 ], [ -84.352873188559286, 33.684045421347285 ], [ -84.352841188772231, 33.683959421904916 ], [ -84.352797189289632, 33.68387742148721 ], [ -84.352741189213134, 33.683800421753091 ], [ -84.352718188748597, 33.683712421011435 ], [ -84.3526831885885, 33.683627422137725 ], [ -84.352642188580617, 33.683544421995599 ], [ -84.352616189539674, 33.683365421668441 ], [ -84.352596189448178, 33.683185421556601 ], [ -84.352558189813337, 33.683008420805052 ], [ -84.352558189813337, 33.682983421995594 ], [ -84.352560188564851, 33.682918421170008 ], [ -84.352577189181602, 33.682829421604367 ], [ -84.352581188481238, 33.682739421034405 ], [ -84.352579189729738, 33.682649421865207 ], [ -84.352589188877161, 33.682559421106809 ], [ -84.352637189456061, 33.682292421018474 ], [ -84.352630188885044, 33.682202421381376 ], [ -84.352609188968657, 33.682114421246418 ], [ -84.352625188862163, 33.682025421595888 ], [ -84.352633189258086, 33.681845420920915 ], [ -84.352624189037272, 33.681665420616525 ], [ -84.352575189531777, 33.681585420609437 ], [ -84.352537188998625, 33.68150042112773 ], [ -84.352508188686315, 33.681414421381902 ], [ -84.352496188990756, 33.68132442157313 ], [ -84.352504188488354, 33.681234420922664 ], [ -84.352530189325932, 33.681147421475053 ], [ -84.352534189523894, 33.681057420639284 ], [ -84.352526189127971, 33.680967421204322 ], [ -84.352538189721855, 33.680878421113931 ], [ -84.352558188915026, 33.680789420931447 ], [ -84.352586188504119, 33.680702421033537 ], [ -84.352587189227336, 33.680612420479456 ], [ -84.352570188610585, 33.680523420769092 ], [ -84.352544188671331, 33.680437420793453 ], [ -84.352672189616158, 33.680408421216889 ], [ -84.352779188847975, 33.680402420813529 ], [ -84.35288618897809, 33.68041342068063 ], [ -84.353209189018273, 33.680421420718957 ], [ -84.353425188928341, 33.680432420583628 ], [ -84.353528189758833, 33.680408421216889 ], [ -84.353628189317931, 33.680374420669807 ], [ -84.353732189075018, 33.680350421286931 ], [ -84.35383118880921, 33.680315420524053 ], [ -84.354021189678321, 33.680230421281749 ], [ -84.354198189230317, 33.680127420688954 ], [ -84.35436819000796, 33.680016420645039 ], [ -84.354543189910132, 33.679911420895856 ], [ -84.354726189309929, 33.679815420564452 ], [ -84.355011189715285, 33.679689420854466 ], [ -84.355193189290162, 33.679592420821464 ], [ -84.355280189328795, 33.679539420603021 ], [ -84.355363190067791, 33.67948142008678 ], [ -84.355545189642669, 33.679384420566656 ], [ -84.355640190077224, 33.679342420224117 ], [ -84.355823189477007, 33.679247420210167 ], [ -84.355919189736468, 33.679206420006473 ], [ -84.356018189470674, 33.679170420066804 ], [ -84.356119189753031, 33.679139420397377 ], [ -84.3562231904084, 33.679114420462881 ], [ -84.356329189815312, 33.679100420556196 ], [ -84.356437190668643, 33.679096420475666 ], [ -84.356545189725381, 33.679101420763189 ], [ -84.356651190030576, 33.679114420462881 ], [ -84.356746190465145, 33.679073420195756 ], [ -84.356827190656006, 33.679013420444264 ], [ -84.35693319006289, 33.679003420606179 ], [ -84.357037189819948, 33.679026420904805 ], [ -84.357143190125171, 33.67904042082354 ], [ -84.357251190080206, 33.679044420906678 ], [ -84.357573190295483, 33.679027421112664 ], [ -84.357681190250531, 33.679034420324655 ], [ -84.35778619073082, 33.679053420532448 ], [ -84.358021190009126, 33.679077420277366 ], [ -84.358107190222853, 33.679084420980438 ], [ -84.358430190263064, 33.679096420475666 ], [ -84.358645190348213, 33.679112420049179 ], [ -84.358752190478327, 33.679124421035553 ], [ -84.358837190867149, 33.679179420426884 ], [ -84.358941190624222, 33.679202420678429 ], [ -84.359064190647857, 33.679212420493364 ], [ -84.359152190511409, 33.679320420962014 ], [ -84.359329190961731, 33.679423420278951 ], [ -84.359512191259839, 33.679518420098432 ], [ -84.359702190332314, 33.679603420792134 ], [ -84.359801190964831, 33.679640420751284 ], [ -84.360003191529529, 33.679702420465254 ], [ -84.360197190799965, 33.679780420331269 ], [ -84.360478191007346, 33.67991442074095 ], [ -84.360752190643751, 33.680057420462468 ], [ -84.361020191330667, 33.680209420945936 ], [ -84.361451192224209, 33.680479420601081 ], [ -84.361542191562478, 33.68052842097363 ], [ -84.361636191273817, 33.680572420369032 ], [ -84.361832191990715, 33.680646420932419 ], [ -84.361928191351851, 33.680688420637942 ], [ -84.362019191588459, 33.680736420703411 ], [ -84.362101191604225, 33.680795420560258 ], [ -84.362172191749323, 33.680862420374027 ], [ -84.362254191765089, 33.680921420144401 ], [ -84.362344192176792, 33.680970421012574 ], [ -84.362441192261159, 33.681010420937824 ], [ -84.362543192368406, 33.681039420311322 ], [ -84.362648191950385, 33.681056420455057 ], [ -84.362750192057661, 33.681087420928371 ], [ -84.362848191966947, 33.681124420996355 ], [ -84.362942191678258, 33.681168420834268 ], [ -84.363031192265041, 33.68121842024896 ], [ -84.363130191999247, 33.68125542026057 ], [ -84.363232192106494, 33.681284421046506 ], [ -84.363329192190889, 33.681323420644468 ], [ -84.3634231919022, 33.681367421128073 ], [ -84.363513192313889, 33.681417420427032 ], [ -84.363599191629305, 33.681471420414667 ], [ -84.363680191820151, 33.68153142069341 ], [ -84.363765192208973, 33.681586420787525 ], [ -84.364031192347753, 33.681740420415409 ], [ -84.364216192295672, 33.681832420886629 ], [ -84.364499192152891, 33.681963420567087 ], [ -84.365176193093731, 33.68224142131043 ], [ -84.365462193323992, 33.682368420439353 ], [ -84.365544193339758, 33.682403420366427 ], [ -84.365655192769509, 33.682447421044749 ], [ -84.366251192621192, 33.682658420366103 ], [ -84.366455192835687, 33.68271742039903 ], [ -84.366664193073049, 33.682759420587793 ], [ -84.366767193005217, 33.682787421449738 ], [ -84.366866193637733, 33.682823421369925 ], [ -84.366960193349072, 33.682866420922636 ], [ -84.367050192862436, 33.682916420844826 ], [ -84.367147193845142, 33.682955421197491 ], [ -84.367249193054064, 33.682984421409898 ], [ -84.367355193359288, 33.68300142116901 ], [ -84.367561193223608, 33.683053420587207 ], [ -84.36766119368103, 33.683087420822318 ], [ -84.36805419404142, 33.683236421452143 ], [ -84.368361193289758, 33.683343420445745 ], [ -84.368395194523274, 33.683344420603383 ], [ -84.369199193889074, 33.68360542098209 ], [ -84.36970619405227, 33.683758421325408 ], [ -84.370425193927602, 33.683950421297666 ], [ -84.370730194424425, 33.684041420749317 ], [ -84.37082819433374, 33.684079420442529 ], [ -84.370922194943375, 33.684122420861954 ], [ -84.371012194456753, 33.684172421548645 ], [ -84.371185193810803, 33.68427942087218 ], [ -84.371365194634166, 33.684378421140678 ], [ -84.371552195130235, 33.684468421489719 ], [ -84.372125194517352, 33.684719421524996 ], [ -84.372401194701879, 33.684859421056544 ], [ -84.372845195115886, 33.685115420635427 ], [ -84.373121195300413, 33.685256421152346 ], [ -84.373207195514141, 33.685310420971028 ], [ -84.373286195156851, 33.685371420946851 ], [ -84.373508194914692, 33.685568420965232 ], [ -84.373966195572407, 33.685950421858124 ], [ -84.374752196293201, 33.686567421200117 ], [ -84.375308195961892, 33.686994421352267 ], [ -84.376231196051705, 33.687616421214628 ], [ -84.376469195703066, 33.687798421976694 ], [ -84.37662019621412, 33.687928421430819 ], [ -84.376699196755169, 33.687988421687528 ], [ -84.376867196086351, 33.68810142135964 ], [ -84.377047196909714, 33.688201421812131 ], [ -84.377147196468812, 33.688266421632719 ], [ -84.376925196710971, 33.688436422081125 ], [ -84.37662019621412, 33.688643421267308 ], [ -84.376485196494926, 33.688710421691489 ], [ -84.376341196554861, 33.688762421393456 ], [ -84.37614819621102, 33.688808421994807 ], [ -84.375933196125871, 33.688829421724932 ], [ -84.374263195673336, 33.688817422093315 ], [ -84.374193195353143, 33.688826422190878 ], [ -84.37392819593758, 33.688834422193814 ], [ -84.373901195275096, 33.690462421863536 ], [ -84.373884195556656, 33.691515422426008 ], [ -84.37384919629487, 33.693700422941781 ], [ -84.37383319640135, 33.694662423372208 ], [ -84.373819195259316, 33.695563424070862 ], [ -84.37380219554089, 33.696646423504838 ], [ -84.373818195434424, 33.696778423030509 ], [ -84.373860196165538, 33.69691042384818 ], [ -84.376150196759156, 33.696930423841131 ], [ -84.378122197335486, 33.696948423830811 ], [ -84.379047197075124, 33.696956423077609 ], [ -84.380361197875487, 33.696965423817595 ], [ -84.380342197608911, 33.698005423338877 ], [ -84.381489198004715, 33.698005423338877 ], [ -84.381496198575732, 33.698800424288983 ], [ -84.381555199025271, 33.699089424103846 ], [ -84.381566197997614, 33.699216423748638 ], [ -84.381545198081213, 33.701191424552334 ], [ -84.381474198834425, 33.701685424557908 ], [ -84.381458198940905, 33.70210342412598 ], [ -84.382075198708961, 33.702194424534675 ], [ -84.382580198324021, 33.702246424297947 ], [ -84.383243199021152, 33.702311424705066 ], [ -84.383584199502991, 33.702361424524838 ], [ -84.383848199093663, 33.702400424274416 ], [ -84.384003198904352, 33.702398424402666 ], [ -84.384134198425585, 33.702367424889879 ], [ -84.384305199926459, 33.702289424595747 ], [ -84.384520200011607, 33.7021684246413 ], [ -84.384798198947635, 33.701985424478977 ], [ -84.384964199527303, 33.701911424351671 ], [ -84.385098199421606, 33.701875424206051 ], [ -84.385238200061991, 33.701857424501263 ], [ -84.385379199629, 33.701856424559075 ], [ -84.385519199371089, 33.701875424206051 ] ] ] ] } },
{ "type": "Feature", "properties": { "STATEFP": "13", "COUNTYFP": "135", "TRACTCE": "050537", "GEOID": "13135050537", "GEOIDFQ": "1400000US13135050537", "NAME": "505.37", "NAMELSAD": "Census Tract 505.37", "MTFCC": "G5020", "FUNCSTAT": "S", "ALAND": 3492412.0, "AWATER": 7622.0, "INTPTLAT": "+33.9575913", "INTPTLON": "-084.0974519", "OBJECTID": 1240, "CensusTract": "13135050537", "State": "Georgia", "County": "Gwinnett County", "Urban": 1, "Pop2010": 4456, "OHU2010": 1624, "GroupQuartersFlag": 0, "NUMGQTRS": 0, "PCTGQTRS": 0.0, "LILATracts_1And10": 1, "LILATracts_halfAnd10": 1, "LILATracts_1And20": 1, "LILATracts_Vehicle": 0, "Shape_Length": 9793.863559983778, "Shape_Area": 5100214.6067296565 }, "geometry": { "type": "MultiPolygon", "coordinates": [ [ [ [ -84.114280135260813, 33.959487489293871 ], [ -84.112361134387939, 33.960279490220763 ], [ -84.109247133438686, 33.961564490192764 ], [ -84.108417134133603, 33.96187649081979 ], [ -84.107737132819722, 33.962104490497076 ], [ -84.107193132846589, 33.962287490472363 ], [ -84.106589132599012, 33.962461490401303 ], [ -84.105553132531298, 33.962683489999506 ], [ -84.104376131998265, 33.96286749083832 ], [ -84.104102132361902, 33.962921490717385 ], [ -84.10322813177757, 33.963025490884625 ], [ -84.101122131306937, 33.963478491319144 ], [ -84.099430130214799, 33.963832490339641 ], [ -84.096754130730091, 33.964229491472778 ], [ -84.096440130012411, 33.964230491330667 ], [ -84.095859130229357, 33.964191490904014 ], [ -84.095344129670252, 33.964135491368161 ], [ -84.095119129539341, 33.964117491669121 ], [ -84.094894129408445, 33.964099491221326 ], [ -84.09469012919395, 33.964077491331004 ], [ -84.092873129326648, 33.963886491841293 ], [ -84.089414127697594, 33.963517492072697 ], [ -84.089045127626633, 33.963478492064205 ], [ -84.088808127800192, 33.963453491667238 ], [ -84.087612127000583, 33.963329490930981 ], [ -84.087227127036101, 33.963282491884478 ], [ -84.086660126598446, 33.963223491395979 ], [ -84.083954126078197, 33.962948491761651 ], [ -84.082855125362983, 33.96283149164492 ], [ -84.079494125439851, 33.962475491681865 ], [ -84.079675124291484, 33.961786491386782 ], [ -84.079946125351455, 33.96053549067453 ], [ -84.080148125017814, 33.959895490330894 ], [ -84.080690124442825, 33.959089490699434 ], [ -84.08082912525829, 33.958883490141538 ], [ -84.08098412506898, 33.958577490750308 ], [ -84.081150125648662, 33.957912490788928 ], [ -84.081295124515293, 33.956817490243814 ], [ -84.081379125079195, 33.956470489989876 ], [ -84.081446125924671, 33.956262490638778 ], [ -84.08177712546248, 33.955690490360212 ], [ -84.081882125044444, 33.95549749000174 ], [ -84.08207112608865, 33.955148490396212 ], [ -84.082139124962396, 33.954963489288275 ], [ -84.082441125984502, 33.954138488835532 ], [ -84.08256412510984, 33.953697489117182 ], [ -84.082592125597245, 33.953383489075371 ], [ -84.082679124737567, 33.952451489413193 ], [ -84.082697125179223, 33.95215348924318 ], [ -84.082820125202872, 33.95101548928951 ], [ -84.082849125515196, 33.950664489150888 ], [ -84.082870125431597, 33.950058489166409 ], [ -84.082788125415831, 33.949479487950157 ], [ -84.08314512489288, 33.949544488465747 ], [ -84.08527412582805, 33.949932488229337 ], [ -84.085635126401385, 33.949975488587874 ], [ -84.085863126007013, 33.950003487804508 ], [ -84.08643912666551, 33.949974488562461 ], [ -84.08683012647775, 33.949899488857987 ], [ -84.087206126221403, 33.949795488294001 ], [ -84.088316126807271, 33.949455488687356 ], [ -84.089490126967235, 33.949169488132931 ], [ -84.089526126952251, 33.949160488563678 ], [ -84.089967127891541, 33.949100488678596 ], [ -84.090391127315755, 33.949082488779347 ], [ -84.090426127475851, 33.949078487890446 ], [ -84.090477127529482, 33.949072487674549 ], [ -84.091137127853571, 33.949001488067886 ], [ -84.091897127736743, 33.949005488215207 ], [ -84.092134128461524, 33.949010487653943 ], [ -84.092386128356608, 33.949044488151564 ], [ -84.093022128391226, 33.94922848793513 ], [ -84.09385812844242, 33.949516487607724 ], [ -84.094473128560665, 33.949812488015134 ], [ -84.094822129438413, 33.949975488587874 ], [ -84.094938128891073, 33.950039488699986 ], [ -84.095088128678881, 33.950122487725785 ], [ -84.095371129434426, 33.950228487935071 ], [ -84.096257128815992, 33.9504774879425 ], [ -84.098776129738496, 33.951078487861899 ], [ -84.098966129709282, 33.951131488505411 ], [ -84.100131129648432, 33.951424488486708 ], [ -84.100208130539642, 33.951453487979826 ], [ -84.100347130456825, 33.951485488231306 ], [ -84.100419130426857, 33.951502488360028 ], [ -84.100746130664987, 33.951597488271545 ], [ -84.101101130492225, 33.951684488034765 ], [ -84.101266130348677, 33.951725488243518 ], [ -84.101513131119177, 33.951787488521646 ], [ -84.101677130252398, 33.951893488892523 ], [ -84.102468130996058, 33.952306488333072 ], [ -84.102963131463696, 33.952712488797346 ], [ -84.103395131283818, 33.953241488054232 ], [ -84.104031132216775, 33.954019489314106 ], [ -84.104455131640989, 33.954573488675678 ], [ -84.104654131832618, 33.954832489065964 ], [ -84.105165131295479, 33.955451488824714 ], [ -84.105395132347553, 33.955653488916205 ], [ -84.105672131458675, 33.955857488440799 ], [ -84.105986132176355, 33.956012488976128 ], [ -84.106053132123506, 33.956037489324473 ], [ -84.106349132399501, 33.95614948858934 ], [ -84.106864132060309, 33.95628948932584 ], [ -84.107719132378065, 33.956556488548493 ], [ -84.108699133267606, 33.95697348897351 ], [ -84.110383133963822, 33.957905489028342 ], [ -84.110670134019003, 33.95805548990613 ], [ -84.111607134352539, 33.958568489195621 ], [ -84.112594134016433, 33.958878489047557 ], [ -84.113434134265574, 33.959077489443587 ], [ -84.113902134070713, 33.959304490000982 ], [ -84.114280135260813, 33.959487489293871 ] ] ] ] } },
{ "type": "Feature", "properties": { "STATEFP": "13", "COUNTYFP": "121", "TRACTCE": "006602", "GEOID": "13121006602", "GEOIDFQ": "1400000US13121006602", "NAME": "66.02", "NAMELSAD": "Census Tract 66.02", "MTFCC": "G5020", "FUNCSTAT": "S", "ALAND": 632427.0, "AWATER": 0.0, "INTPTLAT": "+33.7186263", "INTPTLON": "-084.4286682", "OBJECTID": 973, "CensusTract": "13121006602", "State": "Georgia", "County": "Fulton County", "Urban": 1, "Pop2010": 1129, "OHU2010": 380, "GroupQuartersFlag": 0, "NUMGQTRS": 4, "PCTGQTRS": 0.354295837, "LILATracts_1And10": 1, "LILATracts_halfAnd10": 1, "LILATracts_1And20": 1, "LILATracts_Vehicle": 1, "Shape_Length": 4156.4563560982087, "Shape_Area": 916484.11864936014 }, "geometry": { "type": "MultiPolygon", "coordinates": [ [ [ [ -84.433175214164152, 33.714841425479307 ], [ -84.432511213642101, 33.715148425036617 ], [ -84.432582213787214, 33.715256425924522 ], [ -84.432757213689399, 33.715635425502363 ], [ -84.432786214001709, 33.715725425990321 ], [ -84.432795214222537, 33.715817425195993 ], [ -84.432781213978828, 33.717488425564923 ], [ -84.432739214146039, 33.717714426366278 ], [ -84.432599213505654, 33.718146426652488 ], [ -84.432558213497771, 33.718440426621257 ], [ -84.432529214083772, 33.722409427029106 ], [ -84.430817213798449, 33.722364426938171 ], [ -84.430731213584707, 33.72236242678413 ], [ -84.428643212657448, 33.722302426624765 ], [ -84.427431212862629, 33.722264426651634 ], [ -84.425383212118319, 33.722270427120385 ], [ -84.425289212406994, 33.722271426824889 ], [ -84.423014211881977, 33.722281427605147 ], [ -84.423370212432445, 33.721816427075829 ], [ -84.42348121186221, 33.721626426713144 ], [ -84.423697211772279, 33.721257426836431 ], [ -84.423913211682347, 33.720814427337267 ], [ -84.424034211157846, 33.720519426807499 ], [ -84.424359211746179, 33.719573426299867 ], [ -84.424827212449628, 33.718216426487288 ], [ -84.425310211425071, 33.716814426135826 ], [ -84.425593212180615, 33.715992426060765 ], [ -84.425885212258663, 33.715143426099218 ], [ -84.426059212335929, 33.714637426023152 ], [ -84.427195211962768, 33.714635425689096 ], [ -84.428223212532885, 33.714530425645783 ], [ -84.42935521286006, 33.714549425478118 ], [ -84.430076213283513, 33.714549425478118 ], [ -84.431178213473459, 33.714558425869193 ], [ -84.433849213833611, 33.714591425053221 ], [ -84.433175214164152, 33.714841425479307 ] ] ] ] } },
{ "type": "Feature", "properties": { "STATEFP": "13", "COUNTYFP": "097", "TRACTCE": "080505", "GEOID": "13097080505", "GEOIDFQ": "1400000US13097080505", "NAME": "805.05", "NAMELSAD": "Census Tract 805.05", "MTFCC": "G5020", "FUNCSTAT": "S", "ALAND": 9911327.0, "AWATER": 0.0, "INTPTLAT": "+33.7109659", "INTPTLON": "-084.7882080", "OBJECTID": 784, "CensusTract": "13097080505", "State": "Georgia", "County": "Douglas County", "Urban": 1, "Pop2010": 4293, "OHU2010": 1632, "GroupQuartersFlag": 0, "NUMGQTRS": 0, "PCTGQTRS": 0.0, "LILATracts_1And10": 1, "LILATracts_halfAnd10": 1, "LILATracts_1And20": 1, "LILATracts_Vehicle": 0, "Shape_Length": 17533.659275451304, "Shape_Area": 14360442.419163087 }, "geometry": { "type": "MultiPolygon", "coordinates": [ [ [ [ -84.813673323687993, 33.706397408988884 ], [ -84.809658322390263, 33.711393411019124 ], [ -84.806652321396044, 33.710991409946779 ], [ -84.798733320026955, 33.714287410941111 ], [ -84.798724319806112, 33.717884412631385 ], [ -84.794836318729963, 33.721234413184554 ], [ -84.79301431794147, 33.72251141384848 ], [ -84.79254031739022, 33.722924414435518 ], [ -84.792296317891058, 33.723137413865736 ], [ -84.789494317111362, 33.726834414892359 ], [ -84.788771317936394, 33.726591414843782 ], [ -84.788512317470321, 33.726531414652086 ], [ -84.787683316193522, 33.726301414524855 ], [ -84.787283317058765, 33.726216414451756 ], [ -84.786659316719692, 33.72605341466506 ], [ -84.786155316929523, 33.725948415138127 ], [ -84.78609631647997, 33.725936414714361 ], [ -84.785717316363304, 33.725872413920328 ], [ -84.78548631638462, 33.72583841417957 ], [ -84.785165315994249, 33.725829414971059 ], [ -84.784845316327122, 33.725834414033365 ], [ -84.784742315496644, 33.725840414252552 ], [ -84.784631316066864, 33.725846414471384 ], [ -84.784440316271173, 33.725861414642928 ], [ -84.784286316285375, 33.725890415315874 ], [ -84.783973316290925, 33.725950414461451 ], [ -84.783650315352418, 33.725970414416352 ], [ -84.783368316218414, 33.725976414626039 ], [ -84.783235315250721, 33.725954414602199 ], [ -84.782913315933754, 33.725866415197665 ], [ -84.782310315511097, 33.725726414498631 ], [ -84.782037315699611, 33.725658414140781 ], [ -84.781746315446483, 33.725611414927698 ], [ -84.781455315193341, 33.725559414369457 ], [ -84.780486314174453, 33.725393414330632 ], [ -84.779944314749457, 33.725277414644026 ], [ -84.779425314890702, 33.725179414851013 ], [ -84.779002313494757, 33.725123414598841 ], [ -84.778399313970411, 33.725025414629997 ], [ -84.777774313806418, 33.724993413899341 ], [ -84.77739131349179, 33.724993413899341 ], [ -84.776871313808101, 33.725009415386893 ], [ -84.776863313412179, 33.724596415119038 ], [ -84.776842313495791, 33.723561414750193 ], [ -84.776832313450029, 33.723237414629594 ], [ -84.775650312894143, 33.723647414899631 ], [ -84.775048313194702, 33.723852414300246 ], [ -84.774756313116654, 33.723955414780143 ], [ -84.766091311209749, 33.727013415804002 ], [ -84.765114310693249, 33.727341415942178 ], [ -84.764430310079717, 33.727531415608219 ], [ -84.762263309509734, 33.727913415944577 ], [ -84.762137309113044, 33.727941415538545 ], [ -84.762129309615432, 33.727380415554038 ], [ -84.762129309615432, 33.727261415878274 ], [ -84.762133308915082, 33.725982415582443 ], [ -84.762083309584682, 33.725365414652472 ], [ -84.762112309897006, 33.72482941510377 ], [ -84.762324309609113, 33.723669414767627 ], [ -84.762524308727322, 33.722716414467833 ], [ -84.762663309542816, 33.722282415354933 ], [ -84.762706309200539, 33.722150414676499 ], [ -84.763135309545916, 33.721571414889539 ], [ -84.763364308976463, 33.721231414034762 ], [ -84.763609310097166, 33.720896414919061 ], [ -84.763751310387391, 33.720684414134141 ], [ -84.764184309134109, 33.720178413838184 ], [ -84.764350309713777, 33.71981941403449 ], [ -84.764466310064734, 33.719408414422368 ], [ -84.764743310074181, 33.718428413939861 ], [ -84.76488131016643, 33.717876413091915 ], [ -84.764983309375381, 33.717628413547985 ], [ -84.765120309642725, 33.717393413174534 ], [ -84.765271310153778, 33.717195413133204 ], [ -84.765294309719991, 33.717173413100461 ], [ -84.765310310511836, 33.71715741314101 ], [ -84.765470309447082, 33.717002412959154 ], [ -84.765488309888767, 33.716985413201783 ], [ -84.76598331035639, 33.716601413258324 ], [ -84.767177310607863, 33.715681413210227 ], [ -84.767421310107025, 33.715498412697691 ], [ -84.767439309650371, 33.715485413271189 ], [ -84.768248310835688, 33.714884412746443 ], [ -84.769112311374258, 33.714216412588073 ], [ -84.769306311543005, 33.714025412790996 ], [ -84.769488310219572, 33.713778413135486 ], [ -84.769658310997201, 33.713373411848124 ], [ -84.769724311119433, 33.713088412260205 ], [ -84.769746310860754, 33.712970412759617 ], [ -84.769740311012967, 33.712896412382143 ], [ -84.769795311264545, 33.71205341213372 ], [ -84.769875311630486, 33.710659412241164 ], [ -84.769995310382782, 33.709165411539836 ], [ -84.770143311419091, 33.707342411307778 ], [ -84.770224311609965, 33.707026411060767 ], [ -84.770325310095657, 33.706766410704653 ], [ -84.770515310964768, 33.706489410715335 ], [ -84.770770311232909, 33.706213410471442 ], [ -84.770835310631895, 33.706153410983411 ], [ -84.770994310640589, 33.706051410711325 ], [ -84.771164310519879, 33.705922410171716 ], [ -84.771393311747062, 33.705810410664185 ], [ -84.771658311162611, 33.705717410555089 ], [ -84.772267311433069, 33.705582410868438 ], [ -84.772887311574181, 33.705611410171379 ], [ -84.77463031271995, 33.705713410218671 ], [ -84.776805312787545, 33.705854410568215 ], [ -84.777031312743361, 33.705864410271516 ], [ -84.777179312881358, 33.705857411002448 ], [ -84.777393313141602, 33.705833410514892 ], [ -84.777722313029571, 33.705775410554601 ], [ -84.777928313792216, 33.705721410891321 ], [ -84.778294313490122, 33.705601410438625 ], [ -84.778456312973503, 33.705554409960271 ], [ -84.779749312959169, 33.70446841023734 ], [ -84.780388313366856, 33.703875409680336 ], [ -84.780794314146036, 33.703421410269051 ], [ -84.781999314268148, 33.70224140966274 ], [ -84.782846314189982, 33.701627409839254 ], [ -84.784676315374398, 33.700240409352794 ], [ -84.784737314575452, 33.700203409292918 ], [ -84.784941314789961, 33.700013408936222 ], [ -84.785011314211829, 33.699957408711569 ], [ -84.785485314763065, 33.699585408481404 ], [ -84.785874314925493, 33.699365409122173 ], [ -84.786267315285897, 33.699208409017558 ], [ -84.786930315084703, 33.699001408374528 ], [ -84.787236315406446, 33.698864408642258 ], [ -84.787618315896196, 33.698731408605909 ], [ -84.789050315799017, 33.698182408153741 ], [ -84.789793315963777, 33.697934408536248 ], [ -84.790184315776031, 33.697839408890964 ], [ -84.790503316516592, 33.697770408130815 ], [ -84.791641315793228, 33.697627408729431 ], [ -84.792246315865725, 33.697368408319285 ], [ -84.792677316759267, 33.697133407811179 ], [ -84.79310931657939, 33.696886408155393 ], [ -84.793399317007626, 33.696642407798301 ], [ -84.793879317406649, 33.696130408533385 ], [ -84.794362317280402, 33.695552407457598 ], [ -84.795241317887601, 33.694474407081188 ], [ -84.795577317448277, 33.694135407345158 ], [ -84.795846317960098, 33.694072407544503 ], [ -84.796777317547523, 33.693784407333766 ], [ -84.797384318168142, 33.693611407633192 ], [ -84.798206317975627, 33.693441406957476 ], [ -84.798653318762689, 33.693350406993915 ], [ -84.799110317798863, 33.693263407850338 ], [ -84.799563318433712, 33.693266406482046 ], [ -84.799980319083531, 33.693339407287496 ], [ -84.800282318309016, 33.693459406930614 ], [ -84.801033318869685, 33.693610407595031 ], [ -84.801505319771096, 33.693575407746806 ], [ -84.802123319364085, 33.69348740729658 ], [ -84.802952318844262, 33.693316407081348 ], [ -84.803074319042977, 33.69329240682724 ], [ -84.804149319468749, 33.693085406879689 ], [ -84.804569319593327, 33.693060407263872 ], [ -84.804840320653284, 33.693207406215834 ], [ -84.806494321212298, 33.694133407281022 ], [ -84.807014320895988, 33.69420940669616 ], [ -84.807137320919622, 33.69421740769279 ], [ -84.80740032068536, 33.694234407472479 ], [ -84.80769532113645, 33.694686407548211 ], [ -84.807926321115133, 33.69513540742733 ], [ -84.808290321163213, 33.696022407510569 ], [ -84.808538321758633, 33.696755407302447 ], [ -84.809046321746749, 33.698043407142372 ], [ -84.80933332180193, 33.698833407854238 ], [ -84.809529321620516, 33.699422408208498 ], [ -84.809693321652034, 33.699756408178494 ], [ -84.810131321319957, 33.700690408563652 ], [ -84.810345321580201, 33.701104407938061 ], [ -84.810730322442993, 33.701826408351806 ], [ -84.810861321964225, 33.702146408801269 ], [ -84.810948322002886, 33.702462409065589 ], [ -84.810920322413779, 33.702612408921368 ], [ -84.810875322207949, 33.702776409051829 ], [ -84.81075532165903, 33.702980408285086 ], [ -84.810473322525027, 33.703427408318042 ], [ -84.810356322349165, 33.703916408579019 ], [ -84.81035732217407, 33.704021408895535 ], [ -84.810383322113353, 33.704220409335441 ], [ -84.810450322060504, 33.704379409821229 ], [ -84.810694321559666, 33.704755409103555 ], [ -84.810808323159108, 33.704859409234587 ], [ -84.810938322855463, 33.704956409149823 ], [ -84.811142322171634, 33.705100409708066 ], [ -84.811416321808025, 33.705204408674057 ], [ -84.811447322668471, 33.705223409075117 ], [ -84.811926322344277, 33.705452409724174 ], [ -84.812156322498041, 33.705507409456267 ], [ -84.81251532252324, 33.705682409660277 ], [ -84.813249322467172, 33.706125409514087 ], [ -84.813673323687993, 33.706397408988884 ] ] ] ] } },
{ "type": "Feature", "properties": { "STATEFP": "13", "COUNTYFP": "063", "TRACTCE": "040518", "GEOID": "13063040518", "GEOIDFQ": "1400000US13063040518", "NAME": "405.18", "NAMELSAD": "Census Tract 405.18", "MTFCC": "G5020", "FUNCSTAT": "S", "ALAND": 3535573.0, "AWATER": 1665.0, "INTPTLAT": "+33.5103898", "INTPTLON": "-084.3912997", "OBJECTID": 363, "CensusTract": "13063040518", "State": "Georgia", "County": "Clayton County", "Urban": 1, "Pop2010": 5057, "OHU2010": 1556, "GroupQuartersFlag": 0, "NUMGQTRS": 5, "PCTGQTRS": 0.09887285, "LILATracts_1And10": 1, "LILATracts_halfAnd10": 1, "LILATracts_1And20": 1, "LILATracts_Vehicle": 1, "Shape_Length": 11181.489633158462, "Shape_Area": 5101407.2818098227 }, "geometry": { "type": "MultiPolygon", "coordinates": [ [ [ [ -84.402487193803509, 33.511033382928623 ], [ -84.402472194633205, 33.511168382771274 ], [ -84.402445193970706, 33.51130038268002 ], [ -84.402414194008557, 33.511398382572843 ], [ -84.402158193915525, 33.511880382661801 ], [ -84.401819194880133, 33.512433383101936 ], [ -84.401758194780768, 33.512675383487093 ], [ -84.401722194795752, 33.512743382848328 ], [ -84.401665193996038, 33.51281938277603 ], [ -84.401594193850926, 33.512887383522084 ], [ -84.40151219383516, 33.51294538308079 ], [ -84.401467194527612, 33.512969383403316 ], [ -84.401371194268165, 33.513010383314828 ], [ -84.401349194526858, 33.513025383131456 ], [ -84.40128819442748, 33.513064383241719 ], [ -84.401251194617558, 33.51309738326362 ], [ -84.401189194693274, 33.51317038322204 ], [ -84.401143193764227, 33.513250383064658 ], [ -84.401128194593923, 33.513294383246198 ], [ -84.401111193977172, 33.5133833826768 ], [ -84.40111619489835, 33.513609383807029 ], [ -84.401157194906219, 33.513672383781575 ], [ -84.401175194449578, 33.513799383471948 ], [ -84.401168193878561, 33.514024383639239 ], [ -84.401179193749229, 33.514102383690492 ], [ -84.401206194411728, 33.514235383490892 ], [ -84.401261193764995, 33.514410383705062 ], [ -84.401334193559933, 33.514579383597372 ], [ -84.401395193659297, 33.514670382941716 ], [ -84.401490194093839, 33.514779383553062 ], [ -84.401563194787087, 33.514845383025047 ], [ -84.401641194604906, 33.514927383297504 ], [ -84.40169719468139, 33.51500338355369 ], [ -84.401744193638734, 33.515085383676386 ], [ -84.401779194697156, 33.515170384059502 ], [ -84.401803194088288, 33.515257383334188 ], [ -84.401815194682172, 33.515347384351315 ], [ -84.401832194400598, 33.515934383895079 ], [ -84.401906194020441, 33.516368383941575 ], [ -84.401918194614339, 33.51641838387615 ], [ -84.401924194462126, 33.516508383685412 ], [ -84.401911194941647, 33.516598384150065 ], [ -84.401897194697952, 33.516641383531812 ], [ -84.401855194865149, 33.516723383599832 ], [ -84.401827194377745, 33.516763384134592 ], [ -84.401740195237409, 33.51686038398767 ], [ -84.401712194750019, 33.516898384023989 ], [ -84.401669194193985, 33.516979384006319 ], [ -84.401642194429812, 33.517068383390907 ], [ -84.401633194208983, 33.517157384181829 ], [ -84.401647194452693, 33.517342383605801 ], [ -84.401637194406931, 33.517477384089609 ], [ -84.401607194269715, 33.517611384527854 ], [ -84.401510194185335, 33.517870384048848 ], [ -84.401476194748454, 33.518001384387439 ], [ -84.401457194481878, 33.51813038412115 ], [ -84.401429194892799, 33.518257384007711 ], [ -84.401422194321782, 33.51827438481579 ], [ -84.400672193586018, 33.518259384411373 ], [ -84.399002194031794, 33.51824338417677 ], [ -84.396876193469708, 33.518202384498402 ], [ -84.395196192971426, 33.518173384988195 ], [ -84.392614192299746, 33.518218383991638 ], [ -84.390965191763613, 33.518248384812097 ], [ -84.387445190933491, 33.518084384493605 ], [ -84.387343190826257, 33.518077384938927 ], [ -84.38671919048717, 33.518085384322973 ], [ -84.385107190659284, 33.518144384719257 ], [ -84.384746190085949, 33.518158385315154 ], [ -84.384003189022877, 33.518163384457552 ], [ -84.383315189109709, 33.518130384870041 ], [ -84.382532189660296, 33.518068384975635 ], [ -84.382378188776187, 33.518066384567604 ], [ -84.382002189032548, 33.518052384705769 ], [ -84.380034188654179, 33.517976384881266 ], [ -84.378558187472109, 33.51801338534618 ], [ -84.378564188218206, 33.517976384881266 ], [ -84.378583187586472, 33.517918384950583 ], [ -84.378605188226075, 33.517853384659261 ], [ -84.378644187685836, 33.517786385402445 ], [ -84.378659187754451, 33.517742385258657 ], [ -84.378667188150374, 33.517699384926317 ], [ -84.378668187975265, 33.517654384903935 ], [ -84.378662188127493, 33.517609385607102 ], [ -84.378650188431934, 33.517565385373288 ], [ -84.378631188165357, 33.517522384952962 ], [ -84.378572188614129, 33.51741838473626 ], [ -84.37856118784515, 33.51737338531666 ], [ -84.378556187822284, 33.517328385124699 ], [ -84.378560188020245, 33.517283384909334 ], [ -84.378571187890898, 33.517240385097786 ], [ -84.378590188157489, 33.517198385104436 ], [ -84.378615187373526, 33.51715938535984 ], [ -84.378797187846715, 33.516732385200974 ], [ -84.378834187656636, 33.516599384745518 ], [ -84.378848187900346, 33.516511384725995 ], [ -84.378852188098307, 33.51637438453443 ], [ -84.378845188425601, 33.516286385034945 ], [ -84.378818187763102, 33.516152384042215 ], [ -84.378778187580139, 33.515682385067542 ], [ -84.378780188128275, 33.515586384500793 ], [ -84.37879918749654, 33.515496384481267 ], [ -84.378815187390046, 33.515454384390182 ], [ -84.378860187595905, 33.515372383868261 ], [ -84.378919188045458, 33.515296383936224 ], [ -84.379108188191339, 33.515130384286124 ], [ -84.379239187712585, 33.515060384076463 ], [ -84.379361187911314, 33.514935384470725 ], [ -84.37938018817789, 33.514898384936259 ], [ -84.379648187966495, 33.514717384252833 ], [ -84.37997718875279, 33.514508384569197 ], [ -84.380021188235403, 33.514469384360865 ], [ -84.380082188334768, 33.514395384128541 ], [ -84.380126187817368, 33.514313384849821 ], [ -84.380152188654961, 33.51422438412893 ], [ -84.380158187604422, 33.514134384190513 ], [ -84.380145188083958, 33.514046383910511 ], [ -84.380116187771634, 33.513971384188473 ], [ -84.380112188471983, 33.513960384044033 ], [ -84.380104188076075, 33.513900383912379 ], [ -84.380093188205421, 33.513855384160792 ], [ -84.38007718741359, 33.513816383658146 ], [ -84.380058188045325, 33.513771383862924 ], [ -84.38000918853983, 33.513691384501975 ], [ -84.379945188067424, 33.513619384115188 ], [ -84.379841188310337, 33.513529384296355 ], [ -84.379810188348202, 33.5134923841606 ], [ -84.379786188058773, 33.513453384243263 ], [ -84.379768187617103, 33.513410384025988 ], [ -84.37975818846968, 33.513366383903502 ], [ -84.379754188271718, 33.513321384623161 ], [ -84.379773187639984, 33.513069383427407 ], [ -84.379776188013011, 33.512979383785449 ], [ -84.379827188066642, 33.512920383611494 ], [ -84.379878188120273, 33.512839383573748 ], [ -84.379913188280369, 33.512755384536398 ], [ -84.379924188151023, 33.51271038418934 ], [ -84.379936188744892, 33.512627383421155 ], [ -84.379969188356867, 33.512541384391199 ], [ -84.37999318864631, 33.512501384151356 ], [ -84.3800561883955, 33.512428383628489 ], [ -84.380134188213304, 33.512367383287987 ], [ -84.380226188274818, 33.512321384341099 ], [ -84.380319188161224, 33.512279383457702 ], [ -84.380361187994026, 33.512251383356784 ], [ -84.380398187803962, 33.512219383658312 ], [ -84.380429187766097, 33.512181383813768 ], [ -84.38045318805554, 33.512142384054492 ], [ -84.380471187598886, 33.512099383934668 ], [ -84.380482188367864, 33.51205438399537 ], [ -84.380659188818157, 33.511545383701879 ], [ -84.380675188711706, 33.511486384048091 ], [ -84.380681188559478, 33.511441383790043 ], [ -84.380681188559478, 33.511396383508533 ], [ -84.380675188711706, 33.511351383952629 ], [ -84.380663188117836, 33.511307383532028 ], [ -84.380646187501071, 33.511265383654369 ], [ -84.380478188169903, 33.511117383637774 ], [ -84.38032418818409, 33.510861383861538 ], [ -84.380293187323645, 33.51076438402351 ], [ -84.380250188564247, 33.510681383635614 ], [ -84.380223187901763, 33.51064138328492 ], [ -84.380188188639977, 33.510568383439839 ], [ -84.380176188046093, 33.510523383453332 ], [ -84.380171188023226, 33.510433383410103 ], [ -84.380178187695932, 33.510390383189986 ], [ -84.380191188114708, 33.51034638302972 ], [ -84.380210188381284, 33.510304383434629 ], [ -84.380234187772416, 33.510264382909597 ], [ -84.38031018883872, 33.510205383131364 ], [ -84.380358187620985, 33.510186383143413 ], [ -84.380410187499507, 33.510174383345998 ], [ -84.380464188824504, 33.510173383425254 ], [ -84.380517188527946, 33.510179383698755 ], [ -84.380593187797615, 33.510174383345998 ], [ -84.380645187676166, 33.510160383705092 ], [ -84.380681188559478, 33.510143383549575 ], [ -84.380691187706901, 33.510120383862514 ], [ -84.380716188719575, 33.510072383128268 ], [ -84.380743187585438, 33.510033383167432 ], [ -84.380775188270817, 33.509996383034682 ], [ -84.380851188438797, 33.509932382707028 ], [ -84.380941187952175, 33.509883383442336 ], [ -84.38099018835598, 33.509865383308046 ], [ -84.38114418834175, 33.509741382863815 ], [ -84.381499189067299, 33.509406383112712 ], [ -84.38161618834485, 33.509093382846395 ], [ -84.381655188702922, 33.508885382995658 ], [ -84.381670188771537, 33.50835838308754 ], [ -84.38167918809404, 33.508060382703931 ], [ -84.38169618781248, 33.507971383041358 ], [ -84.381732188695807, 33.507886382327158 ], [ -84.381785188399263, 33.507807382716472 ], [ -84.381855187821145, 33.507739383221356 ], [ -84.382015188553027, 33.507613382826072 ], [ -84.382237188310867, 33.507436382442343 ], [ -84.382270188821153, 33.507399382697251 ], [ -84.38234218789286, 33.50733238283518 ], [ -84.382427188281682, 33.507277382373005 ], [ -84.382521187993007, 33.50723338287699 ], [ -84.382622188275349, 33.507202382026939 ], [ -84.382776188261133, 33.507179383056275 ], [ -84.382827188314749, 33.507167382841871 ], [ -84.382928188597106, 33.507135382761334 ], [ -84.38302318813335, 33.507092382400479 ], [ -84.383110189070294, 33.507039383197856 ], [ -84.383439188958263, 33.506867382933315 ], [ -84.383469189095479, 33.506814382094802 ], [ -84.383510188205065, 33.506785382512618 ], [ -84.383560189332101, 33.506769383152246 ], [ -84.38369718870112, 33.50677738208379 ], [ -84.383745188381695, 33.506797382779993 ], [ -84.383900188192399, 33.50692138294864 ], [ -84.383965188489725, 33.506952382401252 ], [ -84.384015189616761, 33.506969382434676 ], [ -84.384068189320217, 33.506977382845761 ], [ -84.384121189023631, 33.506980382718837 ], [ -84.384175188552007, 33.50697638288802 ], [ -84.384227189328868, 33.5069653818543 ], [ -84.384276188834363, 33.506948382569142 ], [ -84.384559189589893, 33.506872381979015 ], [ -84.384800188715985, 33.506724382688255 ], [ -84.384854189142658, 33.506679382200858 ], [ -84.384885189104793, 33.506644382804289 ], [ -84.384910189219156, 33.50660338212348 ], [ -84.384927188937596, 33.506561382209831 ], [ -84.384937188983358, 33.50651738234972 ], [ -84.384939188633169, 33.506472382503738 ], [ -84.384932189858787, 33.506427382634307 ], [ -84.384918188716767, 33.506383381957022 ], [ -84.384865189013325, 33.506012382319625 ], [ -84.384873189409234, 33.505724381819512 ], [ -84.384867189561461, 33.505655382212808 ], [ -84.384874188335829, 33.505610381918615 ], [ -84.384889189302754, 33.505567382298089 ], [ -84.384912189767306, 33.505525381881611 ], [ -84.38494218900621, 33.505488382068556 ], [ -84.384978188991226, 33.505456382116243 ], [ -84.385186189403683, 33.505361382164715 ], [ -84.385349188711984, 33.505310381856034 ], [ -84.385370189526697, 33.505328381439661 ], [ -84.385388189070056, 33.505300382085714 ], [ -84.385522188964359, 33.505235382052433 ], [ -84.385606189528261, 33.505221382361519 ], [ -84.385708189635508, 33.505195382180496 ], [ -84.38580618954478, 33.505156381519853 ], [ -84.38593318886808, 33.505078381643884 ], [ -84.386092189775056, 33.50495638254197 ], [ -84.386118189714338, 33.504896382159238 ], [ -84.386153189874435, 33.504861382041668 ], [ -84.386197189357034, 33.504837382466441 ], [ -84.386249189235585, 33.50482338196214 ], [ -84.386302188939027, 33.50482338196214 ], [ -84.386354189715874, 33.504835382501561 ], [ -84.386615188933476, 33.504844381594175 ], [ -84.386722189961915, 33.50483638248398 ], [ -84.386774189840452, 33.504826381909879 ], [ -84.38685018911012, 33.504805381524363 ], [ -84.386898189689006, 33.504785381865929 ], [ -84.386943188996526, 33.504761382269628 ], [ -84.386985189727639, 33.504731382015898 ], [ -84.387055190047832, 33.504664381586387 ], [ -84.38708218981202, 33.504625381435524 ], [ -84.387327190034398, 33.504359382050275 ], [ -84.387477189822235, 33.504205381520052 ], [ -84.387505190309653, 33.504187381702863 ], [ -84.387680190211825, 33.5040423815407 ], [ -84.38780718953511, 33.503960382188708 ], [ -84.387945189627374, 33.503890381931349 ], [ -84.388042189711769, 33.503851381431708 ], [ -84.388142190169177, 33.503833381540851 ], [ -84.388187190375035, 33.503808381686277 ], [ -84.388224190184943, 33.503776381861883 ], [ -84.3882501892259, 33.503737381310827 ], [ -84.388263190543, 33.503693381513145 ], [ -84.38826419036792, 33.50364838169692 ], [ -84.388276190063479, 33.503572381205103 ], [ -84.38825218977405, 33.503323381580451 ], [ -84.388236189880516, 33.503236381542713 ], [ -84.388231189857649, 33.503146381411661 ], [ -84.388244190276424, 33.503011381039606 ], [ -84.388266190017745, 33.502922381428263 ], [ -84.388299189629706, 33.502837380998557 ], [ -84.388339189812669, 33.502576382153826 ], [ -84.38834319001063, 33.50248238129798 ], [ -84.388334189789816, 33.502393381142696 ], [ -84.388313189873415, 33.502304380895843 ], [ -84.38828119008636, 33.502218381344704 ], [ -84.388237189705436, 33.50213638101377 ], [ -84.388182190352154, 33.502058381412475 ], [ -84.387917189139969, 33.501909381364051 ], [ -84.387867189809569, 33.501885380970336 ], [ -84.387784189070587, 33.501827381489484 ], [ -84.387718189846652, 33.501757381754274 ], [ -84.387671189990996, 33.501675381735645 ], [ -84.387656189922382, 33.501632381658283 ], [ -84.387640190028847, 33.501461381156751 ], [ -84.387614190089593, 33.501270381344838 ], [ -84.387592189449961, 33.501185381540118 ], [ -84.387556189464945, 33.50115138144502 ], [ -84.38750918960929, 33.501129381640787 ], [ -84.387456189905834, 33.501123380739813 ], [ -84.387299189546994, 33.50098438085022 ], [ -84.38711119012433, 33.500782381162487 ], [ -84.386975189681891, 33.500591380601428 ], [ -84.386883188722081, 33.500479380747073 ], [ -84.386885189270203, 33.500395380948447 ], [ -84.386905189361713, 33.500306380894557 ], [ -84.386922189080124, 33.500264380921521 ], [ -84.386931189300967, 33.500188381203863 ], [ -84.386915189407446, 33.500146381173529 ], [ -84.386884189445311, 33.500109380559238 ], [ -84.386842189612523, 33.500081380266032 ], [ -84.386767189269435, 33.500044380373019 ], [ -84.386416188741862, 33.499539380778799 ], [ -84.386289189418548, 33.499162381481085 ], [ -84.386282188847531, 33.499117380807434 ], [ -84.386282188847531, 33.499072380859552 ], [ -84.386290189243468, 33.499027380888236 ], [ -84.386306189136988, 33.498985381043703 ], [ -84.386330189426445, 33.498945381279881 ], [ -84.386360188665336, 33.49890638079944 ], [ -84.386605189786053, 33.498633380689824 ], [ -84.38681618967324, 33.498439381210929 ], [ -84.386972189308864, 33.498253380267471 ], [ -84.387158189081688, 33.498139380264988 ], [ -84.387266189935048, 33.498049380827212 ], [ -84.38732218911322, 33.497991381023439 ], [ -84.387798190212607, 33.497296380416792 ], [ -84.387842189695206, 33.497222380481602 ], [ -84.387878188781912, 33.497189380399043 ], [ -84.387920189513025, 33.497161379910473 ], [ -84.387968190091911, 33.497140379912672 ], [ -84.388019189247217, 33.497127380482262 ], [ -84.388072189848984, 33.497121380052995 ], [ -84.388354189881284, 33.497054380474999 ], [ -84.388549189874965, 33.497023379724695 ], [ -84.388605189951448, 33.497026379942824 ], [ -84.388658189654905, 33.497020379506509 ], [ -84.388709189708536, 33.497006379985159 ], [ -84.388756189564191, 33.496984379876636 ], [ -84.388798189396979, 33.496955380746527 ], [ -84.388872189016837, 33.496885380068065 ], [ -84.388904189702203, 33.496850379707659 ], [ -84.388929189816551, 33.496811379781626 ], [ -84.388948190083127, 33.49676737945984 ], [ -84.388959189953795, 33.49672438069009 ], [ -84.388963190151756, 33.496679380247393 ], [ -84.388959189953795, 33.496634379781298 ], [ -84.388888189808668, 33.496498379662164 ], [ -84.388848189625691, 33.496431380351169 ], [ -84.388838189579957, 33.49638737983625 ], [ -84.388839189404877, 33.496342379967523 ], [ -84.388851189998746, 33.496297380824537 ], [ -84.388929189816551, 33.496210379718214 ], [ -84.389091189299961, 33.496156380511636 ], [ -84.389211189848879, 33.496041380660238 ], [ -84.389225189194264, 33.496017380137829 ], [ -84.389242190709325, 33.495953379960774 ], [ -84.389267189925363, 33.495913379545122 ], [ -84.389302189187148, 33.495879380375939 ], [ -84.389344189918248, 33.49585137946368 ], [ -84.389392190497134, 33.49583137923463 ], [ -84.389469189591736, 33.495824380127196 ], [ -84.389519189820433, 33.495841380098874 ], [ -84.389555189805449, 33.495874379946123 ], [ -84.389606189859066, 33.496013379800445 ], [ -84.389648190590165, 33.496096380021989 ], [ -84.389674189631137, 33.496135380270054 ], [ -84.389734189905582, 33.496173380418078 ], [ -84.389782190484468, 33.49619337981904 ], [ -84.389834189464707, 33.496204379974522 ], [ -84.38988818989138, 33.496209379636092 ], [ -84.389941190493147, 33.496204379974522 ], [ -84.390094190654025, 33.496135380270054 ], [ -84.390336189605037, 33.495969379822171 ], [ -84.39054619056563, 33.495775379617456 ], [ -84.390628189683085, 33.495668379967242 ], [ -84.390637189903927, 33.495623379724798 ], [ -84.391034190462278, 33.495298380192608 ], [ -84.391190190996198, 33.495221379767415 ], [ -84.391204190341583, 33.495207379206008 ], [ -84.391537190427513, 33.495074379378437 ], [ -84.391809190414065, 33.494948380023573 ], [ -84.392037190019707, 33.49482837957575 ], [ -84.392258190850953, 33.494701379014245 ], [ -84.392612190853299, 33.494411379629121 ], [ -84.392761190816216, 33.494315379437857 ], [ -84.392882191190026, 33.49422537977054 ], [ -84.393002190840633, 33.494120379166468 ], [ -84.393030190429712, 33.494095378754153 ], [ -84.39319619100938, 33.493868378995046 ], [ -84.393352191543315, 33.493631379020762 ], [ -84.393516190676536, 33.493347379739717 ], [ -84.393585191171809, 33.492852378998215 ], [ -84.393644190723052, 33.492672378776092 ], [ -84.393733190411496, 33.492558378916357 ], [ -84.39374719155353, 33.492503378805552 ], [ -84.393772190769567, 33.492464379168851 ], [ -84.393807190929664, 33.492430379394428 ], [ -84.393851190412278, 33.492405379243316 ], [ -84.3939011915393, 33.492388379346217 ], [ -84.393928190405163, 33.492382378588509 ], [ -84.393976190984077, 33.492351379161967 ], [ -84.394099191007726, 33.492526379428213 ], [ -84.39410919105346, 33.49256237866426 ], [ -84.394110190878379, 33.492607378999345 ], [ -84.394103191205673, 33.492652378561864 ], [ -84.394087191312153, 33.49269637872748 ], [ -84.39406219119779, 33.492736379130989 ], [ -84.393991191052677, 33.492942379343511 ], [ -84.393746191728596, 33.493581379404837 ], [ -84.393699190974644, 33.493758379653499 ], [ -84.393671190487225, 33.493937379757043 ], [ -84.393672190312117, 33.494304379791515 ], [ -84.393673191035361, 33.494946379830203 ], [ -84.393698191149724, 33.495525379948241 ], [ -84.393801191081877, 33.49641238033589 ], [ -84.393821191173359, 33.496525380286684 ], [ -84.393866190480907, 33.496702380509859 ], [ -84.393927190580257, 33.496874379999156 ], [ -84.393978191532213, 33.497335380124348 ], [ -84.394087191312153, 33.497645380017602 ], [ -84.394174191350771, 33.497980380345886 ], [ -84.394397190933546, 33.498796380367672 ], [ -84.394648191003711, 33.49983238033699 ], [ -84.394664190897245, 33.499967380423485 ], [ -84.394661192320811, 33.500057380863616 ], [ -84.394648191003711, 33.500108380522157 ], [ -84.394646191353885, 33.500153380680651 ], [ -84.394652191201672, 33.500197380779632 ], [ -84.394666191445381, 33.500241380107198 ], [ -84.394688191186688, 33.500282380805473 ], [ -84.394718192222228, 33.500320380631351 ], [ -84.39484819191857, 33.500647380099771 ], [ -84.3949281913862, 33.500847380794553 ], [ -84.395152191692176, 33.501284380925725 ], [ -84.395397191914569, 33.501723380385727 ], [ -84.396227192117962, 33.502778380651257 ], [ -84.396540192112411, 33.503110381333023 ], [ -84.396889192091862, 33.503343380827701 ], [ -84.397491192689614, 33.503734381325337 ], [ -84.397906192791325, 33.503896381142397 ], [ -84.397967192890675, 33.503945380800715 ], [ -84.398018192944306, 33.503958381454503 ], [ -84.398071192647762, 33.503955381476665 ], [ -84.39809319328738, 33.503946380793472 ], [ -84.398119192328323, 33.503963380668289 ], [ -84.398235192679294, 33.503976381319305 ], [ -84.398248193098084, 33.503994381180426 ], [ -84.398419192802294, 33.504062381370879 ], [ -84.398461193533407, 33.504070381301688 ], [ -84.398909193247079, 33.504286381400235 ], [ -84.398995192562467, 33.504340381527918 ], [ -84.399071193628771, 33.504404381496833 ], [ -84.399117192761224, 33.504453380867623 ], [ -84.399147193796765, 33.504503381695059 ], [ -84.399178192860575, 33.504591381193549 ], [ -84.399456193593252, 33.505148381689423 ], [ -84.400082193582136, 33.506396382244574 ], [ -84.400247193438574, 33.50665238249637 ], [ -84.400359193591569, 33.507030382086349 ], [ -84.400381193332876, 33.507101382756495 ], [ -84.400391194276935, 33.50716238156609 ], [ -84.400409193820295, 33.507340381714677 ], [ -84.400375194383415, 33.507765381889058 ], [ -84.400369193637317, 33.508324382065076 ], [ -84.400375194383415, 33.508418382568095 ], [ -84.400390193553719, 33.508508381711003 ], [ -84.400432194284832, 33.508639382742921 ], [ -84.400495193135697, 33.50876338177023 ], [ -84.400579193699599, 33.508879381883411 ], [ -84.400863194280049, 33.509092382164084 ], [ -84.401844194096185, 33.509782382806854 ], [ -84.401960193548803, 33.509876382475127 ], [ -84.402100194189217, 33.510011382624796 ], [ -84.402194193900542, 33.510121383034907 ], [ -84.402303194578806, 33.510277382614134 ], [ -84.402463194412377, 33.510695382443281 ], [ -84.402474194283016, 33.510762382697578 ], [ -84.402484194328778, 33.510853382311559 ], [ -84.402487193803509, 33.511033382928623 ] ] ] ] } },
{ "type": "Feature", "properties": { "STATEFP": "13", "COUNTYFP": "063", "TRACTCE": "040410", "GEOID": "13063040410", "GEOIDFQ": "1400000US13063040410", "NAME": "404.10", "NAMELSAD": "Census Tract 404.10", "MTFCC": "G5020", "FUNCSTAT": "S", "ALAND": 21947846.0, "AWATER": 60215.0, "INTPTLAT": "+33.6278956", "INTPTLON": "-084.3099165", "OBJECTID": 348, "CensusTract": "13063040410", "State": "Georgia", "County": "Clayton County", "Urban": 1, "Pop2010": 7058, "OHU2010": 2283, "GroupQuartersFlag": 0, "NUMGQTRS": 0, "PCTGQTRS": 0.0, "LILATracts_1And10": 1, "LILATracts_halfAnd10": 1, "LILATracts_1And20": 1, "LILATracts_Vehicle": 1, "Shape_Length": 27699.504385997239, "Shape_Area": 31826668.625514209 }, "geometry": { "type": "MultiPolygon", "coordinates": [ [ [ [ -84.343987183126202, 33.617334407352587 ], [ -84.343895183064689, 33.617891407568749 ], [ -84.343911182958209, 33.618173408033947 ], [ -84.343901183810786, 33.619255408529796 ], [ -84.343903182562286, 33.619545408733813 ], [ -84.343936183970882, 33.619658408541362 ], [ -84.343884183194035, 33.621512409180255 ], [ -84.34342418288648, 33.621917408608248 ], [ -84.343073183257189, 33.621950408195168 ], [ -84.342318183396884, 33.621917408608248 ], [ -84.342152182817202, 33.621891408380769 ], [ -84.341643182105884, 33.6219764091529 ], [ -84.34148718247026, 33.622454408272304 ], [ -84.34134518307836, 33.6227764088353 ], [ -84.341644182829086, 33.623717409714217 ], [ -84.341623182912699, 33.623717409714217 ], [ -84.341623182912699, 33.623754409021288 ], [ -84.341633182958461, 33.625375410090712 ], [ -84.341706182753384, 33.625528410020685 ], [ -84.341753183507379, 33.625860409599092 ], [ -84.341915182990746, 33.625994409463033 ], [ -84.341996183181621, 33.626105409639059 ], [ -84.342033182991528, 33.626180409252548 ], [ -84.341984183486034, 33.626283409353292 ], [ -84.342003182854299, 33.626585409926513 ], [ -84.342087183418201, 33.6266194100387 ], [ -84.342168182710751, 33.626618409969545 ], [ -84.342298183305402, 33.626644410266586 ], [ -84.342307182627906, 33.626710409546881 ], [ -84.342287182536424, 33.626780409793625 ], [ -84.342358183579847, 33.62687140987974 ], [ -84.342374183473396, 33.626879410408783 ], [ -84.342445182720184, 33.626914409722602 ], [ -84.342557182873165, 33.627073410294564 ], [ -84.342551183923703, 33.627168410322192 ], [ -84.342525183086124, 33.627315409693914 ], [ -84.342545183177606, 33.627458410073459 ], [ -84.342648183109773, 33.627569409859198 ], [ -84.342729183300619, 33.627580410497323 ], [ -84.342909183225672, 33.627732410195065 ], [ -84.342831183407881, 33.627938409554261 ], [ -84.342820183537214, 33.627967410361286 ], [ -84.342779183529331, 33.628140410459096 ], [ -84.342784183552197, 33.628318410456501 ], [ -84.34279718307269, 33.628499409480014 ], [ -84.342828183933136, 33.628627410200522 ], [ -84.342782183902386, 33.629419409915016 ], [ -84.342829182859745, 33.629751410205657 ], [ -84.342831183407881, 33.6299084099673 ], [ -84.342912183598727, 33.630046410383784 ], [ -84.343015183530895, 33.630137410759694 ], [ -84.343015183530895, 33.630471410575716 ], [ -84.343055183713858, 33.631138410793568 ], [ -84.343192183981216, 33.631387410089147 ], [ -84.343290183890502, 33.631445410119106 ], [ -84.343295183913384, 33.631463411100533 ], [ -84.34332818352533, 33.631576410984408 ], [ -84.343253184080581, 33.631725411081227 ], [ -84.343263183228018, 33.631754411361264 ], [ -84.343317183654676, 33.631851411479026 ], [ -84.343541183960667, 33.631940410681317 ], [ -84.343590183466148, 33.632103410973706 ], [ -84.343596183313934, 33.632122411074874 ], [ -84.343662184334491, 33.63212441108525 ], [ -84.343596183313934, 33.632441410651943 ], [ -84.343563183701974, 33.632636410726015 ], [ -84.343516183846305, 33.632912410824098 ], [ -84.343504184150746, 33.632985410504318 ], [ -84.343533183564745, 33.633074411526607 ], [ -84.343636183496912, 33.633387411374549 ], [ -84.34359918368699, 33.634054411449412 ], [ -84.343742184700446, 33.635059411469427 ], [ -84.343764184441739, 33.635216411278968 ], [ -84.343804183726391, 33.635493412050359 ], [ -84.343777183962217, 33.635564411108369 ], [ -84.343741183977201, 33.635639411461206 ], [ -84.343717183687758, 33.635739411580794 ], [ -84.343697184494587, 33.635774411034284 ], [ -84.343616184303741, 33.635915411658893 ], [ -84.343547184706765, 33.635958411474512 ], [ -84.34350118377769, 33.63609041141806 ], [ -84.343483184234344, 33.636193411635794 ], [ -84.343475183838436, 33.636632411501786 ], [ -84.343473183290286, 33.636755411597846 ], [ -84.343467184340824, 33.636801412342571 ], [ -84.34345418392202, 33.636905411659598 ], [ -84.343377183929135, 33.637111412266037 ], [ -84.343336183921252, 33.63719941132198 ], [ -84.343187183958335, 33.637563412683036 ], [ -84.343106183767489, 33.638002412296217 ], [ -84.343071183607378, 33.638217411932601 ], [ -84.343038183995418, 33.638382412176533 ], [ -84.342987183941801, 33.638991412311611 ], [ -84.342875183788806, 33.639311412543947 ], [ -84.34283818397887, 33.639464412400748 ], [ -84.342850183674457, 33.639486412132975 ], [ -84.342928183492234, 33.639634412836919 ], [ -84.343042184193379, 33.639718412638146 ], [ -84.343143183577411, 33.639793412364753 ], [ -84.343392184896061, 33.639988412245614 ], [ -84.343452184272209, 33.640329412866805 ], [ -84.343457184295062, 33.640389412676264 ], [ -84.343423183959885, 33.640559412781933 ], [ -84.343288184240677, 33.640853412682816 ], [ -84.343289184065583, 33.640959412894389 ], [ -84.343355185086139, 33.641089412848714 ], [ -84.343422184134965, 33.641208412962712 ], [ -84.34340518441654, 33.641294412521617 ], [ -84.343360184210709, 33.641386412876507 ], [ -84.343207184049831, 33.641493413076134 ], [ -84.343159184369242, 33.641542413221032 ], [ -84.34313818445284, 33.641612412631829 ], [ -84.343190184331391, 33.641738413521786 ], [ -84.343178184635804, 33.641832413187188 ], [ -84.343152184696564, 33.641921412545081 ], [ -84.343106183767489, 33.642053412322433 ], [ -84.342932183690209, 33.642229412957242 ], [ -84.342784184450522, 33.64235141265079 ], [ -84.342707184457623, 33.642428412846492 ], [ -84.34263818396235, 33.642528413308689 ], [ -84.34252318433461, 33.642775412815794 ], [ -84.342419183679226, 33.642957413494855 ], [ -84.342326183792792, 33.6430964130723 ], [ -84.342061184377258, 33.643379413170102 ], [ -84.341955184072035, 33.64348241289558 ], [ -84.341949184224262, 33.643517412941179 ], [ -84.341434183665143, 33.643686413730585 ], [ -84.34126518361073, 33.643706413390525 ], [ -84.340974184255913, 33.643774413545643 ], [ -84.340924183128877, 33.643795413054796 ], [ -84.340562183628947, 33.643949413038037 ], [ -84.340377183681014, 33.644023412951469 ], [ -84.34030218333794, 33.644037414079989 ], [ -84.340084182879735, 33.644122413190892 ], [ -84.339932183442087, 33.644224413658407 ], [ -84.339790183151862, 33.644260413266679 ], [ -84.33965918363063, 33.644285413609005 ], [ -84.339542183454753, 33.644282413269146 ], [ -84.339315183674046, 33.64423541441279 ], [ -84.339096183390922, 33.644203413506034 ], [ -84.338891182453182, 33.644167413873937 ], [ -84.338701182482396, 33.644128413881603 ], [ -84.338547183394937, 33.644132414092525 ], [ -84.338335182784505, 33.644194413973338 ], [ -84.338231183027418, 33.644215414127892 ], [ -84.338124182897303, 33.644193414108308 ], [ -84.337879182674925, 33.644122413190892 ], [ -84.337757183374492, 33.644135413689753 ], [ -84.337431182062943, 33.644096413682881 ], [ -84.337146182555912, 33.644078413846366 ], [ -84.336950182737326, 33.644078413846366 ], [ -84.336846182081942, 33.6441234138046 ], [ -84.336760182766525, 33.644191413630359 ], [ -84.336667181981781, 33.644181413483381 ], [ -84.33649118225469, 33.644260413266679 ], [ -84.336390182870687, 33.644355413781 ], [ -84.336334182794175, 33.64450741453544 ], [ -84.336326182398253, 33.64462741352451 ], [ -84.336307182131677, 33.644776414223983 ], [ -84.336212182595432, 33.644836413925852 ], [ -84.336112182138024, 33.644893414015243 ], [ -84.335985181916413, 33.644933414265374 ], [ -84.335669182447219, 33.645012414106468 ], [ -84.335426181874666, 33.645096413895843 ], [ -84.33524718177452, 33.645065413911887 ], [ -84.335097181986697, 33.645033414061494 ], [ -84.334886182099495, 33.644966414008998 ], [ -84.334440182035664, 33.644970414181039 ], [ -84.334277181829052, 33.644947413750202 ], [ -84.334118181820372, 33.644959413520574 ], [ -84.334005181842485, 33.644943413577153 ], [ -84.333896182062531, 33.644896414333758 ], [ -84.333661181885887, 33.644759414388062 ], [ -84.333488180735216, 33.644681414174229 ], [ -84.333306182058635, 33.64459941370059 ], [ -84.333155181547596, 33.644475413729786 ], [ -84.333061180937946, 33.64444841446636 ], [ -84.332958181904104, 33.644461414168141 ], [ -84.332867180769199, 33.644481413648045 ], [ -84.33275818188757, 33.644482414257581 ], [ -84.332668181475867, 33.644468413949284 ], [ -84.332552181124925, 33.644398413869112 ], [ -84.332424181078423, 33.64434141345204 ], [ -84.332087180794517, 33.644355413781 ], [ -84.331707180852916, 33.644428414230944 ], [ -84.331624181012245, 33.644432413680128 ], [ -84.331271180834818, 33.644498414286716 ], [ -84.331152181009145, 33.64446741408743 ], [ -84.331069181168473, 33.644453413776631 ], [ -84.33093118107621, 33.644476413591597 ], [ -84.330849181060429, 33.644495413954282 ], [ -84.330767181044664, 33.64452441442107 ], [ -84.330654181066762, 33.644582414577613 ], [ -84.330540181263956, 33.644603414637537 ], [ -84.330462181446151, 33.644586414767438 ], [ -84.330325181178793, 33.644585414159117 ], [ -84.330095180126719, 33.644677413988759 ], [ -84.329774180634672, 33.644716414480243 ], [ -84.329531180062091, 33.644781414263065 ], [ -84.329085179998273, 33.644946413893926 ], [ -84.328948179730901, 33.644964414296808 ], [ -84.328643180132389, 33.644983413803999 ], [ -84.328335180160821, 33.64503641437512 ], [ -84.328156180060674, 33.645154413666972 ], [ -84.327929180279952, 33.645278414155428 ], [ -84.327636180376984, 33.645376414596022 ], [ -84.32744818005601, 33.645477414475529 ], [ -84.327345179225532, 33.645484414921846 ], [ -84.327218179902246, 33.645473414327107 ], [ -84.327129180213788, 33.645661414373535 ], [ -84.327071180487465, 33.645748414566327 ], [ -84.326996179246095, 33.645849414757244 ], [ -84.326947179740586, 33.645967414430359 ], [ -84.32696417945904, 33.646056414000789 ], [ -84.327043180000047, 33.64612641497623 ], [ -84.327239179818648, 33.646364413828906 ], [ -84.327368179690069, 33.646460414103686 ], [ -84.327516179828081, 33.646599414007937 ], [ -84.327685179882465, 33.64673941427111 ], [ -84.327798179860366, 33.646843415045673 ], [ -84.327880179876146, 33.647057414460917 ], [ -84.327901179792534, 33.647113414744247 ], [ -84.327929180279952, 33.647215414659279 ], [ -84.327881179701066, 33.647359414729443 ], [ -84.32781218010409, 33.647412415333363 ], [ -84.327741179958991, 33.647466414983903 ], [ -84.327693180278402, 33.64748541468672 ], [ -84.327645179699502, 33.647504415133128 ], [ -84.327597180018927, 33.647523414827582 ], [ -84.327411180246088, 33.64761641433401 ], [ -84.327177179894349, 33.64774441505832 ], [ -84.327158179627787, 33.647755414615091 ], [ -84.327134179338344, 33.647775414825382 ], [ -84.326595179388079, 33.647772414607218 ], [ -84.324004179393881, 33.647741414839068 ], [ -84.323424179435747, 33.647734414576291 ], [ -84.319318177901394, 33.647705415190785 ], [ -84.318837177677452, 33.647702415717994 ], [ -84.318338177011867, 33.647689415009914 ], [ -84.316654177213948, 33.647674415398562 ], [ -84.315831176683247, 33.647667415878111 ], [ -84.313325175281221, 33.647644415420082 ], [ -84.313085175980035, 33.647641415197349 ], [ -84.312988175895654, 33.647640415372351 ], [ -84.312398175891772, 33.647633415101303 ], [ -84.31152617585559, 33.647625415752401 ], [ -84.310435175536284, 33.647615415256489 ], [ -84.308243174851938, 33.647594415183484 ], [ -84.306846174210875, 33.647581415206972 ], [ -84.305357173508327, 33.6475714162016 ], [ -84.302362173283072, 33.647536415560673 ], [ -84.301847172723967, 33.647530415855343 ], [ -84.29637017138613, 33.647474416591052 ], [ -84.290976168990682, 33.647403416136122 ], [ -84.286013168387072, 33.647362416457668 ], [ -84.285613167455679, 33.6473554169119 ], [ -84.282643167344787, 33.647322415840556 ], [ -84.281964166754136, 33.647316416868073 ], [ -84.281658166432393, 33.647313416633899 ], [ -84.281562166172904, 33.645660416769019 ], [ -84.281537166058555, 33.645584415573623 ], [ -84.281525166362997, 33.645567415897297 ], [ -84.281515167215559, 33.645313415714419 ], [ -84.281505166271501, 33.644831416133513 ], [ -84.281487166728155, 33.643986415620184 ], [ -84.281549166652425, 33.641856415838085 ], [ -84.281555165601901, 33.641583415671299 ], [ -84.281563165997824, 33.641513414741233 ], [ -84.281589166835388, 33.641278414888561 ], [ -84.281708166661105, 33.640884414931264 ], [ -84.281902166829852, 33.640443415236227 ], [ -84.282141166306133, 33.639953414504845 ], [ -84.282328166802202, 33.639662415023409 ], [ -84.282995166798969, 33.63749041389157 ], [ -84.2835181668557, 33.635781413765365 ], [ -84.283519166680634, 33.635152413220489 ], [ -84.283520166505525, 33.634722413065099 ], [ -84.283404167052879, 33.633998413891135 ], [ -84.283372166367528, 33.633841414105085 ], [ -84.283298166747684, 33.633474412750346 ], [ -84.283214166183782, 33.633060413851013 ], [ -84.283155165734229, 33.632769413515028 ], [ -84.283140166563925, 33.632428412875129 ], [ -84.283088166685403, 33.632168412798372 ], [ -84.283045166129369, 33.631840412882248 ], [ -84.282984166029991, 33.631476413510711 ], [ -84.28282816639441, 33.630862412490451 ], [ -84.282681166081304, 33.630620413331975 ], [ -84.282655166142021, 33.630568412138309 ], [ -84.282638166423595, 33.630395412428868 ], [ -84.282651165944074, 33.630134412918771 ], [ -84.282709165670397, 33.630049412715572 ], [ -84.282878166623107, 33.629394412736325 ], [ -84.283435166116732, 33.627609412172809 ], [ -84.284192165626862, 33.624484411084318 ], [ -84.284483165880005, 33.623360411176513 ], [ -84.284679165698577, 33.622456410751283 ], [ -84.284880166438342, 33.621233410312072 ], [ -84.285080166454904, 33.619920410014103 ], [ -84.285369166159896, 33.617505409749313 ], [ -84.285439165581764, 33.616964409938468 ], [ -84.285443165779725, 33.616483409728438 ], [ -84.285386165878336, 33.615939409655759 ], [ -84.285235166265593, 33.615448409967058 ], [ -84.285110165693794, 33.615230409751014 ], [ -84.28494116653772, 33.614879409452413 ], [ -84.28473216630033, 33.614378409842885 ], [ -84.28470416581294, 33.614066409223788 ], [ -84.28472016570646, 33.61389540898081 ], [ -84.284819165440666, 33.613650409384576 ], [ -84.284992165693012, 33.613338409122647 ], [ -84.285323166129146, 33.612875409251679 ], [ -84.285565165978454, 33.612562408944676 ], [ -84.285898166064399, 33.612238408646249 ], [ -84.286240166371172, 33.611860409127964 ], [ -84.28635616582379, 33.611775408851635 ], [ -84.286525166776514, 33.611639408833661 ], [ -84.287179166354505, 33.611191408797161 ], [ -84.287405166310307, 33.611037408597518 ], [ -84.287794167371047, 33.610781408570212 ], [ -84.287968166550002, 33.610691408952768 ], [ -84.288064166809477, 33.61062940814751 ], [ -84.288040166520034, 33.610614408814783 ], [ -84.287559167194402, 33.61023740841928 ], [ -84.287209166491721, 33.609982408522747 ], [ -84.286460166479202, 33.609486407974643 ], [ -84.284895165608646, 33.608464407883815 ], [ -84.284903166004568, 33.608248407776358 ], [ -84.284978165449331, 33.606077407222067 ], [ -84.285037165898871, 33.605765407232703 ], [ -84.285090165602327, 33.60549340747184 ], [ -84.285306165512395, 33.605016407376112 ], [ -84.286661166320641, 33.602590406928449 ], [ -84.286811166108464, 33.602323407137227 ], [ -84.286939165256669, 33.602181406552816 ], [ -84.287260165647027, 33.601827406670154 ], [ -84.287618166745631, 33.601515406266188 ], [ -84.287945166085478, 33.6013244060494 ], [ -84.289513166430766, 33.600397406834382 ], [ -84.290448166216137, 33.599719405404457 ], [ -84.290762166933803, 33.59939140543046 ], [ -84.290774167527687, 33.599378406409507 ], [ -84.291013166105657, 33.599104405926333 ], [ -84.291012167179062, 33.599022405465007 ], [ -84.291138166677428, 33.598870406009681 ], [ -84.291259167051265, 33.598676406236862 ], [ -84.291587167114315, 33.598122405023133 ], [ -84.291821166567743, 33.597672405021363 ], [ -84.29209316745262, 33.597240404816013 ], [ -84.292374167660014, 33.596834405002689 ], [ -84.293131167170145, 33.59607740499451 ], [ -84.293403167156725, 33.595921404633707 ], [ -84.293498167591267, 33.59589640447286 ], [ -84.294129167603046, 33.595430404668683 ], [ -84.294408167262304, 33.595223404993369 ], [ -84.295127168035918, 33.594695405003456 ], [ -84.295369167885255, 33.594541404522296 ], [ -84.295811167751125, 33.595320405076613 ], [ -84.297042168710831, 33.597571405210466 ], [ -84.297345168659533, 33.598109405810902 ], [ -84.29825116903092, 33.59971740539013 ], [ -84.298746169498543, 33.600540405490754 ], [ -84.299017169660203, 33.601025405593028 ], [ -84.299231169022136, 33.601439405776183 ], [ -84.299476170142825, 33.601917406562521 ], [ -84.299711169421144, 33.602368405714003 ], [ -84.302278170922548, 33.607114407123959 ], [ -84.303262170213415, 33.608968407526362 ], [ -84.303290170700819, 33.609016407944274 ], [ -84.30549617162886, 33.613081408221689 ], [ -84.305511171697475, 33.613108408340715 ], [ -84.305535171986932, 33.613153408021539 ], [ -84.306642172199744, 33.61526240870537 ], [ -84.306821172299891, 33.615560408964555 ], [ -84.307461172532498, 33.615782409125529 ], [ -84.307617172168094, 33.615837408605245 ], [ -84.308040172665713, 33.615801409085812 ], [ -84.309888173393475, 33.615808408203883 ], [ -84.311879174236367, 33.615816409012076 ], [ -84.312304174383826, 33.615823408128939 ], [ -84.314486175022409, 33.615857408747416 ], [ -84.315941174491471, 33.615881408911868 ], [ -84.319609176357901, 33.615927408086272 ], [ -84.319712176290068, 33.615928408279451 ], [ -84.323509177129608, 33.615954408061874 ], [ -84.324013176919763, 33.615962408108402 ], [ -84.329137178978485, 33.616042407785017 ], [ -84.329574178821488, 33.616129407975627 ], [ -84.333809180227263, 33.613327406666222 ], [ -84.335118180106477, 33.612781406413099 ], [ -84.335037180813913, 33.616490407294989 ], [ -84.335415181105688, 33.617051408450251 ], [ -84.335441180146645, 33.617048407909714 ], [ -84.337208181581872, 33.616255407244658 ], [ -84.338630181438958, 33.615590407402209 ], [ -84.340077182308733, 33.614932406854656 ], [ -84.339051181388442, 33.615537407412276 ], [ -84.338899181950794, 33.615607407759086 ], [ -84.339013181753614, 33.615740407662969 ], [ -84.339100181792247, 33.615842408080177 ], [ -84.339136181777263, 33.61590040810222 ], [ -84.339223181815882, 33.616037408321745 ], [ -84.339256182326181, 33.616171407752418 ], [ -84.339262181275657, 33.616288408251755 ], [ -84.339245181557203, 33.61634440759692 ], [ -84.339364181382891, 33.616328408322111 ], [ -84.339572181795361, 33.616312407548087 ], [ -84.339735182001959, 33.616278407857216 ], [ -84.341190182369346, 33.616084407604262 ], [ -84.341623182014374, 33.616026407706052 ], [ -84.342119182306945, 33.615951407483131 ], [ -84.342558182698085, 33.61588540744247 ], [ -84.343271182725601, 33.615777407402881 ], [ -84.343954183514214, 33.615697407480283 ], [ -84.343985182578052, 33.616151407683127 ], [ -84.343987183126202, 33.617334407352587 ] ] ] ] } },
{ "type": "Feature", "properties": { "STATEFP": "13", "COUNTYFP": "063", "TRACTCE": "040512", "GEOID": "13063040512", "GEOIDFQ": "1400000US13063040512", "NAME": "405.12", "NAMELSAD": "Census Tract 405.12", "MTFCC": "G5020", "FUNCSTAT": "S", "ALAND": 4517085.0, "AWATER": 26050.0, "INTPTLAT": "+33.5743855", "INTPTLON": "-084.4333110", "OBJECTID": 358, "CensusTract": "13063040512", "State": "Georgia", "County": "Clayton County", "Urban": 1, "Pop2010": 5076, "OHU2010": 1848, "GroupQuartersFlag": 0, "NUMGQTRS": 0, "PCTGQTRS": 0.0, "LILATracts_1And10": 1, "LILATracts_halfAnd10": 1, "LILATracts_1And20": 1, "LILATracts_Vehicle": 0, "Shape_Length": 11438.546786813391, "Shape_Area": 6561351.6980233556 }, "geometry": { "type": "MultiPolygon", "coordinates": [ [ [ [ -84.448698210969894, 33.571853393895445 ], [ -84.438258208130122, 33.576136395998788 ], [ -84.436744208211536, 33.576758396104751 ], [ -84.430724205827175, 33.579237397028137 ], [ -84.428630205950455, 33.580117395979443 ], [ -84.428336205324257, 33.580270396904695 ], [ -84.42777820510743, 33.579460396275117 ], [ -84.427692205792013, 33.579342396077529 ], [ -84.427613205250992, 33.579227396078487 ], [ -84.427557205174494, 33.579175396809589 ], [ -84.427359204807772, 33.578883396533399 ], [ -84.426995205658017, 33.578358396468616 ], [ -84.426865205063365, 33.578150396362304 ], [ -84.426812205359923, 33.578109395911611 ], [ -84.426747205062583, 33.577999395938697 ], [ -84.426680205115431, 33.57788639616755 ], [ -84.426558204916702, 33.577680396197422 ], [ -84.426433204344903, 33.577590396463023 ], [ -84.426323204740058, 33.577511396178153 ], [ -84.426059205149414, 33.577451395998686 ], [ -84.42603120466201, 33.577445395903574 ], [ -84.425973204935673, 33.577444396012453 ], [ -84.425746205154979, 33.577439396556542 ], [ -84.425210204679445, 33.577483395500842 ], [ -84.424985204548534, 33.577496396324271 ], [ -84.424568203898716, 33.577523395610278 ], [ -84.424496204827008, 33.577549396494732 ], [ -84.424040203819118, 33.577642395938504 ], [ -84.423487204523468, 33.57781339697187 ], [ -84.422918204435987, 33.578106397009591 ], [ -84.422695203954916, 33.578211395938098 ], [ -84.421851203507813, 33.578738396649371 ], [ -84.421783203735757, 33.578762396667685 ], [ -84.421288203268105, 33.578821396808905 ], [ -84.420816203265005, 33.578827396808357 ], [ -84.420181203055293, 33.578836396432507 ], [ -84.419960203122344, 33.578829396558604 ], [ -84.419655202625506, 33.578840396680967 ], [ -84.418627202953701, 33.578859396548786 ], [ -84.416043201733885, 33.578835396557437 ], [ -84.415510202529731, 33.578831396308807 ], [ -84.415441202034444, 33.578830396433681 ], [ -84.412036200832063, 33.578761396791762 ], [ -84.411877200823383, 33.578769397295389 ], [ -84.412086200162449, 33.576562396947274 ], [ -84.412093200733452, 33.576483396469868 ], [ -84.412194201015808, 33.575369396344804 ], [ -84.412445201085973, 33.572638395393959 ], [ -84.412639200356409, 33.570566395374193 ], [ -84.413010200975478, 33.566523393951556 ], [ -84.413012200625317, 33.566501394308872 ], [ -84.413167200436021, 33.566507393667614 ], [ -84.413930200692263, 33.566501394308872 ], [ -84.414039200472203, 33.565974394489778 ], [ -84.414166200693799, 33.565558393977362 ], [ -84.414377201479311, 33.56505939461627 ], [ -84.414656200240259, 33.564619393985836 ], [ -84.415078200912973, 33.564040393756628 ], [ -84.415671200391586, 33.56325239326187 ], [ -84.4158702005832, 33.562968393490443 ], [ -84.416265201491726, 33.562373393118364 ], [ -84.416866201366275, 33.561509393399277 ], [ -84.416887201282677, 33.561395392926009 ], [ -84.416963201450642, 33.561392393443377 ], [ -84.417149202121806, 33.561394392848989 ], [ -84.418085201732097, 33.561379392440408 ], [ -84.418436202259684, 33.561381392594839 ], [ -84.419097202408679, 33.561550392751307 ], [ -84.419832202177517, 33.561663392946059 ], [ -84.42103920284778, 33.561923392315911 ], [ -84.421424201913922, 33.561977393134867 ], [ -84.42156020235636, 33.561996392971373 ], [ -84.42201620246594, 33.562059392872236 ], [ -84.422343202704084, 33.562104392987095 ], [ -84.422592202226127, 33.562139392394862 ], [ -84.42280420373487, 33.562150393146894 ], [ -84.423142202945343, 33.562187393420295 ], [ -84.423789202850628, 33.562258392970016 ], [ -84.424646203716534, 33.562352392484328 ], [ -84.425080204084793, 33.562402392773599 ], [ -84.425250203964097, 33.56244039300401 ], [ -84.425509203531874, 33.562521392986291 ], [ -84.426241203825981, 33.562875393209453 ], [ -84.427030204021477, 33.563422393553232 ], [ -84.427260204175255, 33.563604392631213 ], [ -84.427614204177587, 33.563756392833973 ], [ -84.427633204444149, 33.563767393379976 ], [ -84.427813205267526, 33.563811393304341 ], [ -84.427837203760348, 33.563817392849977 ], [ -84.428104204622358, 33.563943393691495 ], [ -84.428297204966199, 33.564027392403752 ], [ -84.428514204701173, 33.564091393114417 ], [ -84.429304204721603, 33.564276393159098 ], [ -84.430068204802751, 33.564458392682873 ], [ -84.430176205656096, 33.564493393382193 ], [ -84.430578205339017, 33.564701393460126 ], [ -84.430924204945413, 33.564891393129479 ], [ -84.431612205756906, 33.565341393436498 ], [ -84.432063205843605, 33.56563639319689 ], [ -84.432397206652766, 33.565841392690579 ], [ -84.432909205940518, 33.566056393425832 ], [ -84.43302820576622, 33.566114393247055 ], [ -84.433120206726031, 33.566159393494459 ], [ -84.433494205921548, 33.566270392856723 ], [ -84.433524206058749, 33.566286393933119 ], [ -84.433923206266925, 33.566460393564817 ], [ -84.434455206544499, 33.566595393695707 ], [ -84.434815207292914, 33.566692393775867 ], [ -84.435776207017568, 33.566858393228159 ], [ -84.436108206380268, 33.566854393921489 ], [ -84.4361302070199, 33.566857393214356 ], [ -84.43631620769105, 33.566872394168385 ], [ -84.437596207257926, 33.566877393487765 ], [ -84.441799208876645, 33.566954393000188 ], [ -84.443620208941908, 33.566977393288411 ], [ -84.444626209770703, 33.566992392724551 ], [ -84.446044210328182, 33.567013392978708 ], [ -84.448084210676541, 33.567019393050337 ], [ -84.448061210212018, 33.567176393280604 ], [ -84.448003210485709, 33.567534393157551 ], [ -84.447933210165488, 33.567853392968175 ], [ -84.447853210697872, 33.568348393412315 ], [ -84.447841211002299, 33.568423393118671 ], [ -84.447819210362695, 33.568925393218116 ], [ -84.447835210256201, 33.569139393023256 ], [ -84.448038210645791, 33.570049393937929 ], [ -84.448042209945427, 33.570066394290656 ], [ -84.448314210830318, 33.570886394428221 ], [ -84.448455210397299, 33.571208393719886 ], [ -84.448557210504575, 33.571449394291371 ], [ -84.448698210969894, 33.571853393895445 ] ] ] ] } },
{ "type": "Feature", "properties": { "STATEFP": "13", "COUNTYFP": "063", "TRACTCE": "040409", "GEOID": "13063040409", "GEOIDFQ": "1400000US13063040409", "NAME": "404.09", "NAMELSAD": "Census Tract 404.09", "MTFCC": "G5020", "FUNCSTAT": "S", "ALAND": 3735985.0, "AWATER": 3151.0, "INTPTLAT": "+33.5926501", "INTPTLON": "-084.3069096", "OBJECTID": 347, "CensusTract": "13063040409", "State": "Georgia", "County": "Clayton County", "Urban": 1, "Pop2010": 5716, "OHU2010": 1918, "GroupQuartersFlag": 0, "NUMGQTRS": 4, "PCTGQTRS": 0.069979006, "LILATracts_1And10": 1, "LILATracts_halfAnd10": 1, "LILATracts_1And20": 1, "LILATracts_Vehicle": 0, "Shape_Length": 9686.5491747897686, "Shape_Area": 5402644.8799238158 }, "geometry": { "type": "MultiPolygon", "coordinates": [ [ [ [ -84.318301174506999, 33.596925404533593 ], [ -84.3179861739644, 33.596870404211892 ], [ -84.317209174362787, 33.596613404352624 ], [ -84.315904173783238, 33.596297404352313 ], [ -84.315668173781688, 33.596240404283435 ], [ -84.31349617318881, 33.595726404534155 ], [ -84.313291173149409, 33.596126404781018 ], [ -84.312607172535877, 33.597430404691394 ], [ -84.311838173330173, 33.598849405276205 ], [ -84.311659173230041, 33.599148405046762 ], [ -84.311553172924803, 33.599232404665614 ], [ -84.311433172375914, 33.599279404879887 ], [ -84.311232173432785, 33.599318404974511 ], [ -84.310891172052592, 33.599342405254255 ], [ -84.310714172500582, 33.599350404597772 ], [ -84.310510173184412, 33.599397405495928 ], [ -84.310281171957243, 33.599458405763755 ], [ -84.310034172085025, 33.599570405333665 ], [ -84.309716172067709, 33.599786405482924 ], [ -84.309579171800351, 33.599919405104771 ], [ -84.308981172298871, 33.600358405731257 ], [ -84.30866017280681, 33.600475405994892 ], [ -84.308072172452768, 33.600580405386424 ], [ -84.307530172129475, 33.600667405469522 ], [ -84.306965171341631, 33.600766406153937 ], [ -84.30612817056722, 33.60080340558698 ], [ -84.304830170558688, 33.60076040543548 ], [ -84.302744170179551, 33.600689406130279 ], [ -84.301369169279795, 33.600643405558586 ], [ -84.300569169213631, 33.600616405276675 ], [ -84.298746169498543, 33.600540405490754 ], [ -84.29825116903092, 33.59971740539013 ], [ -84.297345168659533, 33.598109405810902 ], [ -84.297042168710831, 33.597571405210466 ], [ -84.295811167751125, 33.595320405076613 ], [ -84.295369167885255, 33.594541404522296 ], [ -84.294933166968846, 33.593741404682845 ], [ -84.294716168132183, 33.59326540438925 ], [ -84.294479167407417, 33.592578404075383 ], [ -84.29431016735299, 33.592021404185424 ], [ -84.294185167679544, 33.591642403857875 ], [ -84.293818167258422, 33.590339403737197 ], [ -84.293544167622017, 33.589500403065081 ], [ -84.293534166677958, 33.589467403777157 ], [ -84.293332167011599, 33.588783403177025 ], [ -84.293112166903583, 33.588123403548693 ], [ -84.292733166786888, 33.586947402637279 ], [ -84.292649167121311, 33.586764403597051 ], [ -84.292580166626024, 33.586615402848651 ], [ -84.292530167295624, 33.58646440301802 ], [ -84.292350166472247, 33.585803403067644 ], [ -84.291866166773573, 33.583821401837227 ], [ -84.291582166193123, 33.582752401961734 ], [ -84.291494166329585, 33.582422402163253 ], [ -84.291535166337482, 33.582359401405107 ], [ -84.291532165964426, 33.582313402283638 ], [ -84.291507165850064, 33.582195402245084 ], [ -84.291448166298821, 33.582045402749536 ], [ -84.291375166503897, 33.581871401601127 ], [ -84.291274166221555, 33.581690401956756 ], [ -84.29119716622867, 33.58158240174415 ], [ -84.291121166060677, 33.581467401736511 ], [ -84.291223166167939, 33.581431402086565 ], [ -84.291364165734919, 33.581393401982403 ], [ -84.291995165746712, 33.581375401769698 ], [ -84.292447166556627, 33.581428401803237 ], [ -84.292701166101523, 33.581484401337299 ], [ -84.293403167156725, 33.5816404016118 ], [ -84.294270166271716, 33.581820401520609 ], [ -84.294809167120277, 33.581883401923804 ], [ -84.29554516761236, 33.581908402403734 ], [ -84.296180167822072, 33.581897401924024 ], [ -84.297751167642076, 33.581861401705055 ], [ -84.298422168735129, 33.581857401596686 ], [ -84.298717167389597, 33.581855401168198 ], [ -84.299639168552829, 33.581837401800207 ], [ -84.300125168799624, 33.581847401699051 ], [ -84.300326168641078, 33.581846401858876 ], [ -84.302019168659825, 33.582015401621732 ], [ -84.303269169886107, 33.58220440151802 ], [ -84.305099170172184, 33.582527401827811 ], [ -84.306466170676032, 33.58279940142674 ], [ -84.306672171438677, 33.582844401957303 ], [ -84.307436170621514, 33.582901401897175 ], [ -84.307974170746846, 33.582919401791628 ], [ -84.311290172260769, 33.582925401506117 ], [ -84.31293517170063, 33.582984401046453 ], [ -84.312973172233782, 33.583236401229428 ], [ -84.313076172165935, 33.583753401513555 ], [ -84.3131851728442, 33.584041401768765 ], [ -84.313561172587839, 33.585079402274559 ], [ -84.313630173083126, 33.585233401686693 ], [ -84.313904172719518, 33.585837402054167 ], [ -84.314034172415859, 33.586174402289949 ], [ -84.314246173026277, 33.586651401832626 ], [ -84.314271173140639, 33.586710401818685 ], [ -84.314313172973428, 33.586811402373463 ], [ -84.314446173042811, 33.587133402871139 ], [ -84.314774173105874, 33.587785402174177 ], [ -84.314947173358235, 33.588180402246358 ], [ -84.315191173755707, 33.588676403371558 ], [ -84.315283173817221, 33.589068402340075 ], [ -84.315301173360567, 33.589702402762342 ], [ -84.315330173672876, 33.590422403214781 ], [ -84.315839173485912, 33.592186403845261 ], [ -84.316310173664093, 33.59341040380739 ], [ -84.316385173108856, 33.593544403987053 ], [ -84.316526173574161, 33.593915403593826 ], [ -84.316630174229559, 33.594209404026728 ], [ -84.316820174200345, 33.594581404207212 ], [ -84.316950173896686, 33.594814404098564 ], [ -84.317417174775244, 33.595575404188729 ], [ -84.317599174350121, 33.595869404201302 ], [ -84.317694173886366, 33.596008404178995 ], [ -84.317772174602496, 33.596155404320825 ], [ -84.317910174694759, 33.59638040408327 ], [ -84.318049174611929, 33.596536403613868 ], [ -84.318301174506999, 33.596925404533593 ] ] ] ] } },
{ "type": "Feature", "properties": { "STATEFP": "13", "COUNTYFP": "063", "TRACTCE": "040407", "GEOID": "13063040407", "GEOIDFQ": "1400000US13063040407", "NAME": "404.07", "NAMELSAD": "Census Tract 404.07", "MTFCC": "G5020", "FUNCSTAT": "S", "ALAND": 9120718.0, "AWATER": 123937.0, "INTPTLAT": "+33.6071615", "INTPTLON": "-084.3298311", "OBJECTID": 345, "CensusTract": "13063040407", "State": "Georgia", "County": "Clayton County", "Urban": 1, "Pop2010": 3622, "OHU2010": 1271, "GroupQuartersFlag": 0, "NUMGQTRS": 0, "PCTGQTRS": 0.0, "LILATracts_1And10": 1, "LILATracts_halfAnd10": 1, "LILATracts_1And20": 1, "LILATracts_Vehicle": 0, "Shape_Length": 19386.228452533767, "Shape_Area": 13362636.383964995 }, "geometry": { "type": "MultiPolygon", "coordinates": [ [ [ [ -84.363935188495034, 33.605066404647445 ], [ -84.363815187946116, 33.606038404198912 ], [ -84.363774187938219, 33.606603404259452 ], [ -84.363732189003741, 33.607391404728652 ], [ -84.363730188455591, 33.60780340519424 ], [ -84.36371518838699, 33.608569405028582 ], [ -84.36330318865835, 33.608569405028582 ], [ -84.36117918774606, 33.608518405020554 ], [ -84.360992187249991, 33.608524405199113 ], [ -84.360881187820226, 33.608525405478254 ], [ -84.360793187058363, 33.608525405478254 ], [ -84.360635186874603, 33.608537405085784 ], [ -84.360532187840761, 33.608565405410424 ], [ -84.360491187832892, 33.608592404699557 ], [ -84.36040718726899, 33.608707405206978 ], [ -84.360342186971664, 33.608916405983571 ], [ -84.360345187344691, 33.609223405185318 ], [ -84.360338187672028, 33.609524404681558 ], [ -84.360290187093128, 33.609790405849594 ], [ -84.36015318772408, 33.610027406094844 ], [ -84.360083187403887, 33.610110405329031 ], [ -84.360011187433869, 33.610211405416031 ], [ -84.35994818768468, 33.61030040602428 ], [ -84.359863187295858, 33.610388405535041 ], [ -84.359776187257225, 33.610452405530815 ], [ -84.359693187416539, 33.610494405829556 ], [ -84.359595187507253, 33.610531405577049 ], [ -84.359493187400005, 33.610545405416666 ], [ -84.35928818646228, 33.610555405728249 ], [ -84.358181186249453, 33.610602405755678 ], [ -84.356876186568229, 33.610643405726833 ], [ -84.356896186659711, 33.610798405386788 ], [ -84.357026186356038, 33.611572405247308 ], [ -84.357269186928619, 33.61186540584103 ], [ -84.357640186649377, 33.612165406348993 ], [ -84.357692186527913, 33.612205406088435 ], [ -84.357880186848888, 33.612350406578138 ], [ -84.357981187131216, 33.612467406279535 ], [ -84.358039187755864, 33.612534406177673 ], [ -84.358123186523116, 33.612693406352875 ], [ -84.358145187162762, 33.61273440607755 ], [ -84.358129187269242, 33.612939405904754 ], [ -84.35806018677394, 33.61318740670086 ], [ -84.357831186445082, 33.614298407125503 ], [ -84.357672186436417, 33.61512740691083 ], [ -84.357570187227495, 33.61546040636658 ], [ -84.357334187225945, 33.616474407299137 ], [ -84.357306186738541, 33.616636407493772 ], [ -84.357186187087933, 33.617368407374897 ], [ -84.357173186669129, 33.61780840759824 ], [ -84.357173186669129, 33.617820407409667 ], [ -84.357164186448315, 33.617929408051324 ], [ -84.357143186531914, 33.618025407857111 ], [ -84.357105186897087, 33.618128407233769 ], [ -84.357076187483088, 33.618119407968571 ], [ -84.353774185314535, 33.617078407325621 ], [ -84.352795185148238, 33.616753407361834 ], [ -84.35260818555048, 33.616691407176589 ], [ -84.352311185449565, 33.616593407010036 ], [ -84.350242184788868, 33.615913407624582 ], [ -84.349627184670638, 33.615731406652266 ], [ -84.349581184639874, 33.615718407102456 ], [ -84.349006184704606, 33.615532406423497 ], [ -84.347934184651876, 33.615201406901079 ], [ -84.346757184118857, 33.614851406690114 ], [ -84.346046183741137, 33.61463940696121 ], [ -84.344957183071656, 33.614302406477663 ], [ -84.343550183283185, 33.613844406887132 ], [ -84.343226182519757, 33.613802406724432 ], [ -84.343122182762698, 33.613789406883676 ], [ -84.342682182546639, 33.613844406887132 ], [ -84.34222918191179, 33.613953406572563 ], [ -84.340077182308733, 33.614932406854656 ], [ -84.338630181438958, 33.615590407402209 ], [ -84.337208181581872, 33.616255407244658 ], [ -84.335441180146645, 33.617048407909714 ], [ -84.335415181105688, 33.617051408450251 ], [ -84.335037180813913, 33.616490407294989 ], [ -84.335118180106477, 33.612781406413099 ], [ -84.333809180227263, 33.613327406666222 ], [ -84.329574178821488, 33.616129407975627 ], [ -84.329137178978485, 33.616042407785017 ], [ -84.324013176919763, 33.615962408108402 ], [ -84.323509177129608, 33.615954408061874 ], [ -84.319712176290068, 33.615928408279451 ], [ -84.319609176357901, 33.615927408086272 ], [ -84.315941174491471, 33.615881408911868 ], [ -84.314486175022409, 33.615857408747416 ], [ -84.312304174383826, 33.615823408128939 ], [ -84.311879174236367, 33.615816409012076 ], [ -84.309888173393475, 33.615808408203883 ], [ -84.308040172665713, 33.615801409085812 ], [ -84.307617172168094, 33.615837408605245 ], [ -84.307461172532498, 33.615782409125529 ], [ -84.306821172299891, 33.615560408964555 ], [ -84.306642172199744, 33.61526240870537 ], [ -84.305535171986932, 33.613153408021539 ], [ -84.305511171697475, 33.613108408340715 ], [ -84.30549617162886, 33.613081408221689 ], [ -84.303290170700819, 33.609016407944274 ], [ -84.303262170213415, 33.608968407526362 ], [ -84.302278170922548, 33.607114407123959 ], [ -84.299711169421144, 33.602368405714003 ], [ -84.299476170142825, 33.601917406562521 ], [ -84.299231169022136, 33.601439405776183 ], [ -84.299017169660203, 33.601025405593028 ], [ -84.298746169498543, 33.600540405490754 ], [ -84.300569169213631, 33.600616405276675 ], [ -84.301369169279795, 33.600643405558586 ], [ -84.302744170179551, 33.600689406130279 ], [ -84.304830170558688, 33.60076040543548 ], [ -84.30612817056722, 33.60080340558698 ], [ -84.306965171341631, 33.600766406153937 ], [ -84.307530172129475, 33.600667405469522 ], [ -84.308072172452768, 33.600580405386424 ], [ -84.30866017280681, 33.600475405994892 ], [ -84.308981172298871, 33.600358405731257 ], [ -84.309579171800351, 33.599919405104771 ], [ -84.309716172067709, 33.599786405482924 ], [ -84.310034172085025, 33.599570405333665 ], [ -84.310281171957243, 33.599458405763755 ], [ -84.310510173184412, 33.599397405495928 ], [ -84.310714172500582, 33.599350404597772 ], [ -84.310891172052592, 33.599342405254255 ], [ -84.311232173432785, 33.599318404974511 ], [ -84.311433172375914, 33.599279404879887 ], [ -84.311553172924803, 33.599232404665614 ], [ -84.311659173230041, 33.599148405046762 ], [ -84.311838173330173, 33.598849405276205 ], [ -84.312607172535877, 33.597430404691394 ], [ -84.313291173149409, 33.596126404781018 ], [ -84.31349617318881, 33.595726404534155 ], [ -84.315668173781688, 33.596240404283435 ], [ -84.315904173783238, 33.596297404352313 ], [ -84.317209174362787, 33.596613404352624 ], [ -84.3179861739644, 33.596870404211892 ], [ -84.318301174506999, 33.596925404533593 ], [ -84.318653174859506, 33.597252404497574 ], [ -84.319369174361753, 33.597816404858413 ], [ -84.320631175283609, 33.598855404631188 ], [ -84.320731175741031, 33.59893840414513 ], [ -84.321148175492553, 33.599180404733055 ], [ -84.321481175578484, 33.599337404822393 ], [ -84.322759176393859, 33.599468404368423 ], [ -84.323408175948956, 33.599569404950635 ], [ -84.323559176460009, 33.599541403949161 ], [ -84.323775177268402, 33.599536405025326 ], [ -84.324628177038008, 33.599540404314027 ], [ -84.326066176788643, 33.599571404968394 ], [ -84.328854178222954, 33.599473404792683 ], [ -84.330586177701448, 33.599457404631238 ], [ -84.331934178837017, 33.599455404610836 ], [ -84.332844178508026, 33.599469404004381 ], [ -84.333168179271453, 33.599474404428534 ], [ -84.334443178815448, 33.599525403800321 ], [ -84.335476180306742, 33.599524404165066 ], [ -84.33558317953856, 33.59952740381911 ], [ -84.337368180517117, 33.599587404360449 ], [ -84.33898518126621, 33.599606404149021 ], [ -84.339033180946785, 33.59960840416592 ], [ -84.339507181498021, 33.599601403732521 ], [ -84.340802181133512, 33.599570403837184 ], [ -84.341954181552197, 33.599576404638441 ], [ -84.342649182036368, 33.599572403854921 ], [ -84.344442182512552, 33.599574403872559 ], [ -84.344845182020364, 33.599566403801624 ], [ -84.345281182936759, 33.600252404197889 ], [ -84.345691183015603, 33.60088040401245 ], [ -84.345888183557406, 33.601012403825507 ], [ -84.346328182875126, 33.601203403985181 ], [ -84.348226183831599, 33.60202640411994 ], [ -84.3485641830421, 33.602202404230219 ], [ -84.349675183452888, 33.602897403965621 ], [ -84.35010418379828, 33.603101404397314 ], [ -84.350431184934763, 33.603215404406392 ], [ -84.350885184496192, 33.603239404349701 ], [ -84.351780184098587, 33.60323240421107 ], [ -84.353499184954913, 33.603262404694405 ], [ -84.353613184757734, 33.603275404626253 ], [ -84.354209185507713, 33.603263405034546 ], [ -84.354466185425665, 33.603286403876432 ], [ -84.354708185275001, 33.603289404147823 ], [ -84.355262185293867, 33.603285404284719 ], [ -84.355386186040747, 33.603288403807987 ], [ -84.35580518544208, 33.603269404082404 ], [ -84.356049185839566, 33.603250404352686 ], [ -84.35620318582535, 33.603230404278214 ], [ -84.356402186016979, 33.60319140370818 ], [ -84.357534186344154, 33.60295740365855 ], [ -84.35784118649083, 33.602929404505339 ], [ -84.358033187009767, 33.602933403636747 ], [ -84.358225186630378, 33.602955403719321 ], [ -84.358336186060157, 33.602983404360458 ], [ -84.358361186174506, 33.602989404176071 ], [ -84.358615186617726, 33.603068404327196 ], [ -84.358756187083031, 33.60311140407601 ], [ -84.3591121876335, 33.603228403597107 ], [ -84.359264187071147, 33.603265403470211 ], [ -84.359363186805339, 33.603279404489768 ], [ -84.359429186927585, 33.603287404216289 ], [ -84.359487186653908, 33.603296404281828 ], [ -84.359678186449614, 33.603311404139561 ], [ -84.360026187502484, 33.603309404208545 ], [ -84.360427187360457, 33.603320404202599 ], [ -84.36069118784944, 33.603345403707721 ], [ -84.36084818641163, 33.603382403530567 ], [ -84.360937186998413, 33.603403403908288 ], [ -84.360982188102568, 33.60341240396172 ], [ -84.361114187448734, 33.603441404044375 ], [ -84.36127118780756, 33.603479403415498 ], [ -84.361807187384784, 33.603616403923255 ], [ -84.362218187288519, 33.603722404314176 ], [ -84.362309188423424, 33.603744404195503 ], [ -84.36237718729717, 33.603759403975303 ], [ -84.362442187594496, 33.60377140349798 ], [ -84.362511187191473, 33.603783404515404 ], [ -84.362588187184357, 33.603794403700782 ], [ -84.362636187763272, 33.603800404208044 ], [ -84.362922187993519, 33.60384240400662 ], [ -84.36303618779634, 33.603859404435838 ], [ -84.363193188155179, 33.603847404177195 ], [ -84.363624188150411, 33.603796403620493 ], [ -84.363855188129079, 33.60374240427452 ], [ -84.364073187688973, 33.603705403857951 ], [ -84.363935188495034, 33.605066404647445 ] ] ] ] } },
{ "type": "Feature", "properties": { "STATEFP": "13", "COUNTYFP": "089", "TRACTCE": "022100", "GEOID": "13089022100", "GEOIDFQ": "1400000US13089022100", "NAME": "221", "NAMELSAD": "Census Tract 221", "MTFCC": "G5020", "FUNCSTAT": "S", "ALAND": 3399069.0, "AWATER": 18701.0, "INTPTLAT": "+33.7906241", "INTPTLON": "-084.2553347", "OBJECTID": 668, "CensusTract": "13089022100", "State": "Georgia", "County": "DeKalb County", "Urban": 1, "Pop2010": 3654, "OHU2010": 1434, "GroupQuartersFlag": 0, "NUMGQTRS": 3, "PCTGQTRS": 0.082101806, "LILATracts_1And10": 1, "LILATracts_halfAnd10": 1, "LILATracts_1And20": 1, "LILATracts_Vehicle": 1, "Shape_Length": 10025.01371686725, "Shape_Area": 4961104.8420365062 }, "geometry": { "type": "MultiPolygon", "coordinates": [ [ [ [ -84.2681941702416, 33.77969744468993 ], [ -84.268101169456855, 33.779730445698419 ], [ -84.267298169915975, 33.780106444842062 ], [ -84.266847169829248, 33.7803684457716 ], [ -84.266564169073732, 33.780580445390022 ], [ -84.266104169664501, 33.780978446130284 ], [ -84.26605416943579, 33.781021445803177 ], [ -84.26564116988223, 33.781471445529718 ], [ -84.265427168723676, 33.781764445232277 ], [ -84.265354168928752, 33.781863445830268 ], [ -84.265261169042319, 33.781991445935986 ], [ -84.264944168849922, 33.782526446138725 ], [ -84.264759168901989, 33.783068446423833 ], [ -84.264729168764774, 33.783158446348473 ], [ -84.264550168664613, 33.783872446182059 ], [ -84.264521169250628, 33.784545446856853 ], [ -84.264507169006905, 33.78487044654814 ], [ -84.264535169494309, 33.788455447386823 ], [ -84.264506169181999, 33.789857447386574 ], [ -84.264488169638653, 33.790703447992406 ], [ -84.26444716963077, 33.791222447938587 ], [ -84.26435016954639, 33.791772447796582 ], [ -84.264229169172566, 33.792242447943117 ], [ -84.264046168874458, 33.792750447862112 ], [ -84.263859169276714, 33.793167448367413 ], [ -84.263636168795628, 33.793615448485532 ], [ -84.26335916968452, 33.794086449326116 ], [ -84.26324816935643, 33.794248448583566 ], [ -84.263080169126951, 33.794493448726115 ], [ -84.262867169589924, 33.794768449041172 ], [ -84.262800168744462, 33.794850448787727 ], [ -84.262680169093855, 33.795001449471926 ], [ -84.262408169107303, 33.795293449564852 ], [ -84.261937168929094, 33.795749448750598 ], [ -84.261539168545838, 33.796093449645923 ], [ -84.260019168779451, 33.797287448741258 ], [ -84.256670167653581, 33.799929449896538 ], [ -84.255452167112665, 33.800883450058485 ], [ -84.254979167284645, 33.801248450317203 ], [ -84.254489166839875, 33.801589450688347 ], [ -84.254082167134101, 33.801847451241819 ], [ -84.253341166619165, 33.802202450705884 ], [ -84.252994166289525, 33.802337450620229 ], [ -84.252441166095565, 33.802515450397486 ], [ -84.251832166723432, 33.802663450962001 ], [ -84.250266166027984, 33.802972450927221 ], [ -84.250033166399476, 33.803019451775945 ], [ -84.247801164633842, 33.803415450723435 ], [ -84.247541165241145, 33.803458451071897 ], [ -84.247261164858685, 33.803504451403334 ], [ -84.247131165162344, 33.803526451682963 ], [ -84.247126165139463, 33.803318450916969 ], [ -84.247453165377607, 33.803243451352891 ], [ -84.247428164364948, 33.802527451300129 ], [ -84.247425165788528, 33.802448451485112 ], [ -84.247411164646493, 33.801527450925533 ], [ -84.247424165065297, 33.801108450279287 ], [ -84.247446165704915, 33.798557450156835 ], [ -84.247452164654391, 33.797890450284548 ], [ -84.247442165506968, 33.797708450067013 ], [ -84.247407165346843, 33.79760244987682 ], [ -84.24738816418197, 33.797420450539953 ], [ -84.247143164857903, 33.796986450272456 ], [ -84.246598164161554, 33.796387450413555 ], [ -84.246408165089051, 33.796138449120399 ], [ -84.246327164898204, 33.795992449893113 ], [ -84.246263164425798, 33.795848449603461 ], [ -84.246217164395034, 33.795580449933183 ], [ -84.246218164219954, 33.795143448997237 ], [ -84.246237163588205, 33.793922449037403 ], [ -84.246241163786166, 33.793670449183296 ], [ -84.246245163984128, 33.793440449220014 ], [ -84.246262163702568, 33.792265449259631 ], [ -84.246334164570911, 33.790467448094034 ], [ -84.246367164182871, 33.790186448698442 ], [ -84.246365164533046, 33.789467447924565 ], [ -84.246331164197855, 33.788967448312782 ], [ -84.246149163724667, 33.788036448453013 ], [ -84.246007163434427, 33.78740844792032 ], [ -84.245928163791731, 33.7870964479309 ], [ -84.245799163920296, 33.786696447851241 ], [ -84.246277163771182, 33.786943448094974 ], [ -84.246502163902079, 33.787052447132616 ], [ -84.246959163836578, 33.787273447605003 ], [ -84.247416163771064, 33.786522446837736 ], [ -84.247531164297101, 33.786351447569672 ], [ -84.247591164571546, 33.78626144801423 ], [ -84.247746164382264, 33.786031447559154 ], [ -84.247833164420896, 33.785830447795014 ], [ -84.247979164010772, 33.7853774471874 ], [ -84.248201164666938, 33.784460447021239 ], [ -84.248369163998106, 33.783949446503932 ], [ -84.248542164250452, 33.783207446358922 ], [ -84.248985164839553, 33.783169446490362 ], [ -84.249382164499593, 33.783093446702722 ], [ -84.24975016474562, 33.782992446546508 ], [ -84.250339164924597, 33.782800446320358 ], [ -84.250595165017629, 33.782719445979161 ], [ -84.250688164904048, 33.782689446856544 ], [ -84.252040165339267, 33.78226544708253 ], [ -84.252767165610507, 33.782019445793644 ], [ -84.253085165627823, 33.781917446854798 ], [ -84.253585166118327, 33.781732446258921 ], [ -84.254016166113544, 33.78155244630458 ], [ -84.25423716604648, 33.781465446215947 ], [ -84.254388166557547, 33.781406446096923 ], [ -84.254810166331936, 33.781240445885793 ], [ -84.254832166073228, 33.781231446517317 ], [ -84.254918165388631, 33.78119744557619 ], [ -84.254960166119744, 33.781181445611786 ], [ -84.25502516641707, 33.781155446503185 ], [ -84.25510716643285, 33.78112444557425 ], [ -84.255237166129177, 33.781076446377718 ], [ -84.255621166268739, 33.780932445640261 ], [ -84.256796166253622, 33.780526445762462 ], [ -84.257918167433388, 33.780256446367176 ], [ -84.259109166413495, 33.780029445545019 ], [ -84.259922167796773, 33.779920445781748 ], [ -84.260229167943422, 33.779903445799327 ], [ -84.260621167580581, 33.779918445476568 ], [ -84.261617168363642, 33.780084446009958 ], [ -84.262013168198777, 33.780068445090905 ], [ -84.262437168521302, 33.780058445821695 ], [ -84.262503167745209, 33.780056445519726 ], [ -84.262742168119843, 33.78005044536016 ], [ -84.263304168534617, 33.780037445261833 ], [ -84.263928167975365, 33.779992445538149 ], [ -84.264385168808161, 33.779943445928268 ], [ -84.265097169010787, 33.779511445488133 ], [ -84.265552169295447, 33.779231445020869 ], [ -84.265648168656597, 33.779172444856322 ], [ -84.265747169289128, 33.779111445073717 ], [ -84.266215169094266, 33.778724444584185 ], [ -84.26651016954537, 33.778359445360323 ], [ -84.266897169159648, 33.777666445514257 ], [ -84.267059169541369, 33.777982444719385 ], [ -84.267808169553902, 33.779177445289442 ], [ -84.267986169829143, 33.779461445818526 ], [ -84.267997169699797, 33.779477445357557 ], [ -84.268005169197394, 33.779491445325121 ], [ -84.268022169814145, 33.779518445469421 ], [ -84.268032169859893, 33.779534445744545 ], [ -84.268104169829911, 33.779606445078727 ], [ -84.2681941702416, 33.77969744468993 ] ] ] ] } },
{ "type": "Feature", "properties": { "STATEFP": "13", "COUNTYFP": "063", "TRACTCE": "040609", "GEOID": "13063040609", "GEOIDFQ": "1400000US13063040609", "NAME": "406.09", "NAMELSAD": "Census Tract 406.09", "MTFCC": "G5020", "FUNCSTAT": "S", "ALAND": 9303784.0, "AWATER": 100557.0, "INTPTLAT": "+33.5439715", "INTPTLON": "-084.3291756", "OBJECTID": 374, "CensusTract": "13063040609", "State": "Georgia", "County": "Clayton County", "Urban": 1, "Pop2010": 6283, "OHU2010": 2438, "GroupQuartersFlag": 0, "NUMGQTRS": 21, "PCTGQTRS": 0.334235238, "LILATracts_1And10": 1, "LILATracts_halfAnd10": 1, "LILATracts_1And20": 1, "LILATracts_Vehicle": 0, "Shape_Length": 18681.675206417633, "Shape_Area": 13574103.168326778 }, "geometry": { "type": "MultiPolygon", "coordinates": [ [ [ [ -84.354212181389187, 33.527661388186232 ], [ -84.354176181404171, 33.528847387849794 ], [ -84.354165181533517, 33.529705388032738 ], [ -84.354072181647112, 33.530203388978428 ], [ -84.35390818161558, 33.531025388739877 ], [ -84.353539181544647, 33.532074389403732 ], [ -84.352233181140178, 33.534341390206443 ], [ -84.351888181358689, 33.534940389741756 ], [ -84.351236180532197, 33.535733389781242 ], [ -84.350874181032282, 33.536124389907684 ], [ -84.350636180482581, 33.536344390066965 ], [ -84.350472181349375, 33.536502390257979 ], [ -84.350358180648243, 33.536611389562644 ], [ -84.350325181036283, 33.536643390720059 ], [ -84.350212181058367, 33.536753390209263 ], [ -84.348975180250889, 33.537948390343011 ], [ -84.347518180233678, 33.539352391231226 ], [ -84.345807179773274, 33.541038391320797 ], [ -84.345477180060399, 33.541361391391703 ], [ -84.344943179234704, 33.541967391566537 ], [ -84.34471917982701, 33.542313392026642 ], [ -84.344572179513918, 33.542591392050653 ], [ -84.344429179398801, 33.542862392134374 ], [ -84.344198179420118, 33.543444392171629 ], [ -84.344169180006134, 33.543597391445914 ], [ -84.344102179160643, 33.543946391458526 ], [ -84.344043178711104, 33.544402392468363 ], [ -84.344056180028204, 33.544724391676191 ], [ -84.344061179152774, 33.545032392692967 ], [ -84.344082179069161, 33.54529139169437 ], [ -84.345111179464197, 33.550299392884916 ], [ -84.345476180235494, 33.552119393633753 ], [ -84.345547180380606, 33.552689393573409 ], [ -84.345536180509939, 33.553263393431749 ], [ -84.345405180090381, 33.553250393451115 ], [ -84.344992180536806, 33.55322639382716 ], [ -84.344482180000568, 33.553185393518397 ], [ -84.343377179437553, 33.553114393996779 ], [ -84.342874179472318, 33.553088393240024 ], [ -84.341703178787071, 33.553015394039157 ], [ -84.340994178957502, 33.552951393355826 ], [ -84.340547178170439, 33.552893393678204 ], [ -84.339975178608213, 33.552797393997189 ], [ -84.338748178744794, 33.552574394006641 ], [ -84.337530177305581, 33.55247839397115 ], [ -84.33645317722997, 33.55249039388783 ], [ -84.336299177244172, 33.552496394219872 ], [ -84.335895177013143, 33.552509394313965 ], [ -84.334952176831834, 33.552641394007246 ], [ -84.334286177558297, 33.552773394247382 ], [ -84.33339917655519, 33.552976393979328 ], [ -84.333222177003179, 33.553154394166754 ], [ -84.332193176608158, 33.554349395101752 ], [ -84.331781175981206, 33.554799394940616 ], [ -84.331432176001726, 33.555181395057105 ], [ -84.33030917589538, 33.556028395077099 ], [ -84.329401175874182, 33.556421394983467 ], [ -84.32834417499177, 33.556772395113946 ], [ -84.327880175384578, 33.55691439482343 ], [ -84.327282175883084, 33.557125394819799 ], [ -84.327012175546358, 33.557225395432802 ], [ -84.326853175537678, 33.557304395565694 ], [ -84.326784175042391, 33.557338395297421 ], [ -84.326453174606286, 33.557555394987325 ], [ -84.326108174824782, 33.557795395368636 ], [ -84.325964174884746, 33.557921396013079 ], [ -84.325411174690799, 33.5584623956276 ], [ -84.324403174212165, 33.559447396044582 ], [ -84.323336174182302, 33.560490396312517 ], [ -84.322673174383496, 33.561124396325233 ], [ -84.322442174404827, 33.561329396798818 ], [ -84.322299173391357, 33.561559396422268 ], [ -84.322225173771514, 33.561679396373215 ], [ -84.322062173564902, 33.561982396480481 ], [ -84.321846173654848, 33.562559396907105 ], [ -84.321338173666732, 33.563411396706009 ], [ -84.321286173788181, 33.563498397590948 ], [ -84.321190173528706, 33.563637396568751 ], [ -84.321150173345742, 33.563696396568034 ], [ -84.321132173802397, 33.563721397075696 ], [ -84.321091173794528, 33.563781397067046 ], [ -84.320897173625752, 33.564002397224414 ], [ -84.32033617393418, 33.564644397220469 ], [ -84.320305173073734, 33.564680397134886 ], [ -84.320193172920739, 33.564817397129424 ], [ -84.320154173460992, 33.564865397414856 ], [ -84.320084174039124, 33.564952397583461 ], [ -84.316836172297243, 33.562968397233185 ], [ -84.31611517187379, 33.562554397337671 ], [ -84.314430172250979, 33.561559397170846 ], [ -84.313611171918225, 33.561076396954647 ], [ -84.311334169946761, 33.559742396476288 ], [ -84.310923170941351, 33.559495396320521 ], [ -84.308535169540093, 33.558069396024294 ], [ -84.307558169023608, 33.557589396866071 ], [ -84.306432169442516, 33.557102396399188 ], [ -84.304991169318853, 33.556590396610645 ], [ -84.299301166647368, 33.554747395930818 ], [ -84.299309167043305, 33.554590395563189 ], [ -84.29931116669313, 33.554573395906779 ], [ -84.299342166655265, 33.554330395828885 ], [ -84.299445166587432, 33.553763395983303 ], [ -84.299561166938389, 33.55307339513211 ], [ -84.299668167068518, 33.55252439476569 ], [ -84.299786167069271, 33.551843394691502 ], [ -84.299844167693919, 33.551615395030474 ], [ -84.299985166362589, 33.55123439506179 ], [ -84.300114167132335, 33.55099739576044 ], [ -84.300301166730094, 33.55073439509237 ], [ -84.300392167864999, 33.550606395539361 ], [ -84.300570166343604, 33.550418394799301 ], [ -84.300817167114133, 33.550225394864405 ], [ -84.300861166596746, 33.550194395199334 ], [ -84.300967166901941, 33.550120395591563 ], [ -84.301470166867205, 33.549860395131702 ], [ -84.301851167532021, 33.549607394635693 ], [ -84.302035167655035, 33.549461394033045 ], [ -84.302162167876645, 33.549314394464162 ], [ -84.302395167505153, 33.54898839500661 ], [ -84.302888168322966, 33.548437394431566 ], [ -84.303049167083131, 33.548257394548877 ], [ -84.3032781683103, 33.548034394818949 ], [ -84.303578167885959, 33.547860394002065 ], [ -84.303884167309391, 33.547722394576653 ], [ -84.304290168088571, 33.547575394295251 ], [ -84.305291167996202, 33.547247394533073 ], [ -84.305696168950462, 33.547151394567976 ], [ -84.305985168655468, 33.547098394455801 ], [ -84.306645168979543, 33.547112394107216 ], [ -84.306902168897494, 33.547136394680791 ], [ -84.307615168925011, 33.547289394156678 ], [ -84.30769316874283, 33.547286394184269 ], [ -84.309233169499009, 33.547232393913859 ], [ -84.309411169774236, 33.547208394115586 ], [ -84.311149169998842, 33.546985393175746 ], [ -84.311610170131289, 33.546926393740641 ], [ -84.312797169811731, 33.546701393824826 ], [ -84.313144171039681, 33.546580393780893 ], [ -84.314067170231183, 33.546238394194575 ], [ -84.314401171040345, 33.546098393916559 ], [ -84.315231171243724, 33.545688393562351 ], [ -84.315423171762674, 33.545549393402453 ], [ -84.315445171503967, 33.545542393076119 ], [ -84.315578171573378, 33.545400393392164 ], [ -84.315677171307584, 33.54516439332744 ], [ -84.31580217098103, 33.544683392573845 ], [ -84.315873171126142, 33.544469392816254 ], [ -84.31604017153073, 33.544089393060396 ], [ -84.31624317192032, 33.543791392989156 ], [ -84.316458172005483, 33.54351539290105 ], [ -84.316799171589011, 33.543158393335212 ], [ -84.317097171514845, 33.542882392722937 ], [ -84.317370171326317, 33.542552393275464 ], [ -84.317598170931944, 33.542265391937384 ], [ -84.317883172235611, 33.541877392046459 ], [ -84.318149171476094, 33.541446392155521 ], [ -84.318422172185876, 33.541133391775283 ], [ -84.319228172099812, 33.540380391950734 ], [ -84.319833172172309, 33.53992739166118 ], [ -84.319877171654937, 33.539890391587228 ], [ -84.320106172882106, 33.539702392241473 ], [ -84.320453172313421, 33.539526391957715 ], [ -84.320810172688795, 33.53936439147332 ], [ -84.321113172637496, 33.539209391525247 ], [ -84.321378172053059, 33.53913339157473 ], [ -84.321679172351935, 33.539082392457154 ], [ -84.322254173185513, 33.539065391247114 ], [ -84.323262173664148, 33.538962391816177 ], [ -84.323862172815467, 33.538872391413243 ], [ -84.324429173253122, 33.538700391547316 ], [ -84.325167173395002, 33.538407391083382 ], [ -84.325379173107109, 33.538361391758556 ], [ -84.325721174312193, 33.538361391758556 ], [ -84.325906173361815, 33.53835039097229 ], [ -84.326228174475389, 33.538254391606579 ], [ -84.326570173883837, 33.538143391434964 ], [ -84.327061174153513, 33.537890391826402 ], [ -84.327421174901943, 33.53759639125937 ], [ -84.327514174788362, 33.53745739156254 ], [ -84.327596174804114, 33.537335390949494 ], [ -84.327653174705532, 33.537170391276554 ], [ -84.328639174544534, 33.537132391162075 ], [ -84.329173175370244, 33.537107391195875 ], [ -84.329603175540555, 33.537092391062885 ], [ -84.329961174842509, 33.537049391366153 ], [ -84.330137174569614, 33.537021391047197 ], [ -84.330546174823525, 33.536910390789728 ], [ -84.330834175601936, 33.536814391322345 ], [ -84.331322175498556, 33.536574390315565 ], [ -84.331766175912577, 33.536294391169051 ], [ -84.332304175139598, 33.535805391228116 ], [ -84.332589175544953, 33.535547390383428 ], [ -84.333390175436037, 33.53481639004859 ], [ -84.333746175986505, 33.534381390829758 ], [ -84.333951176025906, 33.534079390158837 ], [ -84.334192176050351, 33.533594389767401 ], [ -84.334343176561404, 33.533098389693329 ], [ -84.334498176372094, 33.532440389787027 ], [ -84.334671176624454, 33.531912389181358 ], [ -84.334780175506083, 33.531684389352584 ], [ -84.335014175857822, 33.531351389310544 ], [ -84.33522317609517, 33.531053389503256 ], [ -84.335508176500539, 33.530751389937265 ], [ -84.33579317600757, 33.530487389373249 ], [ -84.336063176344311, 33.53029338942072 ], [ -84.33609317648154, 33.530271388788734 ], [ -84.33618717619288, 33.530213388865803 ], [ -84.336390176582469, 33.53008338949099 ], [ -84.336604176842712, 33.52994938965444 ], [ -84.337078176495638, 33.529726389113939 ], [ -84.337413176231394, 33.529604389572178 ], [ -84.33754217700114, 33.529565389430715 ], [ -84.337625176841811, 33.529489389238897 ], [ -84.33880317719975, 33.529281389002904 ], [ -84.340005176948821, 33.529010389024869 ], [ -84.341199178098591, 33.528744388974843 ], [ -84.341276177193166, 33.528728389182199 ], [ -84.341967178377715, 33.528553389478603 ], [ -84.342164178021207, 33.528503388321511 ], [ -84.342351177618951, 33.528456388510413 ], [ -84.343211177959574, 33.528258388898394 ], [ -84.343357177549436, 33.528223388496286 ], [ -84.34356017793904, 33.528177388994557 ], [ -84.343893178923281, 33.528066387865884 ], [ -84.343937178405895, 33.52804838851948 ], [ -84.344311178499709, 33.527896388397785 ], [ -84.344933179188956, 33.52755538873901 ], [ -84.345246179183391, 33.527344388428261 ], [ -84.345747179498815, 33.526984388047524 ], [ -84.346314179038174, 33.526579388542359 ], [ -84.346906178691867, 33.526137387920038 ], [ -84.347189179447398, 33.525926387893733 ], [ -84.347739179268316, 33.525484387678176 ], [ -84.348519180141309, 33.524893387287847 ], [ -84.348870179770586, 33.524651388130643 ], [ -84.34924817916405, 33.524434388189754 ], [ -84.350133180517346, 33.524071386898996 ], [ -84.350564180512563, 33.523956387445146 ], [ -84.350994180682875, 33.523865387384753 ], [ -84.351376180274301, 33.523818387299592 ], [ -84.35197118119936, 33.523808387421596 ], [ -84.352513180624356, 33.523800387069009 ], [ -84.35296118123631, 33.523794387740203 ], [ -84.35375018053351, 33.523810387696834 ], [ -84.354136181221207, 33.523818387299592 ], [ -84.354210181739376, 33.523833387488871 ], [ -84.354210181739376, 33.523897387268789 ], [ -84.354210181739376, 33.523965387544649 ], [ -84.354214181937323, 33.524993387756872 ], [ -84.354212181389187, 33.527661388186232 ] ] ] ] } },
{ "type": "Feature", "properties": { "STATEFP": "13", "COUNTYFP": "247", "TRACTCE": "060305", "GEOID": "13247060305", "GEOIDFQ": "1400000US13247060305", "NAME": "603.05", "NAMELSAD": "Census Tract 603.05", "MTFCC": "G5020", "FUNCSTAT": "S", "ALAND": 16612537.0, "AWATER": 264935.0, "INTPTLAT": "+33.6579388", "INTPTLON": "-083.9777256", "OBJECTID": 1737, "CensusTract": "13247060305", "State": "Georgia", "County": "Rockdale County", "Urban": 1, "Pop2010": 5101, "OHU2010": 1838, "GroupQuartersFlag": 0, "NUMGQTRS": 9, "PCTGQTRS": 0.176435993, "LILATracts_1And10": 1, "LILATracts_halfAnd10": 1, "LILATracts_1And20": 1, "LILATracts_Vehicle": 0, "Shape_Length": 27808.228038570396, "Shape_Area": 24423916.93873632 }, "geometry": { "type": "MultiPolygon", "coordinates": [ [ [ [ -84.014371089497615, 33.643488425596452 ], [ -84.014297088979447, 33.644192425460872 ], [ -84.014156089412467, 33.644874425705751 ], [ -84.013991089556015, 33.645304426019571 ], [ -84.013901089144341, 33.64549442613496 ], [ -84.013831089722459, 33.645586425740994 ], [ -84.013529088700338, 33.6460974262665 ], [ -84.013107088925963, 33.646674426436142 ], [ -84.012503088678372, 33.647240426856328 ], [ -84.011976088423694, 33.647709425704932 ], [ -84.011623088246267, 33.648015426707808 ], [ -84.008078088200094, 33.651263427533493 ], [ -84.007703087383078, 33.651607427699936 ], [ -84.007504087191435, 33.651789426905758 ], [ -84.00712408814816, 33.652137427052189 ], [ -84.006293087221536, 33.652905427836743 ], [ -84.006070087638776, 33.65311142754944 ], [ -84.00559608708754, 33.653540427339593 ], [ -84.005535086988161, 33.653595428135901 ], [ -84.005372087679859, 33.65371742742466 ], [ -84.004854086747699, 33.654180428380158 ], [ -84.004534086182232, 33.654494428269594 ], [ -84.004173086507222, 33.654779428515781 ], [ -84.003965086993077, 33.654957428783618 ], [ -84.003587086701302, 33.655282428171652 ], [ -84.003418086646889, 33.655445428394209 ], [ -84.003365086045136, 33.655497428024077 ], [ -84.003272086158717, 33.655587427941938 ], [ -84.002951086666656, 33.65589542880965 ], [ -84.002846086186366, 33.655996429058085 ], [ -84.002749086101971, 33.656090428857048 ], [ -84.00269808694668, 33.656141428370923 ], [ -84.002351085718729, 33.65647642873688 ], [ -84.000923086013842, 33.65784642929443 ], [ -84.000534086749738, 33.658207428744497 ], [ -84.000292086002077, 33.658432429501801 ], [ -83.997008085173519, 33.661478429755874 ], [ -83.996229085023757, 33.662235430222218 ], [ -83.995806084526137, 33.662624430648506 ], [ -83.995097084696567, 33.663313430385138 ], [ -83.994884084261244, 33.663550430669616 ], [ -83.993775084398578, 33.664511430923966 ], [ -83.993440083764526, 33.66477643089673 ], [ -83.991870083769413, 33.665919431636077 ], [ -83.991036084266383, 33.666563431733984 ], [ -83.990280082784508, 33.667139431164038 ], [ -83.989898083193097, 33.667397431854191 ], [ -83.988908083156133, 33.668146431391932 ], [ -83.988820083292595, 33.668213431342259 ], [ -83.988438082802858, 33.668490432100363 ], [ -83.988195082230291, 33.66866643175694 ], [ -83.988087083173582, 33.668726431999325 ], [ -83.987022081895233, 33.669319431371413 ], [ -83.986893082922109, 33.669394431472234 ], [ -83.986770082000149, 33.669466432045873 ], [ -83.984728082001936, 33.670572432410601 ], [ -83.984649081460915, 33.670615432856778 ], [ -83.984557082297727, 33.670664432121953 ], [ -83.984426082776466, 33.670737432684291 ], [ -83.983844081371871, 33.671053431812823 ], [ -83.982745081554967, 33.671680432596503 ], [ -83.982425080989515, 33.671863432997213 ], [ -83.982353081917807, 33.671904432964155 ], [ -83.981759080817653, 33.672331432679684 ], [ -83.981613081227792, 33.672424433036923 ], [ -83.981148081795695, 33.67276243289335 ], [ -83.980762080209672, 33.673103432999284 ], [ -83.980700081183727, 33.673158432503882 ], [ -83.98037708114353, 33.673461433398501 ], [ -83.980232081378574, 33.67359843325513 ], [ -83.979916081011069, 33.673925433034839 ], [ -83.979149080556866, 33.674721433462473 ], [ -83.977816080388237, 33.676152434068747 ], [ -83.977467079510475, 33.676527434027534 ], [ -83.976679080038181, 33.677436433779107 ], [ -83.976459079930152, 33.677653434033388 ], [ -83.976271080507502, 33.677806433756004 ], [ -83.976053080049297, 33.67799943378489 ], [ -83.975714079217255, 33.678233434067792 ], [ -83.975578079673141, 33.678320434221462 ], [ -83.975444079778839, 33.678391434582331 ], [ -83.97499107914399, 33.678628434435922 ], [ -83.974754080215845, 33.678738433817962 ], [ -83.974425079429551, 33.678866434593459 ], [ -83.974057079183524, 33.678985434799003 ], [ -83.97380407946352, 33.679063434567922 ], [ -83.973558079416236, 33.679134434315252 ], [ -83.973280078683572, 33.679206434209718 ], [ -83.973009079420237, 33.679258435175768 ], [ -83.972613078686805, 33.679319434960796 ], [ -83.971326078548913, 33.679494435427245 ], [ -83.970938078211404, 33.679558434902354 ], [ -83.970049078456782, 33.679684434804294 ], [ -83.968921078327554, 33.679860435473522 ], [ -83.967989077118602, 33.68000243508834 ], [ -83.967778077231401, 33.68003443539029 ], [ -83.966716077224419, 33.680230435484766 ], [ -83.966523077778902, 33.680280434697465 ], [ -83.966338076932644, 33.680350435489927 ], [ -83.966211077609344, 33.680393434784463 ], [ -83.965968077036791, 33.680476434978722 ], [ -83.965668076562821, 33.680601435588308 ], [ -83.965179077739592, 33.680823434769842 ], [ -83.964886076938328, 33.681003435342042 ], [ -83.964473077384781, 33.681272435312017 ], [ -83.964230076812186, 33.681467435394836 ], [ -83.963820076733384, 33.68183743521783 ], [ -83.963533076678203, 33.682125435844696 ], [ -83.963270076014155, 33.682458436347879 ], [ -83.963039076035471, 33.682777435505749 ], [ -83.962877076552076, 33.683069435869513 ], [ -83.962709076322582, 33.683416435659744 ], [ -83.962551076138851, 33.683839435907174 ], [ -83.962481076716955, 33.684082435839642 ], [ -83.962428077013513, 33.684358436166335 ], [ -83.962383076807669, 33.684640436462352 ], [ -83.962343076624691, 33.684831436566746 ], [ -83.962151076105755, 33.686384436396082 ], [ -83.962038077026165, 33.687286436542763 ], [ -83.962022076234334, 33.68741043685705 ], [ -83.961877076469378, 33.687369436809078 ], [ -83.961816076369999, 33.687359436448048 ], [ -83.961698076369231, 33.687340436581046 ], [ -83.961146076000176, 33.686993436933967 ], [ -83.96059307580623, 33.686896436919945 ], [ -83.960551075973441, 33.686889436105588 ], [ -83.960513076338586, 33.686887436620296 ], [ -83.960392075964776, 33.686848436556573 ], [ -83.960305075027819, 33.686810436592474 ], [ -83.960266075568086, 33.686792436721696 ], [ -83.960190075400092, 33.686739436457195 ], [ -83.960100075886729, 33.686658436568173 ], [ -83.960030076464832, 33.686567436897057 ], [ -83.959955075223462, 33.686509436637515 ], [ -83.959934075307061, 33.686492436824651 ], [ -83.959801075237664, 33.686384436396082 ], [ -83.959718076295303, 33.68629543668149 ], [ -83.95966607551847, 33.686211436748799 ], [ -83.959650075624921, 33.686186435880906 ], [ -83.959617076012961, 33.686073436681049 ], [ -83.959609075617053, 33.686059436412677 ], [ -83.959580076203054, 33.686012436455975 ], [ -83.959524076126542, 33.685917436337789 ], [ -83.959422076019294, 33.685806436294854 ], [ -83.959279075005838, 33.6856764366212 ], [ -83.959270075683335, 33.685669436454972 ], [ -83.959223075827666, 33.685636436624627 ], [ -83.959051075400225, 33.68551443625833 ], [ -83.958904075087133, 33.68539643625401 ], [ -83.958856075406544, 33.685341436354989 ], [ -83.958822075071367, 33.685303436472154 ], [ -83.958709075093452, 33.685155435824207 ], [ -83.958660075587957, 33.68505443617515 ], [ -83.958633074925473, 33.684952437016015 ], [ -83.958625075427875, 33.684887436184269 ], [ -83.958615075382113, 33.684802436229937 ], [ -83.958564075328496, 33.684679436780371 ], [ -83.958549074361571, 33.684583436540727 ], [ -83.958558075480724, 33.684499436429981 ], [ -83.958575075199136, 33.684375435653727 ], [ -83.958578075572206, 33.684260436021788 ], [ -83.958569074453038, 33.684091436433 ], [ -83.958538075389228, 33.683947435795865 ], [ -83.958489075883747, 33.683822436313783 ], [ -83.958427075061152, 33.683695436342873 ], [ -83.95841807484031, 33.683676435666044 ], [ -83.958270075600623, 33.683476436075985 ], [ -83.958230075417646, 33.683422435852734 ], [ -83.958108075218917, 33.683259436315886 ], [ -83.958084074929474, 33.6832244359898 ], [ -83.958000075263897, 33.683066435386984 ], [ -83.957973074601384, 33.683016436299553 ], [ -83.957893075133768, 33.682833435713803 ], [ -83.957813074767827, 33.682681436132107 ], [ -83.957690075642475, 33.682437436556306 ], [ -83.957588074636917, 33.682241436260625 ], [ -83.957450074544667, 33.682089436379755 ], [ -83.957345074064364, 33.681997435436003 ], [ -83.957268074969775, 33.681930435759298 ], [ -83.957035074442956, 33.681747435851889 ], [ -83.956784074372791, 33.68152443513997 ], [ -83.956621074166179, 33.681380436183026 ], [ -83.956294073928035, 33.68106343519986 ], [ -83.955937073552647, 33.680648435513362 ], [ -83.955646074197816, 33.68033643503702 ], [ -83.955523074174181, 33.680190435944219 ], [ -83.955246074164748, 33.679976435955524 ], [ -83.95506107331849, 33.679848435337391 ], [ -83.954926073599296, 33.679756434985677 ], [ -83.954661074183747, 33.679553436136445 ], [ -83.954471074212933, 33.67934343537901 ], [ -83.954410074113582, 33.679219435388632 ], [ -83.954359073161626, 33.679036434943434 ], [ -83.954359073161626, 33.678939434921226 ], [ -83.954382073626164, 33.678829435796338 ], [ -83.954408073565418, 33.678775434896856 ], [ -83.954426074007088, 33.678737435101809 ], [ -83.954506073474732, 33.678652435794568 ], [ -83.954835074261013, 33.678403435669324 ], [ -83.954930073797257, 33.678329434670516 ], [ -83.955134074011752, 33.678172435007454 ], [ -83.955512073405217, 33.677976434706721 ], [ -83.955543074265677, 33.677959434701492 ], [ -83.955754074152864, 33.67786343443322 ], [ -83.95583507434371, 33.677826435204494 ], [ -83.956185074148095, 33.677650434856915 ], [ -83.956331073737957, 33.677528434370586 ], [ -83.956363074423308, 33.677472434444795 ], [ -83.956390074187496, 33.677424434799789 ], [ -83.956390074187496, 33.677327435201654 ], [ -83.956390074187496, 33.677205435004602 ], [ -83.956376073943787, 33.677040434432044 ], [ -83.956369074271109, 33.676926434191358 ], [ -83.956366073898053, 33.676880435454741 ], [ -83.956364074248228, 33.676858434815145 ], [ -83.956362074598403, 33.676827434312152 ], [ -83.956312074369691, 33.676662435256958 ], [ -83.956224074506153, 33.676546434789266 ], [ -83.956050074428873, 33.676382434685912 ], [ -83.955674073786923, 33.676147434357304 ], [ -83.955511073580311, 33.676045434348815 ], [ -83.955074073737293, 33.675770435240146 ], [ -83.954988073523566, 33.675694434472348 ], [ -83.954929073972338, 33.675642434341128 ], [ -83.954827072966779, 33.67553843398435 ], [ -83.954754073171827, 33.675447434503411 ], [ -83.95471807408515, 33.675331434639354 ], [ -83.954697073270438, 33.675197434562961 ], [ -83.954668073856439, 33.674450434154423 ], [ -83.954663073833558, 33.67428943383289 ], [ -83.954584073292537, 33.673758434601268 ], [ -83.954410073215257, 33.673010434123917 ], [ -83.954346073641148, 33.672734433999679 ], [ -83.954257073952689, 33.672476433618833 ], [ -83.954249073556767, 33.672457433453012 ], [ -83.954207072825653, 33.672350433621006 ], [ -83.954201072977881, 33.672334434284444 ], [ -83.954092073197941, 33.672093433871844 ], [ -83.953889072808352, 33.671740433726725 ], [ -83.953649073507137, 33.671386433331179 ], [ -83.953460072462946, 33.671215433258119 ], [ -83.953293072956683, 33.671129433691803 ], [ -83.953110072658575, 33.671080433943914 ], [ -83.952942072429096, 33.671074433637237 ], [ -83.952775072922833, 33.671128434139696 ], [ -83.952614073264343, 33.671225434001833 ], [ -83.952541073469405, 33.671335433882717 ], [ -83.952519072829801, 33.671445433622914 ], [ -83.952533073073496, 33.671536434348248 ], [ -83.952599073195742, 33.671615434439843 ], [ -83.952625072236685, 33.671641433857943 ], [ -83.952744072960684, 33.67175643317379 ], [ -83.952774073097913, 33.6717774333313 ], [ -83.953064073526136, 33.671981433633299 ], [ -83.953188072476379, 33.672122434009992 ], [ -83.953260073344737, 33.672287433552839 ], [ -83.953318073071046, 33.67243343410312 ], [ -83.953347072485045, 33.672555433594574 ], [ -83.953341073535583, 33.67261543336673 ], [ -83.953332073314741, 33.672695433496287 ], [ -83.953295073504833, 33.672896433773687 ], [ -83.953286072385666, 33.672927433451072 ], [ -83.953294072781588, 33.672983433346388 ], [ -83.953089072742188, 33.673415433555952 ], [ -83.952709072800587, 33.67359543393728 ], [ -83.952557073362939, 33.673627433633371 ], [ -83.952098072880304, 33.673644434494989 ], [ -83.951938072148437, 33.673589433806008 ], [ -83.951770072817254, 33.673500434302113 ], [ -83.951681073128782, 33.673463434691264 ], [ -83.951573072275451, 33.673418434375286 ], [ -83.951414072266786, 33.673363434289371 ], [ -83.951242072737642, 33.673339433697151 ], [ -83.950880072339402, 33.673311434243729 ], [ -83.950577072390701, 33.673249434407069 ], [ -83.950268071695888, 33.673166433964838 ], [ -83.949765071730653, 33.672900434142647 ], [ -83.949423071423894, 33.672719434268231 ], [ -83.949106072129794, 33.672549434138354 ], [ -83.948514071577762, 33.672229434125668 ], [ -83.947857071626757, 33.671874433956688 ], [ -83.947068071431246, 33.671434434103794 ], [ -83.946724071474662, 33.671239433695476 ], [ -83.946244070177315, 33.670897433372382 ], [ -83.946130070374508, 33.670802433747326 ], [ -83.945620070736567, 33.670378434094381 ], [ -83.945225070726337, 33.670030433706096 ], [ -83.944982070153785, 33.669859433927414 ], [ -83.944824069970039, 33.669771433869471 ], [ -83.944679071103394, 33.669721433779458 ], [ -83.944619070828949, 33.669706433522514 ], [ -83.944521070919663, 33.669682434152591 ], [ -83.944363070735918, 33.669671433660369 ], [ -83.944146070102605, 33.669659433597566 ], [ -83.944014070756438, 33.669672433229465 ], [ -83.943870069918091, 33.669687433492321 ], [ -83.943271069693367, 33.669812433338485 ], [ -83.942467069429242, 33.66986043424189 ], [ -83.942039069807066, 33.669865433571282 ], [ -83.941710069919097, 33.669832433655877 ], [ -83.9404010691416, 33.66949343317993 ], [ -83.93986106936643, 33.669278433162667 ], [ -83.939585069181902, 33.669140434325378 ], [ -83.939397068860941, 33.669003434095899 ], [ -83.939331068738696, 33.66891543390981 ], [ -83.939287068357771, 33.668856433377783 ], [ -83.939275068662198, 33.668853433146865 ], [ -83.939257069118838, 33.668803434018479 ], [ -83.939231068281273, 33.668687434164163 ], [ -83.939225068433473, 33.668539433323801 ], [ -83.939225068433473, 33.668401433300851 ], [ -83.939226068258392, 33.668258433634051 ], [ -83.939193068646446, 33.668087434070607 ], [ -83.939115068828642, 33.667889434033391 ], [ -83.939003068675632, 33.667773433694094 ], [ -83.938891069420961, 33.667718432988728 ], [ -83.938760068103065, 33.667696433743458 ], [ -83.938529068124396, 33.667668433200568 ], [ -83.938325068808197, 33.667618434130951 ], [ -83.93819406838864, 33.667551433717222 ], [ -83.938145068883145, 33.667513433448207 ], [ -83.938103068152031, 33.667456433386988 ], [ -83.937920067853923, 33.667211432877586 ], [ -83.937875068546418, 33.667148433530983 ], [ -83.937852068081881, 33.667116432919563 ], [ -83.937901068485687, 33.6671044332479 ], [ -83.937995068197012, 33.667080433152016 ], [ -83.938246069165487, 33.667018433309352 ], [ -83.939171068905125, 33.666783432812608 ], [ -83.940268069072204, 33.666533433106558 ], [ -83.941151069877378, 33.666322433094273 ], [ -83.941365069239296, 33.666271433633725 ], [ -83.942081069639869, 33.666077433093243 ], [ -83.942392069984493, 33.665948433108277 ], [ -83.942737069765997, 33.665703432789719 ], [ -83.943202069198094, 33.665418432090419 ], [ -83.94372206978008, 33.664995432436307 ], [ -83.944245069836811, 33.66450143239021 ], [ -83.944922069879325, 33.663947432702329 ], [ -83.945340070354078, 33.663563431972385 ], [ -83.945822070402912, 33.66325143156584 ], [ -83.946251070748332, 33.663022432114666 ], [ -83.946800070744317, 33.662754432276692 ], [ -83.94731507130345, 33.662471431580599 ], [ -83.949511071287432, 33.661349431846865 ], [ -83.950610072002647, 33.660756431366529 ], [ -83.952120071723314, 33.659963430843014 ], [ -83.953151071768147, 33.659396430658667 ], [ -83.953905072701872, 33.659021430778559 ], [ -83.954401072096118, 33.658807430453479 ], [ -83.9550480728997, 33.658619430707034 ], [ -83.955812072980862, 33.658455430067804 ], [ -83.956303073250552, 33.658368430755274 ], [ -83.956911072797766, 33.658313430766398 ], [ -83.958380073408847, 33.658222430258903 ], [ -83.958803073906466, 33.658176431239333 ], [ -83.959195073543626, 33.65804543046692 ], [ -83.959538074573615, 33.657871430177138 ], [ -83.959814074758143, 33.657666430351199 ], [ -83.960041074538864, 33.657446430632966 ], [ -83.960236074532531, 33.657169430204767 ], [ -83.960599073857381, 33.656432429725207 ], [ -83.961000074613693, 33.655568429279846 ], [ -83.961184073838396, 33.655122429845711 ], [ -83.961263074379403, 33.654800429826807 ], [ -83.961306074037125, 33.65453442929249 ], [ -83.961335074349435, 33.653689429809688 ], [ -83.961402074296586, 33.653226429951509 ], [ -83.961550074434584, 33.652864429283433 ], [ -83.961762075045016, 33.652587429061789 ], [ -83.962058075321025, 33.652313428756401 ], [ -83.962498074638759, 33.652096428880768 ], [ -83.962576074456564, 33.652046428986957 ], [ -83.96278007556937, 33.651972429240352 ], [ -83.963238074430478, 33.651889429206307 ], [ -83.963434075147376, 33.651869429204183 ], [ -83.963694075438369, 33.651876429130674 ], [ -83.964042075592914, 33.651875429354867 ], [ -83.964100075319223, 33.651869429204183 ], [ -83.964393075222176, 33.651891428757629 ], [ -83.964427075557381, 33.651891428757629 ], [ -83.965006074792285, 33.651887428907209 ], [ -83.965441074985478, 33.651873429055442 ], [ -83.965557075336434, 33.651869429204183 ], [ -83.965906075315885, 33.651858429425346 ], [ -83.96629807585137, 33.6518354293394 ], [ -83.966644075457779, 33.651838429416003 ], [ -83.966690075488529, 33.651838429416003 ], [ -83.967189075255803, 33.651869429204183 ], [ -83.967717076233711, 33.651909429203798 ], [ -83.968743076255691, 33.65202142865526 ], [ -83.970162076638061, 33.652068429242952 ], [ -83.97056607686909, 33.652047428760767 ], [ -83.971190077208163, 33.652014429488354 ], [ -83.971298077163212, 33.652008428599558 ], [ -83.971456077346943, 33.652000428161664 ], [ -83.972342077626834, 33.651913429053195 ], [ -83.972966077067596, 33.651883428308807 ], [ -83.973618077894074, 33.651846428373382 ], [ -83.973674077970557, 33.651838428668221 ], [ -83.974123078407445, 33.651819429178488 ], [ -83.974256077578531, 33.651840428968455 ], [ -83.974404077716528, 33.651854428825594 ], [ -83.975077078459407, 33.651916429127091 ], [ -83.975166078147851, 33.651918428677725 ], [ -83.975761078174628, 33.651928428673713 ], [ -83.975947077947453, 33.651911428754644 ], [ -83.976144078489256, 33.651877428906459 ], [ -83.976219077934019, 33.651861428753364 ], [ -83.976320078216347, 33.651839429192243 ], [ -83.976460078856746, 33.651803429014556 ], [ -83.976486078796015, 33.651793428256319 ], [ -83.976542078872512, 33.651770428153 ], [ -83.976568078811795, 33.651760428886455 ], [ -83.97664307915484, 33.651730428088733 ], [ -83.976920078265977, 33.651604429110854 ], [ -83.977302078755713, 33.65142442832817 ], [ -83.977437079373232, 33.651388428724694 ], [ -83.97765207945838, 33.651307428440099 ], [ -83.977861078797446, 33.651252428424996 ], [ -83.978307078861278, 33.651160428144429 ], [ -83.978331079150735, 33.651155428475867 ], [ -83.97867807858205, 33.651119428759877 ], [ -83.978731080082127, 33.651113428556478 ], [ -83.978980079604142, 33.651125428215053 ], [ -83.979394079880947, 33.651153428159702 ], [ -83.97982707952599, 33.651184428194597 ], [ -83.98081908011109, 33.651243428133682 ], [ -83.982333080029676, 33.651353428888036 ], [ -83.984911081401734, 33.65151542779877 ], [ -83.985091080428475, 33.651532427796049 ], [ -83.985693081924552, 33.65159042771748 ], [ -83.985714081840939, 33.65159042771748 ], [ -83.986022081812521, 33.651592428023484 ], [ -83.98620808158536, 33.651561428135544 ], [ -83.986032080959944, 33.65145342795627 ], [ -83.986007081743892, 33.651438428252973 ], [ -83.985945081819636, 33.651391428816822 ], [ -83.98581508122497, 33.65129442827655 ], [ -83.985564081154806, 33.651098428793929 ], [ -83.984989081219553, 33.65062742789177 ], [ -83.984346081512214, 33.649952427692213 ], [ -83.983850080321332, 33.649382427937937 ], [ -83.983316081292287, 33.648621428064281 ], [ -83.98236308016692, 33.646836427422791 ], [ -83.98121407922298, 33.644590426922534 ], [ -83.978714078567066, 33.639775425838351 ], [ -83.978459079197251, 33.639261426164857 ], [ -83.978217078449603, 33.638837425149092 ], [ -83.977759077791873, 33.638053426266744 ], [ -83.977178078008833, 33.637341425263976 ], [ -83.977041077741475, 33.63722042514911 ], [ -83.977128078678433, 33.636926424810561 ], [ -83.977222078389758, 33.636606425438181 ], [ -83.977429078079012, 33.636142425731911 ], [ -83.977528077813204, 33.635916425082506 ], [ -83.977544077706725, 33.635879425015602 ], [ -83.977657078582951, 33.63564442474545 ], [ -83.977718078682315, 33.635520424592727 ], [ -83.977786078454372, 33.635383425434739 ], [ -83.977925078371541, 33.635102425175099 ], [ -83.97796907875248, 33.635005424979049 ], [ -83.978061077915669, 33.634793425473369 ], [ -83.978101078098632, 33.63467242477013 ], [ -83.978146078304491, 33.634541424874087 ], [ -83.978163078921241, 33.63447842479605 ], [ -83.978195077809971, 33.634360425083841 ], [ -83.978201078556083, 33.634338424790009 ], [ -83.978168078045783, 33.634306424692582 ], [ -83.97819107761201, 33.634200424518632 ], [ -83.978326078229543, 33.63318642426286 ], [ -83.97846307759859, 33.632071424256836 ], [ -83.978502077956634, 33.631828424746757 ], [ -83.978651078817862, 33.630802423994261 ], [ -83.978643078421953, 33.630527424638295 ], [ -83.981453078699275, 33.63127142337531 ], [ -83.983592079680164, 33.631852424202499 ], [ -83.984656080235283, 33.632103424436714 ], [ -83.985476080392942, 33.632239424320659 ], [ -83.985921080631869, 33.632300424534357 ], [ -83.986563080514287, 33.632382424005542 ], [ -83.987373080626185, 33.632518423448964 ], [ -83.988163081544926, 33.632645424181739 ], [ -83.988863081153653, 33.632787424690882 ], [ -83.990133081573106, 33.633153424492136 ], [ -83.990309082198522, 33.633204424132472 ], [ -83.993317082842552, 33.634108423965529 ], [ -83.994579082866082, 33.634488423826177 ], [ -83.995315083358136, 33.634723424259001 ], [ -83.995689083451964, 33.634809424311214 ], [ -83.996172083325717, 33.634967424548648 ], [ -83.996736083390331, 33.635181424313345 ], [ -83.997290084307508, 33.635403424031566 ], [ -83.997894083656774, 33.635787424760281 ], [ -83.998780084834991, 33.636526424661348 ], [ -83.999702084201573, 33.637318424290974 ], [ -84.000190084996518, 33.637736424919211 ], [ -84.0008720850619, 33.638198424394439 ], [ -84.001545085804779, 33.638500425075193 ], [ -84.002104084948186, 33.638707424786396 ], [ -84.00244708597819, 33.638834425367342 ], [ -84.003474085825076, 33.639231424750506 ], [ -84.003858085964637, 33.639408425091219 ], [ -84.004795086298145, 33.639841424779704 ], [ -84.005807086076416, 33.640424425197402 ], [ -84.006006086268059, 33.6405344248194 ], [ -84.006027087082771, 33.640546425204832 ], [ -84.006150087106406, 33.640614424864225 ], [ -84.006649086873679, 33.640889424918697 ], [ -84.007225087532177, 33.641222425019166 ], [ -84.008215087569155, 33.641791425064916 ], [ -84.008454087045436, 33.641927425354979 ], [ -84.008542087807285, 33.641978425034416 ], [ -84.008956088084091, 33.642174425090502 ], [ -84.00934708789633, 33.642350425477936 ], [ -84.009446088528847, 33.642375425627023 ], [ -84.00952008814869, 33.642394425705511 ], [ -84.0099290884026, 33.642510425110046 ], [ -84.010241087673819, 33.642572425411039 ], [ -84.010426087621752, 33.642609425593513 ], [ -84.010989087861461, 33.642656426085345 ], [ -84.011003088105156, 33.642656426085345 ], [ -84.011457087666599, 33.642673425588661 ], [ -84.012140088455197, 33.642713425374502 ], [ -84.012234089064862, 33.642719425415557 ], [ -84.013754088831234, 33.642754425771386 ], [ -84.014371089497615, 33.642768425610534 ], [ -84.014371089497615, 33.643488425596452 ] ] ] ] } },
{ "type": "Feature", "properties": { "STATEFP": "13", "COUNTYFP": "089", "TRACTCE": "023102", "GEOID": "13089023102", "GEOIDFQ": "1400000US13089023102", "NAME": "231.02", "NAMELSAD": "Census Tract 231.02", "MTFCC": "G5020", "FUNCSTAT": "S", "ALAND": 2507235.0, "AWATER": 7655.0, "INTPTLAT": "+33.7637316", "INTPTLON": "-084.2574271", "OBJECTID": 683, "CensusTract": "13089023102", "State": "Georgia", "County": "DeKalb County", "Urban": 1, "Pop2010": 3176, "OHU2010": 1457, "GroupQuartersFlag": 0, "NUMGQTRS": 14, "PCTGQTRS": 0.440806045, "LILATracts_1And10": 1, "LILATracts_halfAnd10": 1, "LILATracts_1And20": 1, "LILATracts_Vehicle": 1, "Shape_Length": 8285.3886913019687, "Shape_Area": 3648164.1005880106 }, "geometry": { "type": "MultiPolygon", "coordinates": [ [ [ [ -84.270568169602512, 33.756569439791726 ], [ -84.270205168481041, 33.756921440104762 ], [ -84.269689168995299, 33.757423440889731 ], [ -84.269249168779254, 33.757887441095725 ], [ -84.269081168549775, 33.758094440905445 ], [ -84.268974169317957, 33.758269440693788 ], [ -84.268842168175169, 33.75859644079614 ], [ -84.268672169194161, 33.759192441279744 ], [ -84.268278169008866, 33.760739441358211 ], [ -84.268264168765171, 33.760782440733728 ], [ -84.268234169526252, 33.76087344166833 ], [ -84.26813516889375, 33.761116440949401 ], [ -84.267986168930818, 33.761349441076071 ], [ -84.267012168787389, 33.762706442054274 ], [ -84.26645116819752, 33.76348744240763 ], [ -84.266278168843456, 33.763830442241371 ], [ -84.266240168310304, 33.764057441925132 ], [ -84.26624216885844, 33.764311441463867 ], [ -84.266274168645495, 33.764903441971221 ], [ -84.266008168506715, 33.764890442561573 ], [ -84.265667168024862, 33.764907442535979 ], [ -84.265312168197639, 33.764941442474672 ], [ -84.265098167937396, 33.764987442589891 ], [ -84.264750167782836, 33.765089442270295 ], [ -84.264155167756087, 33.765338442737345 ], [ -84.263405167918634, 33.765695441865866 ], [ -84.263035167124471, 33.765871442507986 ], [ -84.261637167556827, 33.766567442728253 ], [ -84.261703166780748, 33.766645442857815 ], [ -84.261771167451116, 33.766783443372567 ], [ -84.261859167314668, 33.767046442412536 ], [ -84.261869167360416, 33.767298442947343 ], [ -84.26186316751263, 33.767499442887079 ], [ -84.261806167611226, 33.767955443710719 ], [ -84.261805166887996, 33.768368442825988 ], [ -84.261840167048092, 33.768777442553912 ], [ -84.261867167710605, 33.769184442760832 ], [ -84.261910167368285, 33.769447443392842 ], [ -84.26194216715534, 33.769692442803844 ], [ -84.261953167924318, 33.769997443453953 ], [ -84.261952168099398, 33.770343443787816 ], [ -84.261928167809955, 33.770791443832117 ], [ -84.261887167802072, 33.77110344347939 ], [ -84.261836167748442, 33.771431443779051 ], [ -84.261767167253154, 33.771700443486097 ], [ -84.261734167641194, 33.771801443516068 ], [ -84.261659168196445, 33.771883443600757 ], [ -84.261202167363635, 33.772296443945152 ], [ -84.260961167339204, 33.772536444096716 ], [ -84.260814167026112, 33.772719443919215 ], [ -84.26066516796152, 33.77295244386206 ], [ -84.260440166932312, 33.773344444319797 ], [ -84.260118167615346, 33.774246444851194 ], [ -84.260071166861351, 33.774443444800561 ], [ -84.259388166971064, 33.774259444334966 ], [ -84.259346167138276, 33.774245444258973 ], [ -84.259129166504962, 33.77417444474527 ], [ -84.259035166793652, 33.774143444276604 ], [ -84.258507166714054, 33.773969444641246 ], [ -84.258096165911994, 33.773825444650015 ], [ -84.258052167327691, 33.773807444354084 ], [ -84.257789166663642, 33.773701444442892 ], [ -84.257677166510646, 33.773655444525211 ], [ -84.257258166210988, 33.773459444111928 ], [ -84.256774165614019, 33.773240445043662 ], [ -84.256669166930337, 33.773193444273936 ], [ -84.256605166457916, 33.773147444083449 ], [ -84.256182166858622, 33.772847444994987 ], [ -84.254571165059019, 33.771701444107997 ], [ -84.253720165837535, 33.771018443745497 ], [ -84.253683165129289, 33.770988444258577 ], [ -84.25359516526575, 33.770923443591791 ], [ -84.253179165339134, 33.770613443811641 ], [ -84.252373164526887, 33.769868443451045 ], [ -84.252170164137283, 33.769618443552424 ], [ -84.252101164540321, 33.769533443838888 ], [ -84.25187916478248, 33.769175443619318 ], [ -84.251783164523005, 33.769019443414521 ], [ -84.251667164172048, 33.76883944362946 ], [ -84.251583164506471, 33.768647443790506 ], [ -84.251521164582172, 33.768494443855879 ], [ -84.251375164094, 33.768061443263086 ], [ -84.251330163888156, 33.76737744308388 ], [ -84.251373164444175, 33.766569443345233 ], [ -84.251430164345592, 33.76583244247324 ], [ -84.251413163728841, 33.765316443100112 ], [ -84.251339164108998, 33.765008443105103 ], [ -84.251426164147631, 33.764933442094943 ], [ -84.251469163805325, 33.764849442916898 ], [ -84.251494163919688, 33.764706442491018 ], [ -84.251573164460723, 33.762231441953368 ], [ -84.251580164133401, 33.761369441740122 ], [ -84.251601164049802, 33.760406441920964 ], [ -84.25161116409555, 33.759409441859113 ], [ -84.251616164118417, 33.758344440813794 ], [ -84.251619164491473, 33.758243442100692 ], [ -84.251658163951205, 33.757035440978456 ], [ -84.251687164263529, 33.7566544411603 ], [ -84.251658163951205, 33.75551844021011 ], [ -84.251681163517432, 33.755409440633201 ], [ -84.251714164027703, 33.755350440496059 ], [ -84.251777163776907, 33.755276440810995 ], [ -84.251839163701192, 33.755226440442584 ], [ -84.252023163824205, 33.755163440653867 ], [ -84.252828164811547, 33.754986441106531 ], [ -84.253195164334358, 33.754910440218197 ], [ -84.253682164406072, 33.75486244052653 ], [ -84.254057165223116, 33.754845440800501 ], [ -84.254482164472236, 33.754854439952929 ], [ -84.256121164962636, 33.754840440441079 ], [ -84.25873116612172, 33.754856440096425 ], [ -84.25929816655939, 33.754877440106341 ], [ -84.261662166772865, 33.754963440235464 ], [ -84.262168167111156, 33.754974440263148 ], [ -84.262471167059871, 33.754973440192785 ], [ -84.262573167167119, 33.754966440446879 ], [ -84.262866167070072, 33.754965440376424 ], [ -84.263707167144105, 33.754941440175926 ], [ -84.264396166882193, 33.754914439755588 ], [ -84.264880168377502, 33.754967439770446 ], [ -84.265060167404243, 33.755013440010416 ], [ -84.265210168090377, 33.755093440336431 ], [ -84.26540716863218, 33.755249440496151 ], [ -84.265965167950696, 33.755845439603121 ], [ -84.266004168308768, 33.755880440955742 ], [ -84.266111167540572, 33.75598643975826 ], [ -84.266194168279569, 33.755932440314233 ], [ -84.26753916814377, 33.755120440700402 ], [ -84.267810168305417, 33.754941440175926 ], [ -84.267943168374813, 33.755043440608198 ], [ -84.26837016907038, 33.75528944018496 ], [ -84.268451168362915, 33.75533043992133 ], [ -84.268968168571874, 33.755598440064944 ], [ -84.270649169793359, 33.756506440989916 ], [ -84.270568169602512, 33.756569439791726 ] ] ] ] } },
{ "type": "Feature", "properties": { "STATEFP": "13", "COUNTYFP": "089", "TRACTCE": "021913", "GEOID": "13089021913", "GEOIDFQ": "1400000US13089021913", "NAME": "219.13", "NAMELSAD": "Census Tract 219.13", "MTFCC": "G5020", "FUNCSTAT": "S", "ALAND": 2962542.0, "AWATER": 28290.0, "INTPTLAT": "+33.8265565", "INTPTLON": "-084.1835182", "OBJECTID": 660, "CensusTract": "13089021913", "State": "Georgia", "County": "DeKalb County", "Urban": 1, "Pop2010": 4388, "OHU2010": 1982, "GroupQuartersFlag": 0, "NUMGQTRS": 138, "PCTGQTRS": 3.144940747, "LILATracts_1And10": 1, "LILATracts_halfAnd10": 1, "LILATracts_1And20": 1, "LILATracts_Vehicle": 1, "Shape_Length": 9818.8952922933167, "Shape_Area": 4344491.3267354593 }, "geometry": { "type": "MultiPolygon", "coordinates": [ [ [ [ -84.190592149800793, 33.825777458475741 ], [ -84.190575150082353, 33.826588458406832 ], [ -84.19050514976216, 33.829059458717452 ], [ -84.18881714976628, 33.829034459178807 ], [ -84.188871149294627, 33.832925459351628 ], [ -84.188874149667683, 33.833146460004507 ], [ -84.187505149514038, 33.832784459757512 ], [ -84.186656149044069, 33.832550459330356 ], [ -84.184844149199634, 33.832061459058139 ], [ -84.183592148323541, 33.831638459779846 ], [ -84.183166148351177, 33.831482459962302 ], [ -84.183066147893754, 33.831445459810716 ], [ -84.182775148538937, 33.831338458959614 ], [ -84.181976148297693, 33.830996459337143 ], [ -84.181046146738566, 33.830552459906933 ], [ -84.17996614718821, 33.830020459737661 ], [ -84.179221146475314, 33.829566458767786 ], [ -84.178625145725334, 33.829215459225352 ], [ -84.17821914584448, 33.828912459743485 ], [ -84.178150146247503, 33.828869459503359 ], [ -84.178133146529078, 33.828606458570931 ], [ -84.177869146040123, 33.828448459273133 ], [ -84.177454146836737, 33.828169459148214 ], [ -84.177163145685284, 33.827957459487685 ], [ -84.176881145652985, 33.827736458852527 ], [ -84.17660914566639, 33.827507459381366 ], [ -84.176352145748453, 33.827304458574751 ], [ -84.176160146127842, 33.827145458389346 ], [ -84.175786145135717, 33.826821458757934 ], [ -84.175605145385745, 33.826654459329767 ], [ -84.175252145208319, 33.826314458847044 ], [ -84.174913145274616, 33.825963458640082 ], [ -84.174750145067989, 33.825784458405003 ], [ -84.174260144623219, 33.82528745901871 ], [ -84.174144145170587, 33.825150458756568 ], [ -84.173813144734481, 33.824756458925386 ], [ -84.173602144847266, 33.824518458147857 ], [ -84.173396144982959, 33.824275458909305 ], [ -84.173060144523973, 33.823853458434122 ], [ -84.172742144506657, 33.823422457958344 ], [ -84.172590144170712, 33.823203458328351 ], [ -84.172255144434928, 33.82279645816002 ], [ -84.171892144211782, 33.822356458058074 ], [ -84.171816144942127, 33.822280457987553 ], [ -84.171654144560421, 33.822133457806821 ], [ -84.171424144406629, 33.821948458301598 ], [ -84.171206143948424, 33.821794458041104 ], [ -84.171160143917675, 33.821916458677322 ], [ -84.171077144077003, 33.821858457368876 ], [ -84.170509143814442, 33.821510457647591 ], [ -84.169751143581067, 33.821166458178325 ], [ -84.16897314325621, 33.820936458229845 ], [ -84.167903142853319, 33.820662457723998 ], [ -84.167155142665663, 33.820615457611694 ], [ -84.166265142187825, 33.820644458319201 ], [ -84.165700142298277, 33.820719458301923 ], [ -84.165284142371704, 33.820877458448415 ], [ -84.165808142253326, 33.820585458336275 ], [ -84.166456141983517, 33.820367458210896 ], [ -84.166548142943341, 33.820330457727046 ], [ -84.168324143701099, 33.819680457710255 ], [ -84.17049914376868, 33.818658457682929 ], [ -84.171780143160476, 33.818182457345671 ], [ -84.171867144097419, 33.818124457236422 ], [ -84.172067144113967, 33.818009456980633 ], [ -84.172191143962536, 33.817938456440551 ], [ -84.172288144046902, 33.817878457493897 ], [ -84.172457144101301, 33.817773456996939 ], [ -84.173220144357543, 33.817352457363469 ], [ -84.174226144288042, 33.816731456152937 ], [ -84.175052145191785, 33.816140457249489 ], [ -84.175232144218512, 33.816013456063089 ], [ -84.177018145022004, 33.814601456374071 ], [ -84.177045145684502, 33.814590455792917 ], [ -84.177385145443125, 33.814333455721105 ], [ -84.177537144880773, 33.814218455592844 ], [ -84.177562145893447, 33.814211456209605 ], [ -84.177715145156, 33.814066455848142 ], [ -84.177931145066069, 33.813863455974058 ], [ -84.179020145735549, 33.812970455311181 ], [ -84.179847146464212, 33.812293455836823 ], [ -84.180638146309548, 33.811636455605644 ], [ -84.182011146661154, 33.810496455340768 ], [ -84.182196146609087, 33.810608454745903 ], [ -84.182277146799947, 33.810676455646082 ], [ -84.182340146549123, 33.810749455081449 ], [ -84.182390145879523, 33.810829454861455 ], [ -84.182424147113025, 33.810914455385451 ], [ -84.182442146656371, 33.811003454983073 ], [ -84.182454146351958, 33.811261455515755 ], [ -84.182452146702119, 33.811552455208897 ], [ -84.184698146914826, 33.811558455399883 ], [ -84.18679014804006, 33.811562454531831 ], [ -84.188166147866397, 33.811566455156331 ], [ -84.188411148987115, 33.8115704550343 ], [ -84.189203148657342, 33.811585455134704 ], [ -84.189180148192818, 33.812115455501157 ], [ -84.189128149212578, 33.812729455639499 ], [ -84.189106148572961, 33.813889455598748 ], [ -84.189092149227577, 33.814319455480124 ], [ -84.189095149600632, 33.8146134555816 ], [ -84.189097149250458, 33.814799455398145 ], [ -84.189061148367131, 33.814945456126409 ], [ -84.189015149234692, 33.815041456070787 ], [ -84.188954149135327, 33.815106456088543 ], [ -84.188879148792239, 33.815149456532438 ], [ -84.188717148410547, 33.815205456192921 ], [ -84.188557148576962, 33.815224456109377 ], [ -84.188366148781256, 33.815223455996062 ], [ -84.188460148492595, 33.815517455975886 ], [ -84.188514148020928, 33.815888456391953 ], [ -84.188544149056483, 33.816176456458471 ], [ -84.188415148286751, 33.816452456607358 ], [ -84.188171148787589, 33.816945456217518 ], [ -84.188102149190613, 33.81733045690725 ], [ -84.188171148787589, 33.817783456339029 ], [ -84.18830014865901, 33.818264457046986 ], [ -84.188598148584845, 33.818702456413789 ], [ -84.18872714845628, 33.818946456631977 ], [ -84.188880149515469, 33.819346456756101 ], [ -84.188911148579294, 33.819648457237385 ], [ -84.188905148731521, 33.819722456540212 ], [ -84.188900149606965, 33.81978545735862 ], [ -84.188880149515469, 33.820061457056283 ], [ -84.188850148479915, 33.820198457262258 ], [ -84.188754149118765, 33.820859457596235 ], [ -84.188814149393224, 33.821614457249467 ], [ -84.188852149028065, 33.822350457131932 ], [ -84.188808148647126, 33.822419457682336 ], [ -84.1887411495983, 33.822558457897493 ], [ -84.188875149492588, 33.822673458006747 ], [ -84.18924414956355, 33.822946458016553 ], [ -84.189807149803244, 33.823338457941652 ], [ -84.190401150005087, 33.823697457844389 ], [ -84.190588149602831, 33.823800457758615 ], [ -84.190599149473499, 33.824003457182776 ], [ -84.190592149800793, 33.825777458475741 ] ] ] ] } },
{ "type": "Feature", "properties": { "STATEFP": "13", "COUNTYFP": "089", "TRACTCE": "023214", "GEOID": "13089023214", "GEOIDFQ": "1400000US13089023214", "NAME": "232.14", "NAMELSAD": "Census Tract 232.14", "MTFCC": "G5020", "FUNCSTAT": "S", "ALAND": 6542126.0, "AWATER": 78018.0, "INTPTLAT": "+33.7169315", "INTPTLON": "-084.1781025", "OBJECTID": 699, "CensusTract": "13089023214", "State": "Georgia", "County": "DeKalb County", "Urban": 1, "Pop2010": 5125, "OHU2010": 1926, "GroupQuartersFlag": 0, "NUMGQTRS": 0, "PCTGQTRS": 0.0, "LILATracts_1And10": 1, "LILATracts_halfAnd10": 1, "LILATracts_1And20": 1, "LILATracts_Vehicle": 1, "Shape_Length": 13417.608253261113, "Shape_Area": 9592665.6770255305 }, "geometry": { "type": "MultiPolygon", "coordinates": [ [ [ [ -84.200902146655977, 33.719278434954923 ], [ -84.200766147111864, 33.719753434616074 ], [ -84.200649146935987, 33.72012843485161 ], [ -84.20047214648568, 33.720476434889932 ], [ -84.200096147640352, 33.720920435106365 ], [ -84.19955414641872, 33.721411435312127 ], [ -84.198979147381777, 33.721724435045772 ], [ -84.198910146886476, 33.721761435547521 ], [ -84.198132146561633, 33.722110435396736 ], [ -84.197963146507249, 33.722186435462589 ], [ -84.19757114597175, 33.722227435332577 ], [ -84.196910146721081, 33.722187435168074 ], [ -84.196842146050713, 33.722173435554396 ], [ -84.196222145909587, 33.722046436232844 ], [ -84.195496145463267, 33.721808436121563 ], [ -84.195478145919935, 33.721802435620518 ], [ -84.194463144870298, 33.721528435453521 ], [ -84.194135144807234, 33.72144543531217 ], [ -84.193923145095127, 33.721490435137753 ], [ -84.193737145322288, 33.721637436246439 ], [ -84.193520145587314, 33.721858435797849 ], [ -84.193389145167757, 33.722157435779685 ], [ -84.193286145235589, 33.722557435231174 ], [ -84.193195144998981, 33.72256843567915 ], [ -84.192985144936699, 33.723494435529098 ], [ -84.192789145118113, 33.723967436401011 ], [ -84.192542145245909, 33.724163436401327 ], [ -84.192167144428865, 33.724582436818288 ], [ -84.191846144936818, 33.725178436100258 ], [ -84.191739144806689, 33.725704436824763 ], [ -84.191686145103247, 33.726407436437214 ], [ -84.191718144890302, 33.727262436443972 ], [ -84.191560144706557, 33.727510436545792 ], [ -84.191032144626959, 33.728001437157886 ], [ -84.190880144290986, 33.728048437303549 ], [ -84.190298144683041, 33.72836243712311 ], [ -84.189891144977253, 33.728730437457557 ], [ -84.189431143771401, 33.728406436677666 ], [ -84.189036144659497, 33.728212436672138 ], [ -84.188568143956047, 33.727982437314267 ], [ -84.187985144523168, 33.727736437111055 ], [ -84.187523143667491, 33.7275954368315 ], [ -84.187092143672274, 33.727482437558329 ], [ -84.186515143188885, 33.727379436828329 ], [ -84.186155143338752, 33.727341436861472 ], [ -84.185499143212638, 33.727250437698217 ], [ -84.185178142822267, 33.727214437715261 ], [ -84.184862143353101, 33.72715743764909 ], [ -84.18465514276555, 33.727108436972095 ], [ -84.184451143449351, 33.727050437186683 ], [ -84.184250142709587, 33.726983436780294 ], [ -84.183959142456459, 33.726866436603224 ], [ -84.18367914207397, 33.726730436892986 ], [ -84.183514143115843, 33.7266384366811 ], [ -84.183114142184451, 33.72639443716831 ], [ -84.181620142357346, 33.72548643646391 ], [ -84.181503142181469, 33.725422437575766 ], [ -84.180348141389743, 33.72496143706519 ], [ -84.179375141071233, 33.724707436771197 ], [ -84.178854141562624, 33.72457643725825 ], [ -84.178328141132852, 33.724443437439824 ], [ -84.177639140496453, 33.724284436746039 ], [ -84.177004141185051, 33.724220436961588 ], [ -84.17647814075525, 33.724207437361493 ], [ -84.17617814028128, 33.724201437028086 ], [ -84.175800139989519, 33.724193437330115 ], [ -84.175276140107883, 33.724181436660977 ], [ -84.174437139683661, 33.724146437314829 ], [ -84.172712139877845, 33.723919437323815 ], [ -84.172273138588395, 33.723829436460164 ], [ -84.171487139664265, 33.723668436746827 ], [ -84.170748137900816, 33.72351843705772 ], [ -84.169181138278773, 33.72322843681588 ], [ -84.168137137815137, 33.723084436769781 ], [ -84.167020137556563, 33.722955437161509 ], [ -84.166598136883863, 33.721890436950176 ], [ -84.166499137149657, 33.721742436564085 ], [ -84.16611413718519, 33.721283436641521 ], [ -84.16583313697781, 33.720841436250552 ], [ -84.165702136558224, 33.720591436110389 ], [ -84.165590137303539, 33.72031243717749 ], [ -84.165471136579541, 33.71999743656945 ], [ -84.165482136450208, 33.719351436071108 ], [ -84.165513137310654, 33.718161436388861 ], [ -84.165556136968362, 33.716247435478145 ], [ -84.165584136557442, 33.714153434985931 ], [ -84.165623136915514, 33.713486435672749 ], [ -84.165743136566107, 33.713009434592905 ], [ -84.165894136178835, 33.712635434463643 ], [ -84.166007137055075, 33.712376434468496 ], [ -84.166198136850795, 33.712099434639143 ], [ -84.16668113672452, 33.711433434894239 ], [ -84.167340137223704, 33.710431434284992 ], [ -84.168193136993324, 33.708901433911237 ], [ -84.168215136734631, 33.708851433414665 ], [ -84.168249137968132, 33.708774433639221 ], [ -84.169057137531894, 33.706951434075705 ], [ -84.16970913746006, 33.70522043253272 ], [ -84.16984813827554, 33.70470243262222 ], [ -84.170035137873299, 33.70401643247741 ], [ -84.170230137866966, 33.703510432602883 ], [ -84.172850138173487, 33.703543432295618 ], [ -84.174129138813768, 33.703466432245492 ], [ -84.176681139348219, 33.703311432012804 ], [ -84.178884139903218, 33.703200432016672 ], [ -84.179260140545168, 33.70317843213504 ], [ -84.183497141600782, 33.702927432203687 ], [ -84.184573140953148, 33.702867431914974 ], [ -84.184805141655062, 33.702847431809403 ], [ -84.185504142337194, 33.702821431366317 ], [ -84.186719141606744, 33.702749431822788 ], [ -84.187062142636734, 33.702725431214169 ], [ -84.187451142799148, 33.702691432022064 ], [ -84.188368143041188, 33.702643432260402 ], [ -84.188740142586852, 33.702639431780824 ], [ -84.189083142718545, 33.702628431768929 ], [ -84.189537143178285, 33.702626431155146 ], [ -84.190770143787816, 33.702692431954539 ], [ -84.190967143431308, 33.702722432165217 ], [ -84.191155143752283, 33.702750431754581 ], [ -84.191667143938361, 33.702812431987176 ], [ -84.191970143887062, 33.702868431845388 ], [ -84.192407143730065, 33.702959431443745 ], [ -84.192938144182719, 33.703096431371719 ], [ -84.193646144187369, 33.703305431713694 ], [ -84.194478144938898, 33.703585431274824 ], [ -84.19519714481423, 33.703887431870847 ], [ -84.197063145085323, 33.704731431474933 ], [ -84.196860144695734, 33.704934432137392 ], [ -84.196794145471813, 33.705028431504878 ], [ -84.196780145228104, 33.705306432371309 ], [ -84.196824144710732, 33.705524432410598 ], [ -84.196889145008043, 33.7057934318576 ], [ -84.196923145343249, 33.705963432007074 ], [ -84.196973145571945, 33.706269432773468 ], [ -84.197022145077455, 33.706423432263222 ], [ -84.197047145191803, 33.70653443257828 ], [ -84.197032146021499, 33.706636432276753 ], [ -84.196993145663441, 33.707099432308567 ], [ -84.196955146028614, 33.707298432342967 ], [ -84.196932145564077, 33.707356432769416 ], [ -84.196878146035715, 33.707526432067212 ], [ -84.196701145585394, 33.70802443323425 ], [ -84.196666145425311, 33.708172432607299 ], [ -84.196554145272302, 33.708366432318172 ], [ -84.196491144624787, 33.708546432744299 ], [ -84.196472145256521, 33.708708433029408 ], [ -84.19647114543163, 33.708818432772041 ], [ -84.196479145827539, 33.708947432698373 ], [ -84.196525145858288, 33.709039433187804 ], [ -84.196572144815647, 33.709153433430167 ], [ -84.196601146026282, 33.709267432773906 ], [ -84.196655145554644, 33.709428433339532 ], [ -84.196686145516779, 33.709482432913951 ], [ -84.196716145654008, 33.709598433019657 ], [ -84.196773145555412, 33.709705432817223 ], [ -84.196805145342466, 33.709814432927892 ], [ -84.196871145464698, 33.709929432736949 ], [ -84.196994146386658, 33.71043743333901 ], [ -84.196984145442599, 33.710531433409251 ], [ -84.197011146105112, 33.710671433482119 ], [ -84.19703614532115, 33.710932433809212 ], [ -84.196971145922134, 33.711228432739311 ], [ -84.196921145693423, 33.711317433530859 ], [ -84.196853145921366, 33.711440432961624 ], [ -84.19661214499861, 33.711648433347904 ], [ -84.196498145195804, 33.711730433419184 ], [ -84.195976145862303, 33.712025432763824 ], [ -84.195601145045259, 33.712258433989525 ], [ -84.195020145262205, 33.712627433687864 ], [ -84.194632144924697, 33.712925433127282 ], [ -84.194136144632139, 33.713445433869929 ], [ -84.193694144766269, 33.714003433615787 ], [ -84.193403145411452, 33.714387433969932 ], [ -84.193388144444512, 33.714508433896931 ], [ -84.193257144923251, 33.714784434383049 ], [ -84.193193144450859, 33.715043434587344 ], [ -84.193196144823887, 33.715965434302426 ], [ -84.193213144542327, 33.716124433966336 ], [ -84.193328145068378, 33.716350434622086 ], [ -84.193432144825451, 33.716594434291856 ], [ -84.193548144278097, 33.71678343406785 ], [ -84.193666145177161, 33.716916435293612 ], [ -84.193839144531225, 33.717079434497997 ], [ -84.194123145111675, 33.717253434521986 ], [ -84.194332145349037, 33.717332434437942 ], [ -84.194653145739409, 33.717423435149541 ], [ -84.19501814561238, 33.717496434854255 ], [ -84.195284144852849, 33.717540434748621 ], [ -84.195606145966451, 33.717566434471806 ], [ -84.195894145846538, 33.717609434571507 ], [ -84.196292146229794, 33.717721434382611 ], [ -84.196654145729724, 33.717878434272087 ], [ -84.19689514665248, 33.718005435276673 ], [ -84.197215145421296, 33.71811443456528 ], [ -84.197426145308484, 33.718147435371399 ], [ -84.19791714647647, 33.718102434540704 ], [ -84.198554147234333, 33.718061434942157 ], [ -84.199099147032371, 33.71808243499413 ], [ -84.199608146845421, 33.718178434419002 ], [ -84.199722146648213, 33.718185434925459 ], [ -84.199853147067785, 33.718193434436195 ], [ -84.200106146787775, 33.718282434733283 ], [ -84.200304147154512, 33.718380434928534 ], [ -84.200585146463581, 33.718505434199457 ], [ -84.200676147598486, 33.718534435116148 ], [ -84.200956147082664, 33.719003435208293 ], [ -84.200902146655977, 33.719278434954923 ] ] ] ] } },
{ "type": "Feature", "properties": { "STATEFP": "13", "COUNTYFP": "089", "TRACTCE": "023313", "GEOID": "13089023313", "GEOIDFQ": "1400000US13089023313", "NAME": "233.13", "NAMELSAD": "Census Tract 233.13", "MTFCC": "G5020", "FUNCSTAT": "S", "ALAND": 4873498.0, "AWATER": 46475.0, "INTPTLAT": "+33.7351056", "INTPTLON": "-084.1246997", "OBJECTID": 706, "CensusTract": "13089023313", "State": "Georgia", "County": "DeKalb County", "Urban": 1, "Pop2010": 4597, "OHU2010": 1612, "GroupQuartersFlag": 0, "NUMGQTRS": 13, "PCTGQTRS": 0.282793126, "LILATracts_1And10": 1, "LILATracts_halfAnd10": 1, "LILATracts_1And20": 1, "LILATracts_Vehicle": 1, "Shape_Length": 11405.783517547732, "Shape_Area": 7132425.2386571197 }, "geometry": { "type": "MultiPolygon", "coordinates": [ [ [ [ -84.146924132049747, 33.727828438387235 ], [ -84.145937132385811, 33.729730439686058 ], [ -84.145641132109802, 33.730544439099134 ], [ -84.145544132025421, 33.731408439845481 ], [ -84.145394132237598, 33.732063440047519 ], [ -84.145345131833793, 33.732303440033284 ], [ -84.145248131749412, 33.732731440284375 ], [ -84.145156131687898, 33.733031439320371 ], [ -84.145076132220282, 33.733261440087283 ], [ -84.144923132059404, 33.733542440151737 ], [ -84.144657131022313, 33.734086440088582 ], [ -84.144372131515283, 33.734596440305275 ], [ -84.144217131704579, 33.734929440621428 ], [ -84.144118131970373, 33.735116439763388 ], [ -84.14395413104053, 33.735396440177446 ], [ -84.143595131913642, 33.735990440719775 ], [ -84.142841130979903, 33.737582440680619 ], [ -84.142816131763865, 33.737640440817799 ], [ -84.142318130923201, 33.738767440967401 ], [ -84.142256130998902, 33.738928441487637 ], [ -84.142234131257595, 33.739126441444007 ], [ -84.142230131059648, 33.739230441026741 ], [ -84.142226131760012, 33.739367440600667 ], [ -84.142229131234728, 33.73957444179382 ], [ -84.142262130846674, 33.739816441433071 ], [ -84.142304131577788, 33.739950441575488 ], [ -84.142253131524171, 33.741190442049472 ], [ -84.142251131874346, 33.742241441708266 ], [ -84.142342131212629, 33.743056442153751 ], [ -84.142338131014668, 33.743672442661421 ], [ -84.142262131745014, 33.743951441841865 ], [ -84.141928130935852, 33.744392442526753 ], [ -84.141749130835706, 33.744724442723424 ], [ -84.14158813207554, 33.745042442017265 ], [ -84.141261130939085, 33.746296442989475 ], [ -84.141199131913098, 33.746645442399526 ], [ -84.140478131489672, 33.746656443494331 ], [ -84.140059131189986, 33.74664644256702 ], [ -84.139809130944755, 33.746598443477779 ], [ -84.139732130951856, 33.746571442671105 ], [ -84.13944413107177, 33.746478443396228 ], [ -84.139212131268167, 33.746374442890975 ], [ -84.138884130306792, 33.746157442931732 ], [ -84.138066129798972, 33.745521443216823 ], [ -84.137738130634233, 33.74530344241002 ], [ -84.137375130411073, 33.745141442465822 ], [ -84.136951130088548, 33.745014442775123 ], [ -84.136110130014501, 33.744938442758496 ], [ -84.132376128924136, 33.74492344368096 ], [ -84.131998128632347, 33.744885442520328 ], [ -84.131024127590607, 33.744777443061082 ], [ -84.130419127518124, 33.7446934428067 ], [ -84.129902128207476, 33.744526442990292 ], [ -84.129334127944901, 33.744386442857866 ], [ -84.128719127826685, 33.744104443007103 ], [ -84.127714126822781, 33.743631443326493 ], [ -84.127063126719534, 33.74336944286879 ], [ -84.124585126703238, 33.742333442371788 ], [ -84.123989125953258, 33.742053442936104 ], [ -84.123357126116588, 33.741708442174414 ], [ -84.122824126014109, 33.741424442773081 ], [ -84.122170125537806, 33.741007442140159 ], [ -84.120887124699578, 33.740126442782504 ], [ -84.120423125092387, 33.739762442264158 ], [ -84.120013125013557, 33.739374442366973 ], [ -84.119927124799844, 33.739279442251714 ], [ -84.118852125272383, 33.738086441670156 ], [ -84.118254123974268, 33.73759744178885 ], [ -84.117840123697476, 33.737258441949265 ], [ -84.11717312459902, 33.736795441705382 ], [ -84.115964123380635, 33.735649441409279 ], [ -84.115339123216643, 33.734923441037672 ], [ -84.11475012303768, 33.734388441731376 ], [ -84.114367122723024, 33.733948440730472 ], [ -84.114036122286919, 33.7335684410045 ], [ -84.113351122746792, 33.732862440796779 ], [ -84.11299812256938, 33.73233344110497 ], [ -84.112458121895898, 33.729848440804588 ], [ -84.112129122007943, 33.72908043997397 ], [ -84.111116121506427, 33.726880439934227 ], [ -84.111244121552943, 33.726867439242682 ], [ -84.116169123420036, 33.726872439738806 ], [ -84.117758123681725, 33.726873439389706 ], [ -84.119578123922068, 33.726805439940591 ], [ -84.119602124211511, 33.726804439541759 ], [ -84.122683124650493, 33.726689439921053 ], [ -84.123336125301861, 33.726665439279088 ], [ -84.123854125335725, 33.72662143957907 ], [ -84.123987125405108, 33.726610439650528 ], [ -84.124662125797812, 33.726597438918084 ], [ -84.125574126016971, 33.726671438693096 ], [ -84.125654126382912, 33.72667743885377 ], [ -84.126271126150968, 33.726752438959259 ], [ -84.126301126288197, 33.726738439342995 ], [ -84.126558125307838, 33.726770438675949 ], [ -84.127973126390543, 33.726962439652993 ], [ -84.128860126495354, 33.727036439113242 ], [ -84.129691127421978, 33.727034439068134 ], [ -84.131673127145717, 33.726995439298996 ], [ -84.132432127203998, 33.726992438856293 ], [ -84.13456412851221, 33.727024438841681 ], [ -84.135799128771566, 33.727021439147059 ], [ -84.137624129034791, 33.727016439406754 ], [ -84.138505130190111, 33.727021439147059 ], [ -84.14006212976642, 33.727033438671974 ], [ -84.140935130525833, 33.727064438246266 ], [ -84.141506130263153, 33.727059439255598 ], [ -84.141863130638527, 33.727057439210967 ], [ -84.14250313087112, 33.727057439210967 ], [ -84.144580131029429, 33.727080437853431 ], [ -84.145666132224164, 33.727090438820497 ], [ -84.146119131062378, 33.727097438600182 ], [ -84.147267131283087, 33.727148438578872 ], [ -84.146924132049747, 33.727828438387235 ] ] ] ] } },
{ "type": "Feature", "properties": { "STATEFP": "13", "COUNTYFP": "089", "TRACTCE": "023107", "GEOID": "13089023107", "GEOIDFQ": "1400000US13089023107", "NAME": "231.07", "NAMELSAD": "Census Tract 231.07", "MTFCC": "G5020", "FUNCSTAT": "S", "ALAND": 3752697.0, "AWATER": 0.0, "INTPTLAT": "+33.7496649", "INTPTLON": "-084.2513283", "OBJECTID": 684, "CensusTract": "13089023107", "State": "Georgia", "County": "DeKalb County", "Urban": 1, "Pop2010": 4452, "OHU2010": 1691, "GroupQuartersFlag": 0, "NUMGQTRS": 11, "PCTGQTRS": 0.247079964, "LILATracts_1And10": 1, "LILATracts_halfAnd10": 1, "LILATracts_1And20": 1, "LILATracts_Vehicle": 1, "Shape_Length": 12084.681844237894, "Shape_Area": 5442126.0294307992 }, "geometry": { "type": "MultiPolygon", "coordinates": [ [ [ [ -84.267810168305417, 33.754941440175926 ], [ -84.26753916814377, 33.755120440700402 ], [ -84.266194168279569, 33.755932440314233 ], [ -84.266111167540572, 33.75598643975826 ], [ -84.266004168308768, 33.755880440955742 ], [ -84.265965167950696, 33.755845439603121 ], [ -84.26540716863218, 33.755249440496151 ], [ -84.265210168090377, 33.755093440336431 ], [ -84.265060167404243, 33.755013440010416 ], [ -84.264880168377502, 33.754967439770446 ], [ -84.264396166882193, 33.754914439755588 ], [ -84.263707167144105, 33.754941440175926 ], [ -84.262866167070072, 33.754965440376424 ], [ -84.262573167167119, 33.754966440446879 ], [ -84.262471167059871, 33.754973440192785 ], [ -84.262168167111156, 33.754974440263148 ], [ -84.261662166772865, 33.754963440235464 ], [ -84.25929816655939, 33.754877440106341 ], [ -84.25873116612172, 33.754856440096425 ], [ -84.256121164962636, 33.754840440441079 ], [ -84.254482164472236, 33.754854439952929 ], [ -84.254057165223116, 33.754845440800501 ], [ -84.253682164406072, 33.75486244052653 ], [ -84.253195164334358, 33.754910440218197 ], [ -84.252828164811547, 33.754986441106531 ], [ -84.252023163824205, 33.755163440653867 ], [ -84.251839163701192, 33.755226440442584 ], [ -84.251777163776907, 33.755276440810995 ], [ -84.251714164027703, 33.755350440496059 ], [ -84.251681163517432, 33.755409440633201 ], [ -84.251658163951205, 33.75551844021011 ], [ -84.251687164263529, 33.7566544411603 ], [ -84.251658163951205, 33.757035440978456 ], [ -84.251619164491473, 33.758243442100692 ], [ -84.251616164118417, 33.758344440813794 ], [ -84.25161116409555, 33.759409441859113 ], [ -84.251601164049802, 33.760406441920964 ], [ -84.251580164133401, 33.761369441740122 ], [ -84.251573164460723, 33.762231441953368 ], [ -84.251494163919688, 33.764706442491018 ], [ -84.251469163805325, 33.764849442916898 ], [ -84.251426164147631, 33.764933442094943 ], [ -84.251339164108998, 33.765008443105103 ], [ -84.251262164116099, 33.764797442246547 ], [ -84.251092164236795, 33.764403443092746 ], [ -84.250889163847191, 33.763966442877489 ], [ -84.250850164387444, 33.763907442655494 ], [ -84.250650163472585, 33.763598442854587 ], [ -84.250393163554648, 33.763272443137893 ], [ -84.250152163530217, 33.762988441966243 ], [ -84.249794163329923, 33.762715441875123 ], [ -84.249418163586299, 33.762470442680652 ], [ -84.248811163863977, 33.762122442697212 ], [ -84.248022162770155, 33.761770442830205 ], [ -84.247625162211804, 33.761635442436216 ], [ -84.247214162308069, 33.761509442523845 ], [ -84.245910162451736, 33.761158442378097 ], [ -84.24483616185087, 33.76088944243817 ], [ -84.244326161314618, 33.760747442129428 ], [ -84.243481161940934, 33.760546442037146 ], [ -84.24348416231399, 33.76044544218437 ], [ -84.24360916108914, 33.759721441870383 ], [ -84.243649161272117, 33.759401441709798 ], [ -84.243670161188504, 33.758750441997272 ], [ -84.243671161911749, 33.758100441855788 ], [ -84.243650161097037, 33.757093440657201 ], [ -84.243664161340718, 33.757051441717856 ], [ -84.243630161005541, 33.757061441431617 ], [ -84.243390160806015, 33.757079441510918 ], [ -84.2428381613353, 33.757049441625561 ], [ -84.242673161478848, 33.757021441075828 ], [ -84.242574160846331, 33.756968441583972 ], [ -84.242495161203621, 33.756882441225514 ], [ -84.242230160889747, 33.756309441628353 ], [ -84.24184516092528, 33.755692440713908 ], [ -84.241601160527807, 33.755347441044968 ], [ -84.241605160725769, 33.755315441167717 ], [ -84.241237160479741, 33.754800441289667 ], [ -84.241142160943497, 33.754586441217967 ], [ -84.241147160966349, 33.754130440218795 ], [ -84.241160160486842, 33.753708440441933 ], [ -84.241122160852015, 33.753310439998593 ], [ -84.241055160006539, 33.752902440497657 ], [ -84.241027161315785, 33.75280044125266 ], [ -84.241020160744768, 33.752724440667258 ], [ -84.241055160006539, 33.752564440747683 ], [ -84.241111160083051, 33.752413439938238 ], [ -84.241230160807049, 33.752179440067827 ], [ -84.241444160168982, 33.751795440007314 ], [ -84.241552161022312, 33.751578440321339 ], [ -84.241618160246247, 33.751419439868933 ], [ -84.241633161213173, 33.751284439605655 ], [ -84.241599159979671, 33.751064440519379 ], [ -84.241617160421328, 33.750819440142614 ], [ -84.241692160764401, 33.750702439605988 ], [ -84.241715160330628, 33.75059344062862 ], [ -84.24173516042211, 33.749672439598868 ], [ -84.241721160178415, 33.749477439742009 ], [ -84.241693160589307, 33.74938443988394 ], [ -84.24162516081725, 33.749323439809807 ], [ -84.241514160489189, 33.74929543972452 ], [ -84.240736161062628, 33.749253439952874 ], [ -84.240615160688805, 33.749250440288492 ], [ -84.240640159904842, 33.749098439479503 ], [ -84.240676160788169, 33.748938440263125 ], [ -84.240689160308662, 33.748837440179265 ], [ -84.240709160400144, 33.74852544014508 ], [ -84.240750160408027, 33.748196440172222 ], [ -84.241376160396911, 33.748227439569682 ], [ -84.241731161122459, 33.748210439275027 ], [ -84.241904160476508, 33.748188439723549 ], [ -84.242047160591639, 33.748141440153532 ], [ -84.242222160493824, 33.748035439868588 ], [ -84.242430160906295, 33.747854439184785 ], [ -84.242504160526138, 33.747779439598361 ], [ -84.242806160649934, 33.74750743903418 ], [ -84.242977161252455, 33.747223439413702 ], [ -84.243055161070274, 33.747005439198546 ], [ -84.243225160949578, 33.746409439146397 ], [ -84.243271160980342, 33.746250438819864 ], [ -84.243319160660903, 33.746006439056181 ], [ -84.243325161407, 33.745828439102908 ], [ -84.243328160881745, 33.745414438764648 ], [ -84.243338160927493, 33.74478943860894 ], [ -84.243388161156204, 33.744494439074614 ], [ -84.243423161316315, 33.744351439054213 ], [ -84.243520161400681, 33.744159438892126 ], [ -84.24373516148583, 33.743758438342276 ], [ -84.243781160618269, 33.743590438743148 ], [ -84.243805160907726, 33.743489438336638 ], [ -84.243821160801247, 33.743304439184364 ], [ -84.24378616064115, 33.742483438305371 ], [ -84.243822160626152, 33.741056437868096 ], [ -84.243815160953474, 33.740946437601593 ], [ -84.243788160290975, 33.740844438328573 ], [ -84.243741160435306, 33.740733437553807 ], [ -84.24364316142433, 33.740621437891697 ], [ -84.243535160570971, 33.740525438171595 ], [ -84.243396160653816, 33.740438438262451 ], [ -84.243215160005533, 33.740400437355646 ], [ -84.243034161153872, 33.740387437965524 ], [ -84.243065160217697, 33.74003343726622 ], [ -84.24307116096378, 33.739864437594697 ], [ -84.24304615995112, 33.739694438088698 ], [ -84.242981159653795, 33.739499437954819 ], [ -84.242885160292644, 33.739344437781192 ], [ -84.242708159842309, 33.739188437820125 ], [ -84.242480160236681, 33.739048437939118 ], [ -84.241899160453642, 33.738874438024702 ], [ -84.241948159959136, 33.738267437569284 ], [ -84.241999160012739, 33.737831437373096 ], [ -84.242018160279329, 33.737668437984915 ], [ -84.24242916018305, 33.73768743792494 ], [ -84.243827160649019, 33.737750437106321 ], [ -84.244999161159186, 33.737784437356737 ], [ -84.245686161247448, 33.73781743732323 ], [ -84.246151161577856, 33.737827437038945 ], [ -84.249746162751038, 33.737893436926214 ], [ -84.250357162671321, 33.737904436902454 ], [ -84.251995162438476, 33.737940437629895 ], [ -84.252018162902999, 33.738161437033263 ], [ -84.252083163200339, 33.738348437347966 ], [ -84.252148162599354, 33.738510436675845 ], [ -84.252245162683735, 33.738656437505021 ], [ -84.25235216281385, 33.738785436669822 ], [ -84.25252616289113, 33.739051437213298 ], [ -84.25312616294076, 33.740357437469164 ], [ -84.253510163978618, 33.741186437389942 ], [ -84.253626164329575, 33.74134143722322 ], [ -84.253773163744356, 33.741496437523345 ], [ -84.253921162984028, 33.741618437557825 ], [ -84.25417916362521, 33.741775437806048 ], [ -84.254408163954068, 33.741882437087348 ], [ -84.255291163860917, 33.742130438259345 ], [ -84.25637116430957, 33.742517438173856 ], [ -84.256760164471999, 33.742686437847375 ], [ -84.257386165359193, 33.743038437636564 ], [ -84.258240164953733, 33.743539438079395 ], [ -84.258429165099614, 33.74366243765126 ], [ -84.259728165831376, 33.744468438545368 ], [ -84.260599166042653, 33.745079438440811 ], [ -84.260678165685363, 33.745157438702186 ], [ -84.260767165373835, 33.745210438025353 ], [ -84.260952166220065, 33.745425438523412 ], [ -84.261107166030769, 33.74564843767498 ], [ -84.261261166016538, 33.745914438597737 ], [ -84.261749165913187, 33.746884438774863 ], [ -84.261984166089832, 33.74735043882108 ], [ -84.262232165786926, 33.747812438707427 ], [ -84.262569166969158, 33.748351439288228 ], [ -84.263408166495054, 33.749334439067198 ], [ -84.26388516741936, 33.749927439317162 ], [ -84.264021167861785, 33.750108439360027 ], [ -84.264965166969688, 33.751287439198897 ], [ -84.265486167376594, 33.75213243969764 ], [ -84.265636168062727, 33.752374439008321 ], [ -84.266076167380461, 33.753083439488869 ], [ -84.26615016789863, 33.753203440037218 ], [ -84.266586167916728, 33.753821439529183 ], [ -84.267153168354383, 33.754451439966118 ], [ -84.267693168129554, 33.754850439665852 ], [ -84.267810168305417, 33.754941440175926 ] ] ] ] } },
{ "type": "Feature", "properties": { "STATEFP": "13", "COUNTYFP": "089", "TRACTCE": "023108", "GEOID": "13089023108", "GEOIDFQ": "1400000US13089023108", "NAME": "231.08", "NAMELSAD": "Census Tract 231.08", "MTFCC": "G5020", "FUNCSTAT": "S", "ALAND": 3693806.0, "AWATER": 14121.0, "INTPTLAT": "+33.7452830", "INTPTLON": "-084.2322398", "OBJECTID": 685, "CensusTract": "13089023108", "State": "Georgia", "County": "DeKalb County", "Urban": 1, "Pop2010": 4241, "OHU2010": 1592, "GroupQuartersFlag": 0, "NUMGQTRS": 3, "PCTGQTRS": 0.070738033, "LILATracts_1And10": 1, "LILATracts_halfAnd10": 1, "LILATracts_1And20": 1, "LILATracts_Vehicle": 1, "Shape_Length": 11040.002922827487, "Shape_Area": 5376630.1373407813 }, "geometry": { "type": "MultiPolygon", "coordinates": [ [ [ [ -84.243822160626152, 33.741056437868096 ], [ -84.24378616064115, 33.742483438305371 ], [ -84.243821160801247, 33.743304439184364 ], [ -84.243805160907726, 33.743489438336638 ], [ -84.243781160618269, 33.743590438743148 ], [ -84.24373516148583, 33.743758438342276 ], [ -84.243520161400681, 33.744159438892126 ], [ -84.243423161316315, 33.744351439054213 ], [ -84.243388161156204, 33.744494439074614 ], [ -84.243338160927493, 33.74478943860894 ], [ -84.243328160881745, 33.745414438764648 ], [ -84.243325161407, 33.745828439102908 ], [ -84.243319160660903, 33.746006439056181 ], [ -84.243271160980342, 33.746250438819864 ], [ -84.243225160949578, 33.746409439146397 ], [ -84.243055161070274, 33.747005439198546 ], [ -84.242977161252455, 33.747223439413702 ], [ -84.242806160649934, 33.74750743903418 ], [ -84.242504160526138, 33.747779439598361 ], [ -84.242430160906295, 33.747854439184785 ], [ -84.242222160493824, 33.748035439868588 ], [ -84.242047160591639, 33.748141440153532 ], [ -84.241904160476508, 33.748188439723549 ], [ -84.241731161122459, 33.748210439275027 ], [ -84.241376160396911, 33.748227439569682 ], [ -84.240750160408027, 33.748196440172222 ], [ -84.240709160400144, 33.74852544014508 ], [ -84.240689160308662, 33.748837440179265 ], [ -84.240676160788169, 33.748938440263125 ], [ -84.240640159904842, 33.749098439479503 ], [ -84.240615160688805, 33.749250440288492 ], [ -84.240736161062628, 33.749253439952874 ], [ -84.241514160489189, 33.74929543972452 ], [ -84.24162516081725, 33.749323439809807 ], [ -84.241693160589307, 33.74938443988394 ], [ -84.241721160178415, 33.749477439742009 ], [ -84.24173516042211, 33.749672439598868 ], [ -84.241715160330628, 33.75059344062862 ], [ -84.241692160764401, 33.750702439605988 ], [ -84.241617160421328, 33.750819440142614 ], [ -84.241599159979671, 33.751064440519379 ], [ -84.241633161213173, 33.751284439605655 ], [ -84.241618160246247, 33.751419439868933 ], [ -84.241552161022312, 33.751578440321339 ], [ -84.241444160168982, 33.751795440007314 ], [ -84.241230160807049, 33.752179440067827 ], [ -84.241111160083051, 33.752413439938238 ], [ -84.241055160006539, 33.752564440747683 ], [ -84.241020160744768, 33.752724440667258 ], [ -84.241027161315785, 33.75280044125266 ], [ -84.241055160006539, 33.752902440497657 ], [ -84.241122160852015, 33.753310439998593 ], [ -84.241160160486842, 33.753708440441933 ], [ -84.241147160966349, 33.754130440218795 ], [ -84.241142160943497, 33.754586441217967 ], [ -84.241237160479741, 33.754800441289667 ], [ -84.241605160725769, 33.755315441167717 ], [ -84.241601160527807, 33.755347441044968 ], [ -84.24184516092528, 33.755692440713908 ], [ -84.242230160889747, 33.756309441628353 ], [ -84.242495161203621, 33.756882441225514 ], [ -84.242574160846331, 33.756968441583972 ], [ -84.242673161478848, 33.757021441075828 ], [ -84.2428381613353, 33.757049441625561 ], [ -84.243390160806015, 33.757079441510918 ], [ -84.243630161005541, 33.757061441431617 ], [ -84.243664161340718, 33.757051441717856 ], [ -84.243650161097037, 33.757093440657201 ], [ -84.243671161911749, 33.758100441855788 ], [ -84.243670161188504, 33.758750441997272 ], [ -84.243649161272117, 33.759401441709798 ], [ -84.24360916108914, 33.759721441870383 ], [ -84.24348416231399, 33.76044544218437 ], [ -84.243481161940934, 33.760546442037146 ], [ -84.243022161458299, 33.760413441969568 ], [ -84.242220160844013, 33.760112442351748 ], [ -84.241921161093259, 33.75997944161076 ], [ -84.241365160526257, 33.759645442192515 ], [ -84.241078160471076, 33.759428442210599 ], [ -84.240650160848901, 33.759040442412228 ], [ -84.238499160172452, 33.756916442107055 ], [ -84.237379159540822, 33.755837441361898 ], [ -84.236794159559807, 33.755444441416948 ], [ -84.236457159275929, 33.755234441728369 ], [ -84.235771159012586, 33.7548384410441 ], [ -84.234559158319442, 33.754160441125613 ], [ -84.233537158495423, 33.753577441141772 ], [ -84.23253415803967, 33.753005441208416 ], [ -84.231963157404053, 33.752669440565178 ], [ -84.231739157996373, 33.752537441072583 ], [ -84.230964158044586, 33.752092440776629 ], [ -84.229492157060449, 33.751304440377318 ], [ -84.228508156871271, 33.750741440549497 ], [ -84.228183156282952, 33.750554441111603 ], [ -84.227596156652112, 33.75021744044777 ], [ -84.222333154676235, 33.747207439827932 ], [ -84.221752154893181, 33.746881439774569 ], [ -84.221145154272534, 33.74656044007147 ], [ -84.220588154778952, 33.746241440258288 ], [ -84.220148153664567, 33.745939439259793 ], [ -84.219839153868094, 33.745695440105237 ], [ -84.21974715380658, 33.745596439549203 ], [ -84.21921015350614, 33.745011439974604 ], [ -84.218967153831898, 33.74449043979812 ], [ -84.218788153731765, 33.744070439285899 ], [ -84.218726153807481, 33.743815439332039 ], [ -84.218593153738084, 33.743212438815391 ], [ -84.218172153788601, 33.741002439479765 ], [ -84.217970153223931, 33.740008439364658 ], [ -84.217961153003102, 33.739795438481771 ], [ -84.217960153178183, 33.739771439264473 ], [ -84.217860153619071, 33.739280438770031 ], [ -84.217726152826458, 33.738776438819059 ], [ -84.21762115324448, 33.738425438237925 ], [ -84.217333153364379, 33.737770438046184 ], [ -84.217061153377813, 33.737314438764763 ], [ -84.216773152599416, 33.736842437781327 ], [ -84.217188152701112, 33.736826438500167 ], [ -84.217442153144319, 33.736807438369446 ], [ -84.218382152952572, 33.736828438317119 ], [ -84.21954515324191, 33.736846438161464 ], [ -84.220555153370341, 33.736894437478831 ], [ -84.221202154173952, 33.736908438426376 ], [ -84.221737153926256, 33.736929437602313 ], [ -84.22293015525112, 33.736972437713071 ], [ -84.224153154916593, 33.73699243734027 ], [ -84.225550154659317, 33.737066437115715 ], [ -84.226142155211335, 33.737069437206237 ], [ -84.227234156253871, 33.737094437458282 ], [ -84.227608156347685, 33.737103438473596 ], [ -84.227928156014812, 33.737110437436506 ], [ -84.227993156312152, 33.737112437993872 ], [ -84.228954156036778, 33.737136437955002 ], [ -84.229721156490996, 33.737184437110166 ], [ -84.230127157270175, 33.737215437499643 ], [ -84.230633156710155, 33.737226437562825 ], [ -84.230875156559492, 33.737234437539996 ], [ -84.23142115708076, 33.737252438046212 ], [ -84.232277157223422, 33.737282437387378 ], [ -84.232937156649172, 33.73730343721877 ], [ -84.234269157891205, 33.737360437268798 ], [ -84.23565615848652, 33.737413437674547 ], [ -84.236018158884775, 33.737424437712342 ], [ -84.237159158534482, 33.737458437344969 ], [ -84.242018160279329, 33.737668437984915 ], [ -84.241999160012739, 33.737831437373096 ], [ -84.241948159959136, 33.738267437569284 ], [ -84.241899160453642, 33.738874438024702 ], [ -84.242480160236681, 33.739048437939118 ], [ -84.242708159842309, 33.739188437820125 ], [ -84.242885160292644, 33.739344437781192 ], [ -84.242981159653795, 33.739499437954819 ], [ -84.24304615995112, 33.739694438088698 ], [ -84.24307116096378, 33.739864437594697 ], [ -84.243065160217697, 33.74003343726622 ], [ -84.243034161153872, 33.740387437965524 ], [ -84.243215160005533, 33.740400437355646 ], [ -84.243396160653816, 33.740438438262451 ], [ -84.243535160570971, 33.740525438171595 ], [ -84.24364316142433, 33.740621437891697 ], [ -84.243741160435306, 33.740733437553807 ], [ -84.243788160290975, 33.740844438328573 ], [ -84.243815160953474, 33.740946437601593 ], [ -84.243822160626152, 33.741056437868096 ] ] ] ] } },
{ "type": "Feature", "properties": { "STATEFP": "13", "COUNTYFP": "089", "TRACTCE": "023113", "GEOID": "13089023113", "GEOIDFQ": "1400000US13089023113", "NAME": "231.13", "NAMELSAD": "Census Tract 231.13", "MTFCC": "G5020", "FUNCSTAT": "S", "ALAND": 2041377.0, "AWATER": 8918.0, "INTPTLAT": "+33.7771900", "INTPTLON": "-084.2532758", "OBJECTID": 688, "CensusTract": "13089023113", "State": "Georgia", "County": "DeKalb County", "Urban": 1, "Pop2010": 3187, "OHU2010": 1383, "GroupQuartersFlag": 0, "NUMGQTRS": 0, "PCTGQTRS": 0.0, "LILATracts_1And10": 1, "LILATracts_halfAnd10": 1, "LILATracts_1And20": 1, "LILATracts_Vehicle": 1, "Shape_Length": 9231.9460238516767, "Shape_Area": 2975281.9170455919 }, "geometry": { "type": "MultiPolygon", "coordinates": [ [ [ [ -84.267256170083172, 33.776871444820728 ], [ -84.266897169159648, 33.777666445514257 ], [ -84.26651016954537, 33.778359445360323 ], [ -84.266215169094266, 33.778724444584185 ], [ -84.265747169289128, 33.779111445073717 ], [ -84.265648168656597, 33.779172444856322 ], [ -84.265552169295447, 33.779231445020869 ], [ -84.265097169010787, 33.779511445488133 ], [ -84.264385168808161, 33.779943445928268 ], [ -84.263928167975365, 33.779992445538149 ], [ -84.263304168534617, 33.780037445261833 ], [ -84.262742168119843, 33.78005044536016 ], [ -84.262503167745209, 33.780056445519726 ], [ -84.262437168521302, 33.780058445821695 ], [ -84.262013168198777, 33.780068445090905 ], [ -84.261617168363642, 33.780084446009958 ], [ -84.260621167580581, 33.779918445476568 ], [ -84.260229167943422, 33.779903445799327 ], [ -84.259922167796773, 33.779920445781748 ], [ -84.259109166413495, 33.780029445545019 ], [ -84.257918167433388, 33.780256446367176 ], [ -84.256796166253622, 33.780526445762462 ], [ -84.255621166268739, 33.780932445640261 ], [ -84.255237166129177, 33.781076446377718 ], [ -84.25510716643285, 33.78112444557425 ], [ -84.25502516641707, 33.781155446503185 ], [ -84.254960166119744, 33.781181445611786 ], [ -84.254918165388631, 33.78119744557619 ], [ -84.254832166073228, 33.781231446517317 ], [ -84.254810166331936, 33.781240445885793 ], [ -84.254388166557547, 33.781406446096923 ], [ -84.25423716604648, 33.781465446215947 ], [ -84.254016166113544, 33.78155244630458 ], [ -84.253585166118327, 33.781732446258921 ], [ -84.253085165627823, 33.781917446854798 ], [ -84.252767165610507, 33.782019445793644 ], [ -84.252040165339267, 33.78226544708253 ], [ -84.250688164904048, 33.782689446856544 ], [ -84.250595165017629, 33.782719445979161 ], [ -84.250339164924597, 33.782800446320358 ], [ -84.24975016474562, 33.782992446546508 ], [ -84.249382164499593, 33.783093446702722 ], [ -84.248985164839553, 33.783169446490362 ], [ -84.248542164250452, 33.783207446358922 ], [ -84.248210163989441, 33.783240446761582 ], [ -84.247228164348385, 33.783281447311985 ], [ -84.247112163997443, 33.783285446272046 ], [ -84.246485164183653, 33.783271446924644 ], [ -84.246091163998329, 33.78324644669766 ], [ -84.245779163828814, 33.78318844680004 ], [ -84.245599163005437, 33.78314844669336 ], [ -84.245307162927389, 33.78308444752895 ], [ -84.245127163002337, 33.783037446933932 ], [ -84.245099163413244, 33.783030446493598 ], [ -84.242401162390607, 33.782260446829689 ], [ -84.242149162495522, 33.782229447047314 ], [ -84.241987162113816, 33.782225447291346 ], [ -84.241724162348092, 33.782228447294997 ], [ -84.241145162214863, 33.78229144660083 ], [ -84.24000016146887, 33.782482447472127 ], [ -84.239628161024882, 33.782545446591058 ], [ -84.23932216160145, 33.782622446612798 ], [ -84.239179161486334, 33.782678447399597 ], [ -84.239065161683499, 33.782760446778987 ], [ -84.238855161621231, 33.78298444710564 ], [ -84.238275161663083, 33.783714447137477 ], [ -84.237804161484902, 33.784186446924302 ], [ -84.237356160872906, 33.784598447212261 ], [ -84.236889160892687, 33.784951447841301 ], [ -84.236671161332808, 33.785132447836425 ], [ -84.235188160478017, 33.786350447865466 ], [ -84.235008160552965, 33.786461448556977 ], [ -84.234628160611379, 33.786630448203553 ], [ -84.234251160144495, 33.786736447793992 ], [ -84.234059160523884, 33.786735448840894 ], [ -84.233836160042813, 33.786716447824951 ], [ -84.234116160425302, 33.786397448135467 ], [ -84.234607160694978, 33.785827447917555 ], [ -84.235350160859724, 33.784944447557478 ], [ -84.236056161214563, 33.784016447202745 ], [ -84.236422160912454, 33.783563447452153 ], [ -84.236830161341445, 33.783017446847637 ], [ -84.236938160398182, 33.782871447644077 ], [ -84.237477161246744, 33.78207644672878 ], [ -84.238426161275811, 33.780693446381036 ], [ -84.238642161185879, 33.780367446744222 ], [ -84.238898161278925, 33.779981446481493 ], [ -84.239154161371957, 33.77960544604246 ], [ -84.239351161913774, 33.779343446512264 ], [ -84.239445161625113, 33.77921944607904 ], [ -84.239612161131362, 33.779036445954716 ], [ -84.239708161390823, 33.778948446506483 ], [ -84.239733161505185, 33.778931446331136 ], [ -84.239862161376621, 33.778843446028354 ], [ -84.240021161385272, 33.778742446087008 ], [ -84.240322161684162, 33.77858444579195 ], [ -84.240686161732228, 33.778420446425137 ], [ -84.241120162100501, 33.778231446546812 ], [ -84.241373161820491, 33.778115446640179 ], [ -84.241262162390726, 33.778039445354487 ], [ -84.241873162311009, 33.777745445798182 ], [ -84.243140162357406, 33.777122445021433 ], [ -84.243719163388946, 33.776875445573374 ], [ -84.243996162500068, 33.77674544565641 ], [ -84.244254162242925, 33.77663344599479 ], [ -84.244648163326531, 33.776428445801507 ], [ -84.244988163085154, 33.77625144536745 ], [ -84.24575016261818, 33.77583044531233 ], [ -84.245988163167866, 33.775674445277367 ], [ -84.246400162896506, 33.775408444849703 ], [ -84.247017163562887, 33.774936445224299 ], [ -84.24726216378528, 33.774734444969688 ], [ -84.247893163797031, 33.774095444901683 ], [ -84.248168163258327, 33.773780444649795 ], [ -84.248417163678681, 33.773460444713287 ], [ -84.248727164198399, 33.773042444708679 ], [ -84.24904116401774, 33.772561444462745 ], [ -84.249235164186516, 33.772211443901369 ], [ -84.24925016425513, 33.772184444440846 ], [ -84.249299163760611, 33.772111444225082 ], [ -84.249316164377362, 33.772086444474432 ], [ -84.249501164325281, 33.772062444587476 ], [ -84.249549164005856, 33.772056443867982 ], [ -84.249887164114668, 33.771977444311595 ], [ -84.250651164195816, 33.771808444127387 ], [ -84.251221165006527, 33.771736444959551 ], [ -84.251464163782444, 33.771716444474691 ], [ -84.25176816445439, 33.771706444230539 ], [ -84.252153164418857, 33.771706444230539 ], [ -84.252911164652218, 33.771714444724672 ], [ -84.254293165224666, 33.771719443352964 ], [ -84.254571165059019, 33.771701444107997 ], [ -84.256182166858622, 33.772847444994987 ], [ -84.256605166457916, 33.773147444083449 ], [ -84.256669166930337, 33.773193444273936 ], [ -84.256774165614019, 33.773240445043662 ], [ -84.257258166210988, 33.773459444111928 ], [ -84.257677166510646, 33.773655444525211 ], [ -84.257789166663642, 33.773701444442892 ], [ -84.258052167327691, 33.773807444354084 ], [ -84.258096165911994, 33.773825444650015 ], [ -84.258507166714054, 33.773969444641246 ], [ -84.259035166793652, 33.774143444276604 ], [ -84.259129166504962, 33.77417444474527 ], [ -84.259346167138276, 33.774245444258973 ], [ -84.259388166971064, 33.774259444334966 ], [ -84.260071166861351, 33.774443444800561 ], [ -84.260144166656303, 33.774457444097486 ], [ -84.261136168139714, 33.774661444686515 ], [ -84.262052168556821, 33.774888444800297 ], [ -84.262442168544183, 33.774973445174965 ], [ -84.26309116809928, 33.775114444477225 ], [ -84.263995168820827, 33.775345444961495 ], [ -84.265760168809592, 33.775866445050298 ], [ -84.265979169092716, 33.775955444503523 ], [ -84.267163169298442, 33.776303444313733 ], [ -84.267476169292877, 33.776301445417438 ], [ -84.267256170083172, 33.776871444820728 ] ] ] ] } },
{ "type": "Feature", "properties": { "STATEFP": "13", "COUNTYFP": "135", "TRACTCE": "050105", "GEOID": "13135050105", "GEOIDFQ": "1400000US13135050105", "NAME": "501.05", "NAMELSAD": "Census Tract 501.05", "MTFCC": "G5020", "FUNCSTAT": "S", "ALAND": 14579190.0, "AWATER": 135543.0, "INTPTLAT": "+34.1185623", "INTPTLON": "-083.9886102", "OBJECTID": 1166, "CensusTract": "13135050105", "State": "Georgia", "County": "Gwinnett County", "Urban": 1, "Pop2010": 3651, "OHU2010": 1276, "GroupQuartersFlag": 0, "NUMGQTRS": 0, "PCTGQTRS": 0.0, "LILATracts_1And10": 1, "LILATracts_halfAnd10": 1, "LILATracts_1And20": 1, "LILATracts_Vehicle": 1, "Shape_Length": 24596.181702423597, "Shape_Area": 21523857.551818293 }, "geometry": { "type": "MultiPolygon", "coordinates": [ [ [ [ -84.027583118132668, 34.105065523388525 ], [ -84.027336117362154, 34.105637523904939 ], [ -84.027270118138233, 34.105779524495063 ], [ -84.027191117597198, 34.105971524295946 ], [ -84.02697511768713, 34.106492524368925 ], [ -84.026735117487604, 34.106972523843716 ], [ -84.0264731175468, 34.107358524352868 ], [ -84.026110117323626, 34.107784524924483 ], [ -84.025800116803921, 34.108117524626586 ], [ -84.025415117737765, 34.108480524323006 ], [ -84.024982117194412, 34.108779525245119 ], [ -84.024494117297778, 34.109059524518621 ], [ -84.024192116275671, 34.10921652434854 ], [ -84.02400011665506, 34.109316524528964 ], [ -84.023967117043085, 34.109332524665838 ], [ -84.023890117050186, 34.109370524978821 ], [ -84.022806117301911, 34.109910525350585 ], [ -84.021923116496751, 34.110321525393452 ], [ -84.020136114970029, 34.111204524998854 ], [ -84.019968115638861, 34.11129452595214 ], [ -84.019425115490648, 34.111547525937276 ], [ -84.01888211534245, 34.111799525558268 ], [ -84.018490115705276, 34.111990525479214 ], [ -84.017235114456128, 34.112579525895818 ], [ -84.01505211399261, 34.113652526029327 ], [ -84.014037113841283, 34.11415852601192 ], [ -84.013483114720728, 34.114434526281627 ], [ -84.013135113667886, 34.114650526705212 ], [ -84.01242311346526, 34.115119527034103 ], [ -84.012116114216923, 34.115370526860097 ], [ -84.011718113833652, 34.115732526364006 ], [ -84.011042113616043, 34.116405527174834 ], [ -84.009728112815665, 34.117737526647012 ], [ -84.008990112673771, 34.118433527446342 ], [ -84.008706112991661, 34.118702527496318 ], [ -84.008297113636061, 34.119012527189405 ], [ -84.007826112559542, 34.119352527657163 ], [ -84.006974111716531, 34.119878528399795 ], [ -84.006575112406665, 34.120125527964632 ], [ -84.0058371122648, 34.120603527671626 ], [ -84.003760111208166, 34.121893527895111 ], [ -84.003118111325747, 34.122298528584238 ], [ -84.002673111086821, 34.122587528993513 ], [ -84.002328111305332, 34.12286852814065 ], [ -84.001955111036438, 34.123210529153468 ], [ -84.001698111118486, 34.123473528345528 ], [ -84.001430111329867, 34.123825528257484 ], [ -84.001212110871663, 34.124184528880633 ], [ -84.001114110962391, 34.124345528961236 ], [ -84.000752110564122, 34.125090528765192 ], [ -84.000099110811064, 34.127203529238827 ], [ -83.998877110970511, 34.131163530785479 ], [ -83.998342110319896, 34.132897530673816 ], [ -83.998228110517076, 34.133194531327867 ], [ -83.998087110950081, 34.13370453148076 ], [ -83.997901111177242, 34.134282531403706 ], [ -83.997872110864918, 34.134341531205656 ], [ -83.997636109965072, 34.134807531382535 ], [ -83.996920110462796, 34.135830531651408 ], [ -83.9964281103682, 34.136332531768474 ], [ -83.995814110074875, 34.136796532009328 ], [ -83.995047109620685, 34.137268531589029 ], [ -83.994554109701198, 34.13759353155973 ], [ -83.993477108727276, 34.13822553226408 ], [ -83.992360109367013, 34.138889532204068 ], [ -83.990341108036702, 34.140101533202113 ], [ -83.989165109125224, 34.140723532903664 ], [ -83.988246108335062, 34.141077533113481 ], [ -83.98775210769233, 34.141254533777492 ], [ -83.987541107805143, 34.141290533123652 ], [ -83.987152107642714, 34.14137153326935 ], [ -83.986839107648251, 34.141451532593486 ], [ -83.986750107061496, 34.141471532598601 ], [ -83.986253107842359, 34.141274533829183 ], [ -83.984527106415001, 34.140589533079989 ], [ -83.983074106595765, 34.140013532461012 ], [ -83.982921106434901, 34.139952532865152 ], [ -83.981867106823827, 34.139530533089804 ], [ -83.980792106398042, 34.139069533076068 ], [ -83.979868105585012, 34.138670532633675 ], [ -83.979699105530599, 34.138597533146431 ], [ -83.979296106022787, 34.138423532973576 ], [ -83.978626105652978, 34.138134533168078 ], [ -83.97851810569793, 34.138088532819701 ], [ -83.978482104814603, 34.138072532919004 ], [ -83.978284105346219, 34.137987532419551 ], [ -83.977098104592358, 34.137737532860733 ], [ -83.976991104462229, 34.137715532626181 ], [ -83.976807104339215, 34.137677532410422 ], [ -83.97582910399781, 34.137473532642645 ], [ -83.975759104575928, 34.137458532673115 ], [ -83.975738104659527, 34.137454532482494 ], [ -83.975658104293586, 34.137436532365989 ], [ -83.973979103620223, 34.137091532985039 ], [ -83.973201103295381, 34.136775532329104 ], [ -83.97278610319367, 34.136607532468716 ], [ -83.972482103420063, 34.136481532540188 ], [ -83.970169103260204, 34.135523532120381 ], [ -83.969345102006272, 34.135191531847127 ], [ -83.969274102759485, 34.135162532657162 ], [ -83.969153102385675, 34.135112532620212 ], [ -83.969096102484258, 34.135089532370237 ], [ -83.969043101882491, 34.135067532933448 ], [ -83.968576101902244, 34.134891532771846 ], [ -83.968553102336031, 34.134883532147384 ], [ -83.96830010171773, 34.134794532585225 ], [ -83.967612101804562, 34.134554532580211 ], [ -83.967158101344808, 34.134396532118181 ], [ -83.966500101568855, 34.13416753267952 ], [ -83.966359101103549, 34.134118532141109 ], [ -83.965668100817325, 34.133877532357161 ], [ -83.96409210007613, 34.133325532178425 ], [ -83.963910101399563, 34.13326253202176 ], [ -83.963840100181059, 34.133238532657877 ], [ -83.963243100504471, 34.133032532384838 ], [ -83.962240100048717, 34.132686532023605 ], [ -83.961172100193963, 34.132318532324405 ], [ -83.960762100115133, 34.132177531786787 ], [ -83.960684099399032, 34.1321495316731 ], [ -83.959492098797369, 34.131738532867743 ], [ -83.959395099611314, 34.13170553203026 ], [ -83.959231099579782, 34.131648532108194 ], [ -83.959112099754094, 34.131606531671345 ], [ -83.956745098269252, 34.130787531622737 ], [ -83.95599909773145, 34.130534531940867 ], [ -83.955785098369532, 34.130463532379061 ], [ -83.955226098327771, 34.130264531477465 ], [ -83.955188097794633, 34.130253532247245 ], [ -83.955026097412912, 34.130190532031605 ], [ -83.954157097749786, 34.129865532593008 ], [ -83.953986097147236, 34.129801531949916 ], [ -83.953005097331115, 34.129433532331404 ], [ -83.95292709751331, 34.129404531909451 ], [ -83.952478097076423, 34.129239531960373 ], [ -83.952381096992042, 34.129202532540504 ], [ -83.95225009657247, 34.12915253195218 ], [ -83.951318096261815, 34.12879953176094 ], [ -83.951142096534724, 34.12873253208906 ], [ -83.950637096021353, 34.128541531312329 ], [ -83.950578096470124, 34.12851953240208 ], [ -83.950085096550623, 34.128332531766596 ], [ -83.949277096088522, 34.128029531664183 ], [ -83.949431096074321, 34.127915532029192 ], [ -83.949545095877141, 34.127831531886663 ], [ -83.949862096069538, 34.127648531127832 ], [ -83.950057096063205, 34.127514531393672 ], [ -83.950202096726471, 34.127416531498014 ], [ -83.950497096279264, 34.127240531020831 ], [ -83.95054509685815, 34.127211532077389 ], [ -83.950646097140506, 34.127152531760281 ], [ -83.950759096220096, 34.127085531526689 ], [ -83.950929096099401, 34.127003530902087 ], [ -83.950989096373846, 34.126974531877408 ], [ -83.951109096922764, 34.12691653156719 ], [ -83.951673096987378, 34.1266715306257 ], [ -83.951687096332776, 34.126665531804797 ], [ -83.952373096596119, 34.126376530462032 ], [ -83.952742096667066, 34.126269531345685 ], [ -83.953071096555036, 34.126173531112741 ], [ -83.953535097958849, 34.12606553081342 ], [ -83.953643097015558, 34.12604653106321 ], [ -83.953804097572373, 34.126017530966564 ], [ -83.954162096874342, 34.12598653049325 ], [ -83.954450097652739, 34.125982531246962 ], [ -83.954640097623539, 34.126004531561108 ], [ -83.95475309760144, 34.126018531149533 ], [ -83.95509809738293, 34.126136531094588 ], [ -83.955134098266271, 34.126155531568209 ], [ -83.955429097819035, 34.126312531639286 ], [ -83.95580809793573, 34.126480531141382 ], [ -83.956103098386819, 34.126627531826166 ], [ -83.956280097938844, 34.126657531145341 ], [ -83.956438098122575, 34.12668453141589 ], [ -83.956560097423008, 34.126682531065633 ], [ -83.956689098192768, 34.126680531458966 ], [ -83.957262097579886, 34.126586531301712 ], [ -83.95776309879362, 34.126459531128916 ], [ -83.957812098299101, 34.126447531225665 ], [ -83.957859099053081, 34.126431531352075 ], [ -83.95832809868314, 34.126272531142035 ], [ -83.958511098082923, 34.126119530980318 ], [ -83.958643099225739, 34.126001531011546 ], [ -83.958805098709121, 34.125860531091305 ], [ -83.959070099022995, 34.125552530853653 ], [ -83.959077098695687, 34.125543530643945 ], [ -83.959238098354163, 34.125358531243478 ], [ -83.959484099299786, 34.125098530316535 ], [ -83.959657099552118, 34.124925530806912 ], [ -83.959891099005546, 34.124766530739166 ], [ -83.960021098701887, 34.124678531134336 ], [ -83.960483098659239, 34.124374530375071 ], [ -83.960789099879321, 34.124085530124617 ], [ -83.960907099880089, 34.123934530882273 ], [ -83.960973099104024, 34.123848530085176 ], [ -83.961324099631611, 34.123394530065362 ], [ -83.961586099572429, 34.123026530072053 ], [ -83.961978100107913, 34.122671529884407 ], [ -83.962432099669357, 34.122308530109919 ], [ -83.962587099480047, 34.122204529504245 ], [ -83.963261100047831, 34.121602529849021 ], [ -83.963551099577742, 34.121113529420441 ], [ -83.963572100392454, 34.121077529660347 ], [ -83.963710100484718, 34.120643529363548 ], [ -83.963749099944465, 34.120527528941238 ], [ -83.963793100325404, 34.120396529080807 ], [ -83.963816099891616, 34.12033052894931 ], [ -83.963895099534327, 34.119770528983665 ], [ -83.96400010001463, 34.119458529317079 ], [ -83.964041100022513, 34.119340528976338 ], [ -83.964392100550114, 34.118839529357658 ], [ -83.964491100284306, 34.118700529188345 ], [ -83.964875100423853, 34.118285528602186 ], [ -83.964934099975082, 34.118222529136183 ], [ -83.965181099847285, 34.117958528951171 ], [ -83.965376099840967, 34.117805528618838 ], [ -83.965603100519999, 34.117546528548232 ], [ -83.965648099827533, 34.117497528787396 ], [ -83.965819100430053, 34.117170529064261 ], [ -83.965891100400086, 34.117032528672119 ], [ -83.965928100210022, 34.116961528183204 ], [ -83.966090100591728, 34.116666528352191 ], [ -83.966232100881953, 34.116407528511949 ], [ -83.966252100973435, 34.116381528231486 ], [ -83.966531100632693, 34.116020528831811 ], [ -83.966698101037252, 34.115785529107448 ], [ -83.966720100778574, 34.115755528162026 ], [ -83.966825100360566, 34.115606528787495 ], [ -83.966930100840869, 34.11545852797088 ], [ -83.966948100384201, 34.115435529066978 ], [ -83.966968100475697, 34.115410528796211 ], [ -83.96699310148837, 34.115379528152637 ], [ -83.967132100507229, 34.115204528217141 ], [ -83.967212099974844, 34.115104527560177 ], [ -83.967404100493795, 34.114861527977361 ], [ -83.967613100731157, 34.114597527712839 ], [ -83.967645100518212, 34.11455652879232 ], [ -83.967939101144395, 34.114182528560995 ], [ -83.968124101092315, 34.113946527866311 ], [ -83.968358101444053, 34.113650527601969 ], [ -83.968415101345457, 34.1135265275854 ], [ -83.968589101422737, 34.1131435279638 ], [ -83.968669100890367, 34.11289952835881 ], [ -83.968693100281499, 34.112825527101968 ], [ -83.968736100837503, 34.112693527613963 ], [ -83.96877210082252, 34.112504527734899 ], [ -83.968787101789459, 34.112427528076296 ], [ -83.968867100358764, 34.112016527853214 ], [ -83.968879100952648, 34.111881527539722 ], [ -83.968886100625355, 34.111799527789515 ], [ -83.9689171014858, 34.111593528084505 ], [ -83.968904101066997, 34.11130752687523 ], [ -83.968912100564594, 34.111250527332636 ], [ -83.968951100922666, 34.110982527741847 ], [ -83.969029100740471, 34.110777527154276 ], [ -83.96910610073337, 34.110622527232756 ], [ -83.969350101130829, 34.110095526565246 ], [ -83.969546101847726, 34.109827527034085 ], [ -83.969562100842936, 34.109805526973844 ], [ -83.969678101193892, 34.109627527019462 ], [ -83.969834100829516, 34.109390526624253 ], [ -83.969929101264071, 34.10924552723197 ], [ -83.969963100700923, 34.109193527466275 ], [ -83.970440101625229, 34.108581526506441 ], [ -83.970460101716725, 34.108555526795421 ], [ -83.970709101238739, 34.108286526455515 ], [ -83.971113101469783, 34.107851526318946 ], [ -83.971410101570712, 34.107564526189144 ], [ -83.971582101099841, 34.107398527102781 ], [ -83.971732101785975, 34.107262526452566 ], [ -83.971815101626675, 34.107185526485218 ], [ -83.972045100882113, 34.106977525884844 ], [ -83.972498101516962, 34.10658452595446 ], [ -83.972757101983049, 34.106267526141487 ], [ -83.97287010196095, 34.106130526230217 ], [ -83.973254101202187, 34.105646525489441 ], [ -83.973365102428588, 34.105436525459318 ], [ -83.973419101956949, 34.105335525471745 ], [ -83.97347010201058, 34.105164525814402 ], [ -83.973527101911984, 34.10497352610178 ], [ -83.973577102140695, 34.104560525981093 ], [ -83.973587101288132, 34.104284525479066 ], [ -83.973571101394597, 34.104077525627481 ], [ -83.973767102111495, 34.104220526301326 ], [ -83.974817102422918, 34.104709526217469 ], [ -83.97546910235107, 34.105031525841987 ], [ -83.975668102542699, 34.105105525735013 ], [ -83.976562103218512, 34.105622526468672 ], [ -83.976849103273693, 34.105765525275132 ], [ -83.977087102925069, 34.10587052569084 ], [ -83.977424103208946, 34.106021525946886 ], [ -83.977992103471536, 34.106214525615798 ], [ -83.978804103233273, 34.106490525772465 ], [ -83.979620104091268, 34.106660525313075 ], [ -83.979916104367277, 34.10672252554177 ], [ -83.981143104230711, 34.107032526003941 ], [ -83.981464103722757, 34.107092525890238 ], [ -83.982790104218694, 34.107381525452929 ], [ -83.98377210475806, 34.10776852672619 ], [ -83.983856105321948, 34.107584526030209 ], [ -83.983920105794382, 34.107470526352188 ], [ -83.98411610471463, 34.10733452581772 ], [ -83.984387105774601, 34.107234525525882 ], [ -83.984733105381011, 34.107164526143812 ], [ -83.985023105809233, 34.107084526354107 ], [ -83.985241105369127, 34.10702452571838 ], [ -83.985983105708968, 34.106821525284978 ], [ -83.986398104912354, 34.106673526204581 ], [ -83.986731105896595, 34.106641525665786 ], [ -83.986917105669434, 34.106629525925463 ], [ -83.986993105837414, 34.10666152498122 ], [ -83.987105105990409, 34.106698526082468 ], [ -83.987271106570077, 34.106813525723275 ], [ -83.987360106258535, 34.106901525323373 ], [ -83.987430106578742, 34.107036525402627 ], [ -83.987444105924126, 34.107050525156104 ], [ -83.987483106282184, 34.107114525912202 ], [ -83.987563106648125, 34.107243526196669 ], [ -83.987655105811314, 34.107439526517624 ], [ -83.98811810649191, 34.108982525442975 ], [ -83.988488106387749, 34.109962526163059 ], [ -83.988704106297817, 34.110505526086598 ], [ -83.988963106763919, 34.110896526416589 ], [ -83.989276106758368, 34.111361526054189 ], [ -83.991670107109073, 34.112973527319696 ], [ -83.992199107911901, 34.11335352671275 ], [ -83.992572108180795, 34.113576527002166 ], [ -83.993012107498544, 34.113838526824566 ], [ -83.994429109129399, 34.11468452707971 ], [ -83.994594108087512, 34.114764527119533 ], [ -83.994725108507083, 34.114829527560985 ], [ -83.996706109304242, 34.11282052689414 ], [ -83.997265109345975, 34.112255526789134 ], [ -83.997401108890102, 34.112117526558606 ], [ -84.001221110194194, 34.108178525624922 ], [ -84.00281411065383, 34.106563524720116 ], [ -84.003236110428219, 34.106136525020283 ], [ -84.004576110269539, 34.104789524533807 ], [ -84.005155111301093, 34.104184523813757 ], [ -84.007866111844208, 34.101418523423803 ], [ -84.008807111477353, 34.10045552422558 ], [ -84.009837112595619, 34.099403523373844 ], [ -84.011455113169603, 34.097825523611696 ], [ -84.011500112477123, 34.097780522677894 ], [ -84.01190311288326, 34.097371523011795 ], [ -84.012510112605582, 34.096756521988652 ], [ -84.013038112685194, 34.096221522913019 ], [ -84.013171113652902, 34.096076522525451 ], [ -84.013836113999844, 34.096529522845323 ], [ -84.013969113170916, 34.096621522617355 ], [ -84.014695112718911, 34.097123523428415 ], [ -84.014806113945298, 34.097199523102006 ], [ -84.015409113469673, 34.097616522543539 ], [ -84.015634113600569, 34.097766522878409 ], [ -84.01610511377875, 34.098080522500439 ], [ -84.01653411412417, 34.098366523047105 ], [ -84.016554114215637, 34.098387523340413 ], [ -84.01694311437808, 34.098652522627212 ], [ -84.018196115079093, 34.099504522259636 ], [ -84.021709116236494, 34.101894523776252 ], [ -84.02259811599113, 34.102497523583388 ], [ -84.024542116978353, 34.103833522931417 ], [ -84.024733116774073, 34.103955523623625 ], [ -84.024972116250353, 34.104137523890238 ], [ -84.025053116441214, 34.104189523788271 ], [ -84.025233116366266, 34.10429552362443 ], [ -84.025483116611511, 34.104424523744143 ], [ -84.025617116505813, 34.104482523860746 ], [ -84.025770117565017, 34.104551524281099 ], [ -84.026064116394579, 34.104649523897393 ], [ -84.02629811674629, 34.104710523677191 ], [ -84.027004117101129, 34.104855524147773 ], [ -84.02746311758375, 34.104943524296871 ], [ -84.027620117942575, 34.104981524349796 ], [ -84.027583118132668, 34.105065523388525 ] ] ] ] } },
{ "type": "Feature", "properties": { "STATEFP": "13", "COUNTYFP": "089", "TRACTCE": "023115", "GEOID": "13089023115", "GEOIDFQ": "1400000US13089023115", "NAME": "231.15", "NAMELSAD": "Census Tract 231.15", "MTFCC": "G5020", "FUNCSTAT": "S", "ALAND": 662700.0, "AWATER": 0.0, "INTPTLAT": "+33.7737809", "INTPTLON": "-084.2413121", "OBJECTID": 690, "CensusTract": "13089023115", "State": "Georgia", "County": "DeKalb County", "Urban": 1, "Pop2010": 3228, "OHU2010": 7, "GroupQuartersFlag": 1, "NUMGQTRS": 3219, "PCTGQTRS": 99.72118959, "LILATracts_1And10": 1, "LILATracts_halfAnd10": 1, "LILATracts_1And20": 1, "LILATracts_Vehicle": 0, "Shape_Length": 4386.8270508339319, "Shape_Area": 961575.53484523762 }, "geometry": { "type": "MultiPolygon", "coordinates": [ [ [ [ -84.249299163760611, 33.772111444225082 ], [ -84.24925016425513, 33.772184444440846 ], [ -84.249235164186516, 33.772211443901369 ], [ -84.24904116401774, 33.772561444462745 ], [ -84.248727164198399, 33.773042444708679 ], [ -84.248417163678681, 33.773460444713287 ], [ -84.248168163258327, 33.773780444649795 ], [ -84.247893163797031, 33.774095444901683 ], [ -84.24726216378528, 33.774734444969688 ], [ -84.247017163562887, 33.774936445224299 ], [ -84.246400162896506, 33.775408444849703 ], [ -84.245988163167866, 33.775674445277367 ], [ -84.24575016261818, 33.77583044531233 ], [ -84.244988163085154, 33.77625144536745 ], [ -84.244648163326531, 33.776428445801507 ], [ -84.244254162242925, 33.77663344599479 ], [ -84.243996162500068, 33.77674544565641 ], [ -84.243719163388946, 33.776875445573374 ], [ -84.243140162357406, 33.777122445021433 ], [ -84.241873162311009, 33.777745445798182 ], [ -84.241262162390726, 33.778039445354487 ], [ -84.24050416125904, 33.777553445756588 ], [ -84.238161160961965, 33.775923445600121 ], [ -84.236579160372983, 33.774746445286411 ], [ -84.23598416034622, 33.774286445381684 ], [ -84.235773160459033, 33.774123445100365 ], [ -84.235683160047344, 33.774036445679911 ], [ -84.235413160608914, 33.773777445096982 ], [ -84.235069159754019, 33.773445445398664 ], [ -84.234387159688623, 33.772627445244744 ], [ -84.23389015957116, 33.771841444441428 ], [ -84.233581158876348, 33.771266445026001 ], [ -84.233397159651659, 33.770923444338486 ], [ -84.233816159053006, 33.770921444569957 ], [ -84.234531159628673, 33.770918444917008 ], [ -84.235997160765024, 33.770942444377717 ], [ -84.236302160363536, 33.770907444695254 ], [ -84.236444160653761, 33.770868444712264 ], [ -84.236897159491974, 33.770675444305439 ], [ -84.237104160977836, 33.770753444429353 ], [ -84.23737316059136, 33.770877445169475 ], [ -84.237791161066099, 33.771106444619264 ], [ -84.23820916064254, 33.771327445167721 ], [ -84.238569161390956, 33.771462445229098 ], [ -84.238829160783638, 33.77154444414473 ], [ -84.239030160625077, 33.77158244543692 ], [ -84.239272161372739, 33.771613444592084 ], [ -84.239358160688141, 33.771615445091207 ], [ -84.239495160955514, 33.771618444719714 ], [ -84.239708160492512, 33.771606444711587 ], [ -84.23995216178831, 33.771577444560393 ], [ -84.240196161287471, 33.771524444361788 ], [ -84.240472161471985, 33.771437444542329 ], [ -84.240713161496402, 33.771347444996643 ], [ -84.240790161489315, 33.771330444059615 ], [ -84.241352161904089, 33.771127444381662 ], [ -84.241536162027103, 33.771080443946232 ], [ -84.241709162279477, 33.771042443924891 ], [ -84.242175162434791, 33.771035444744484 ], [ -84.242609162803063, 33.77107944406378 ], [ -84.242891161937052, 33.771127444381662 ], [ -84.244478162548916, 33.771501444941698 ], [ -84.247674163513921, 33.772198444853586 ], [ -84.248007163599851, 33.772231444270616 ], [ -84.248325163617181, 33.77222644417877 ], [ -84.248736163520903, 33.772196444368078 ], [ -84.248968163324506, 33.772160444581345 ], [ -84.249061164109236, 33.772146444909083 ], [ -84.24924816370698, 33.772102444644247 ], [ -84.249316164377362, 33.772086444474432 ], [ -84.249299163760611, 33.772111444225082 ] ] ] ] } },
{ "type": "Feature", "properties": { "STATEFP": "13", "COUNTYFP": "089", "TRACTCE": "023422", "GEOID": "13089023422", "GEOIDFQ": "1400000US13089023422", "NAME": "234.22", "NAMELSAD": "Census Tract 234.22", "MTFCC": "G5020", "FUNCSTAT": "S", "ALAND": 9034878.0, "AWATER": 96541.0, "INTPTLAT": "+33.6621418", "INTPTLON": "-084.2653477", "OBJECTID": 719, "CensusTract": "13089023422", "State": "Georgia", "County": "DeKalb County", "Urban": 1, "Pop2010": 5156, "OHU2010": 1809, "GroupQuartersFlag": 0, "NUMGQTRS": 3, "PCTGQTRS": 0.058184639, "LILATracts_1And10": 1, "LILATracts_halfAnd10": 1, "LILATracts_1And20": 1, "LILATracts_Vehicle": 1, "Shape_Length": 14563.067461608614, "Shape_Area": 13215132.618668085 }, "geometry": { "type": "MultiPolygon", "coordinates": [ [ [ [ -84.286527169121285, 33.657850418399761 ], [ -84.286499168633867, 33.658124418273857 ], [ -84.285586168589816, 33.657886419038824 ], [ -84.285340167644208, 33.657853418266633 ], [ -84.285125167559031, 33.657833418155015 ], [ -84.284896168128498, 33.657837418476838 ], [ -84.284501168118297, 33.657873418373605 ], [ -84.284266167941652, 33.657919419050629 ], [ -84.284017167521299, 33.658009418678567 ], [ -84.283779167869938, 33.658108418534439 ], [ -84.28355016754108, 33.658228418750831 ], [ -84.283311167166474, 33.658390418927056 ], [ -84.283175167622346, 33.658509419051441 ], [ -84.283046167750911, 33.658645419098868 ], [ -84.282917167879489, 33.658824418542309 ], [ -84.282830167840856, 33.659004418801779 ], [ -84.282767167193356, 33.659166419012458 ], [ -84.282623168151616, 33.659935419558359 ], [ -84.282567168075104, 33.660628419338259 ], [ -84.282559167679196, 33.660738419312239 ], [ -84.282536167214658, 33.660864419123207 ], [ -84.28249516720679, 33.661868419058507 ], [ -84.282388167974986, 33.66245042017885 ], [ -84.282295168088552, 33.662965419357846 ], [ -84.28219416780621, 33.663275419271876 ], [ -84.281666167726627, 33.664225420661886 ], [ -84.281485167976655, 33.66452741975305 ], [ -84.2810751669995, 33.665200420781517 ], [ -84.28039816785531, 33.666295420497676 ], [ -84.280223167953125, 33.666623420733316 ], [ -84.280134167366356, 33.666842420561338 ], [ -84.280128167518569, 33.666856420968344 ], [ -84.279802167105331, 33.667683420355431 ], [ -84.279380167330928, 33.669242420842721 ], [ -84.279102166598278, 33.670271421956834 ], [ -84.27904016667398, 33.670451421442415 ], [ -84.278663167105449, 33.671342421759192 ], [ -84.278593166785242, 33.671476421861605 ], [ -84.278315167849229, 33.672005421895307 ], [ -84.278099167040835, 33.672377422635684 ], [ -84.278032167093684, 33.672505421666301 ], [ -84.277867167237247, 33.672822422054821 ], [ -84.277679166916272, 33.67325142224815 ], [ -84.277612166969121, 33.673466422799933 ], [ -84.277591167052719, 33.67351842200425 ], [ -84.2771181672247, 33.673535422139821 ], [ -84.276846166339823, 33.673545422613806 ], [ -84.276820166400555, 33.673547422409413 ], [ -84.276205166282324, 33.67359942231235 ], [ -84.27583016636359, 33.673672421878578 ], [ -84.275170166039516, 33.673869422539141 ], [ -84.274819166410225, 33.673992422502643 ], [ -84.274271166239146, 33.674150422586614 ], [ -84.274145165842441, 33.674178422514409 ], [ -84.273949165125558, 33.674220422389062 ], [ -84.273618165587763, 33.674270422106247 ], [ -84.273378166286577, 33.674282423020877 ], [ -84.273187166490857, 33.67427242188505 ], [ -84.273013165515266, 33.674252421852586 ], [ -84.272878164897747, 33.674229423267327 ], [ -84.272532165291324, 33.674144422494066 ], [ -84.272143165128909, 33.674030422899477 ], [ -84.271871165142343, 33.673944422410194 ], [ -84.271567165368737, 33.67384742262437 ], [ -84.270710165401155, 33.67360242312526 ], [ -84.270404164181073, 33.673538422207365 ], [ -84.270167164354632, 33.673458422114436 ], [ -84.26992116430732, 33.673400422729436 ], [ -84.269724164663828, 33.673367422675199 ], [ -84.269610164861021, 33.673354422106655 ], [ -84.269497164883134, 33.673342422557731 ], [ -84.269303164714358, 33.673338422209284 ], [ -84.268993165092965, 33.673343422831699 ], [ -84.268664164306685, 33.673375421873963 ], [ -84.268379163901315, 33.673447422852782 ], [ -84.268076164850939, 33.673513422139607 ], [ -84.266905164165692, 33.673854423005665 ], [ -84.266498164459918, 33.673958422408774 ], [ -84.265839163062424, 33.67408942287252 ], [ -84.265228164040465, 33.674034423215737 ], [ -84.264632163290486, 33.67398642314668 ], [ -84.264065162852816, 33.673929422889799 ], [ -84.263395163381318, 33.673856422794081 ], [ -84.263049161978287, 33.673829423029773 ], [ -84.262828162943663, 33.673813423220771 ], [ -84.262321162780466, 33.67379542287145 ], [ -84.262001162214986, 33.673817422799523 ], [ -84.261662163179594, 33.67384742262437 ], [ -84.260787161872059, 33.673961422461616 ], [ -84.259866162330383, 33.674112423737952 ], [ -84.259196161960546, 33.674216422829097 ], [ -84.258642161043369, 33.67429342292332 ], [ -84.258286161391226, 33.674307423612667 ], [ -84.257836161129418, 33.674302423046356 ], [ -84.257372161522227, 33.674257423169394 ], [ -84.256857160963122, 33.674231423047026 ], [ -84.256148160235242, 33.674156422678685 ], [ -84.255971160683217, 33.674130423273368 ], [ -84.25472016053034, 33.674065423230452 ], [ -84.253927160136882, 33.674092423668334 ], [ -84.253251159919273, 33.674121423132334 ], [ -84.252634159252892, 33.674219422872881 ], [ -84.252268159555001, 33.674307423612667 ], [ -84.252110159371256, 33.674346423385067 ], [ -84.251819159118128, 33.674416423775561 ], [ -84.251469159313757, 33.674520423994139 ], [ -84.251261159799611, 33.67456842301754 ], [ -84.251048159364274, 33.67459842407559 ], [ -84.250941159234145, 33.674606423159844 ], [ -84.250833159279125, 33.67460942319002 ], [ -84.250618159193962, 33.67460142335851 ], [ -84.250511159063834, 33.674590423495452 ], [ -84.25040515965695, 33.674574423828041 ], [ -84.250196158521248, 33.674528423085647 ], [ -84.250094159312326, 33.674499423758895 ], [ -84.249897158770523, 33.674427422913276 ], [ -84.249800159584439, 33.674384423625469 ], [ -84.24962015876109, 33.67428842385138 ], [ -84.249534158547362, 33.674233422826688 ], [ -84.249435159711467, 33.674163423782417 ], [ -84.24908215863573, 33.673826422972375 ], [ -84.248388157976478, 33.672980423540793 ], [ -84.248124158385821, 33.672617422717671 ], [ -84.247977158072729, 33.672353423263509 ], [ -84.247836158505734, 33.672101423470309 ], [ -84.247783157903967, 33.671944422902513 ], [ -84.247754158489968, 33.671813422909324 ], [ -84.247734158398487, 33.671701423053733 ], [ -84.247668158276255, 33.671313422853203 ], [ -84.247475157932399, 33.669923421883176 ], [ -84.247438158122478, 33.669657422497224 ], [ -84.247409157810168, 33.669495421855459 ], [ -84.24738415859413, 33.669407422920294 ], [ -84.24735215790875, 33.669321422293812 ], [ -84.247314157375598, 33.669237422972394 ], [ -84.247270158791295, 33.669155422719037 ], [ -84.247220157664287, 33.66907542228715 ], [ -84.247164157587761, 33.668998422754399 ], [ -84.247103157488411, 33.66892442263358 ], [ -84.247036158439556, 33.668853421932475 ], [ -84.246964157571242, 33.668786422480672 ], [ -84.246874158057878, 33.668689422858328 ], [ -84.246634157858352, 33.668474422326547 ], [ -84.245671157585562, 33.667713422320013 ], [ -84.245321156882895, 33.667329421952729 ], [ -84.245258157133705, 33.667200422349993 ], [ -84.24522315697358, 33.66711542210615 ], [ -84.245167156897097, 33.666941421468174 ], [ -84.245130157087189, 33.666763421319246 ], [ -84.245113157368749, 33.666584422692353 ], [ -84.245108156447543, 33.666440421893505 ], [ -84.24511515701856, 33.666401422274269 ], [ -84.245137157658178, 33.666224422112357 ], [ -84.245156157026429, 33.66613642207372 ], [ -84.245302156616319, 33.665653421363068 ], [ -84.2454621573482, 33.665172421669105 ], [ -84.245973156811047, 33.663253421133362 ], [ -84.246059157923085, 33.662898421301421 ], [ -84.246121156949044, 33.662470421460306 ], [ -84.24623315710204, 33.661963421073736 ], [ -84.246310157094925, 33.661402420844908 ], [ -84.246401157331533, 33.660751421039954 ], [ -84.246411157377281, 33.660679420648783 ], [ -84.24640515752948, 33.660563420307142 ], [ -84.246387157087838, 33.660168420710306 ], [ -84.246592157127253, 33.660020420167207 ], [ -84.248622157429878, 33.658050420014831 ], [ -84.249136158164092, 33.657534420119596 ], [ -84.249569158707459, 33.657137419899598 ], [ -84.250531158257019, 33.65640141961687 ], [ -84.250858158495163, 33.656214419573345 ], [ -84.251145158550344, 33.656039418844578 ], [ -84.251297157987977, 33.655966419268616 ], [ -84.251410157965907, 33.655911419239914 ], [ -84.252495159335737, 33.655346419492666 ], [ -84.252517158178719, 33.655341419319512 ], [ -84.252648158598291, 33.655258418795846 ], [ -84.252730159512367, 33.655199418618139 ], [ -84.252883158774935, 33.655072418998188 ], [ -84.253022159590401, 33.654934419057419 ], [ -84.253085158441294, 33.654861419291805 ], [ -84.253199159142412, 33.654709419622236 ], [ -84.253295159401887, 33.654547419245858 ], [ -84.253538159076129, 33.654070418527112 ], [ -84.253572158513009, 33.653992418524851 ], [ -84.253674158620271, 33.653757418340071 ], [ -84.2537481582401, 33.653420419090253 ], [ -84.253794159169175, 33.653082418759055 ], [ -84.253851159070578, 33.652715418655085 ], [ -84.253933159086344, 33.651129418379725 ], [ -84.254056159110007, 33.648733417585952 ], [ -84.254149158996412, 33.647086417055974 ], [ -84.254153159194374, 33.647051416965624 ], [ -84.254340158792118, 33.647053417377109 ], [ -84.254530158762933, 33.647056417620398 ], [ -84.254904158856718, 33.647056417620398 ], [ -84.255093159002627, 33.647056417620398 ], [ -84.256084159762807, 33.647062417358775 ], [ -84.259058160071675, 33.647083417561561 ], [ -84.26005016065676, 33.647091416960826 ], [ -84.260485160849953, 33.647096417613277 ], [ -84.261791161254394, 33.647112417156549 ], [ -84.262227161272477, 33.647118417638843 ], [ -84.263158161758241, 33.647129417275607 ], [ -84.264803161198074, 33.647149416883522 ], [ -84.265954161791839, 33.647164416586413 ], [ -84.266886163000791, 33.647176417543342 ], [ -84.270200163966578, 33.647269416676828 ], [ -84.273236164199702, 33.647255416821714 ], [ -84.273747164560874, 33.647258417057955 ], [ -84.273955164075034, 33.64725941688738 ], [ -84.281128165804631, 33.647308416741879 ], [ -84.281658166432393, 33.647313416633899 ], [ -84.281964166754136, 33.647316416868073 ], [ -84.282643167344787, 33.647322415840556 ], [ -84.282696167048243, 33.64739741567368 ], [ -84.282715167314805, 33.647430416716269 ], [ -84.282772167216223, 33.647521416670436 ], [ -84.282852166683824, 33.647649416788227 ], [ -84.283087166860483, 33.648026416508436 ], [ -84.283516167205875, 33.648762416625075 ], [ -84.283584166977946, 33.648897417309747 ], [ -84.283737168037149, 33.649205416694343 ], [ -84.283854168213011, 33.64950341619592 ], [ -84.284428167425034, 33.650816417218017 ], [ -84.284437167645862, 33.650832416817643 ], [ -84.284709167632428, 33.651367417607709 ], [ -84.28493616741315, 33.651932417305581 ], [ -84.285239168260176, 33.652804417230719 ], [ -84.285260167278253, 33.652854418179679 ], [ -84.285897168934426, 33.65514841779823 ], [ -84.28605216874513, 33.655746417447375 ], [ -84.286298167894103, 33.656642417634139 ], [ -84.286491168237944, 33.65740241791044 ], [ -84.286511168329454, 33.657531418746117 ], [ -84.28652416874823, 33.657657418019284 ], [ -84.286531168420922, 33.657767418800596 ], [ -84.286527169121285, 33.657850418399761 ] ] ] ] } },
{ "type": "Feature", "properties": { "STATEFP": "13", "COUNTYFP": "089", "TRACTCE": "021911", "GEOID": "13089021911", "GEOIDFQ": "1400000US13089021911", "NAME": "219.11", "NAMELSAD": "Census Tract 219.11", "MTFCC": "G5020", "FUNCSTAT": "S", "ALAND": 907994.0, "AWATER": 18594.0, "INTPTLAT": "+33.8177366", "INTPTLON": "-084.1907575", "OBJECTID": 658, "CensusTract": "13089021911", "State": "Georgia", "County": "DeKalb County", "Urban": 1, "Pop2010": 2659, "OHU2010": 1048, "GroupQuartersFlag": 0, "NUMGQTRS": 0, "PCTGQTRS": 0.0, "LILATracts_1And10": 1, "LILATracts_halfAnd10": 1, "LILATracts_1And20": 1, "LILATracts_Vehicle": 1, "Shape_Length": 6051.1568225203437, "Shape_Area": 1345935.4734507524 }, "geometry": { "type": "MultiPolygon", "coordinates": [ [ [ [ -84.196197151185146, 33.829041458095176 ], [ -84.193594150597036, 33.829041458841417 ], [ -84.19050514976216, 33.829059458717452 ], [ -84.190575150082353, 33.826588458406832 ], [ -84.190592149800793, 33.825777458475741 ], [ -84.190599149473499, 33.824003457182776 ], [ -84.190588149602831, 33.823800457758615 ], [ -84.190401150005087, 33.823697457844389 ], [ -84.189807149803244, 33.823338457941652 ], [ -84.18924414956355, 33.822946458016553 ], [ -84.188875149492588, 33.822673458006747 ], [ -84.1887411495983, 33.822558457897493 ], [ -84.188808148647126, 33.822419457682336 ], [ -84.188852149028065, 33.822350457131932 ], [ -84.188814149393224, 33.821614457249467 ], [ -84.188754149118765, 33.820859457596235 ], [ -84.188850148479915, 33.820198457262258 ], [ -84.188880149515469, 33.820061457056283 ], [ -84.188900149606965, 33.81978545735862 ], [ -84.188905148731521, 33.819722456540212 ], [ -84.188911148579294, 33.819648457237385 ], [ -84.188880149515469, 33.819346456756101 ], [ -84.18872714845628, 33.818946456631977 ], [ -84.188598148584845, 33.818702456413789 ], [ -84.18830014865901, 33.818264457046986 ], [ -84.188171148787589, 33.817783456339029 ], [ -84.188102149190613, 33.81733045690725 ], [ -84.188171148787589, 33.816945456217518 ], [ -84.188415148286751, 33.816452456607358 ], [ -84.188544149056483, 33.816176456458471 ], [ -84.188514148020928, 33.815888456391953 ], [ -84.188460148492595, 33.815517455975886 ], [ -84.188366148781256, 33.815223455996062 ], [ -84.188557148576962, 33.815224456109377 ], [ -84.188717148410547, 33.815205456192921 ], [ -84.188879148792239, 33.815149456532438 ], [ -84.188954149135327, 33.815106456088543 ], [ -84.189015149234692, 33.815041456070787 ], [ -84.189061148367131, 33.814945456126409 ], [ -84.189097149250458, 33.814799455398145 ], [ -84.189095149600632, 33.8146134555816 ], [ -84.189092149227577, 33.814319455480124 ], [ -84.189106148572961, 33.813889455598748 ], [ -84.189128149212578, 33.812729455639499 ], [ -84.189180148192818, 33.812115455501157 ], [ -84.189203148657342, 33.811585455134704 ], [ -84.189871149377353, 33.811579455691955 ], [ -84.190430148520775, 33.811575455068066 ], [ -84.193686149760239, 33.811550454896349 ], [ -84.193657150346226, 33.812024455266105 ], [ -84.193645149752356, 33.813619455436374 ], [ -84.193632150231878, 33.815257456111361 ], [ -84.193618150886493, 33.817083455535759 ], [ -84.19362115036121, 33.817710456189118 ], [ -84.193627150209025, 33.818893456646848 ], [ -84.193655150696415, 33.819414456680711 ], [ -84.193701149828854, 33.819758456480493 ], [ -84.193746150034698, 33.81993845670074 ], [ -84.193802150111196, 33.820156457173404 ], [ -84.193940150203446, 33.820508457386644 ], [ -84.1941121506309, 33.820871456672165 ], [ -84.194147150791011, 33.820945456409405 ], [ -84.194207150167145, 33.821062456539003 ], [ -84.1943021506017, 33.821249457300439 ], [ -84.194942150834294, 33.822500457770786 ], [ -84.195360150410735, 33.823338457941652 ], [ -84.19557815086894, 33.823808457116378 ], [ -84.195742151798783, 33.824352457959634 ], [ -84.195788150931222, 33.824793457494238 ], [ -84.195831151487226, 33.825456458119127 ], [ -84.195862151449361, 33.825936457473809 ], [ -84.19584615065753, 33.826742458242421 ], [ -84.195864151997526, 33.827427458036588 ], [ -84.195904151282164, 33.827758458124208 ], [ -84.195972151952546, 33.828147458489788 ], [ -84.195981152173388, 33.828199458001741 ], [ -84.196197151185146, 33.829041458095176 ] ] ] ] } },
{ "type": "Feature", "properties": { "STATEFP": "13", "COUNTYFP": "097", "TRACTCE": "080303", "GEOID": "13097080303", "GEOIDFQ": "1400000US13097080303", "NAME": "803.03", "NAMELSAD": "Census Tract 803.03", "MTFCC": "G5020", "FUNCSTAT": "S", "ALAND": 5182534.0, "AWATER": 0.0, "INTPTLAT": "+33.7600104", "INTPTLON": "-084.7176620", "OBJECTID": 779, "CensusTract": "13097080303", "State": "Georgia", "County": "Douglas County", "Urban": 1, "Pop2010": 3831, "OHU2010": 1310, "GroupQuartersFlag": 0, "NUMGQTRS": 36, "PCTGQTRS": 0.939702428, "LILATracts_1And10": 1, "LILATracts_halfAnd10": 1, "LILATracts_1And20": 1, "LILATracts_Vehicle": 0, "Shape_Length": 12832.264393595959, "Shape_Area": 7517451.4796935115 }, "geometry": { "type": "MultiPolygon", "coordinates": [ [ [ [ -84.741793304807402, 33.753938421618962 ], [ -84.74043630434933, 33.754487422544905 ], [ -84.739192304767457, 33.755108421950752 ], [ -84.738724304064007, 33.755447422939632 ], [ -84.738186303938647, 33.755777422786494 ], [ -84.73723530336143, 33.756365423018444 ], [ -84.736629303464028, 33.756755423073976 ], [ -84.735512304103779, 33.757456423590703 ], [ -84.733826302859399, 33.758554423921993 ], [ -84.731741302305181, 33.75987942392581 ], [ -84.731269302302081, 33.76023042408135 ], [ -84.730675302998549, 33.760635424542919 ], [ -84.730285302112904, 33.760842423691344 ], [ -84.729709302352717, 33.761093423799331 ], [ -84.728890302019991, 33.761387423737943 ], [ -84.726613300946823, 33.762158425043445 ], [ -84.725013300814481, 33.762699425016315 ], [ -84.7243313007491, 33.762958424731877 ], [ -84.723728300326442, 33.763187425180746 ], [ -84.722335299883341, 33.763679425429174 ], [ -84.721248299761996, 33.7640504257446 ], [ -84.720368299329891, 33.764352424936391 ], [ -84.720292299161898, 33.764378425410548 ], [ -84.720192299602786, 33.764418425320322 ], [ -84.720147299396942, 33.764438425268267 ], [ -84.719769299105181, 33.764607425052425 ], [ -84.719641299058665, 33.764665424835286 ], [ -84.718800299882929, 33.765137425780317 ], [ -84.718050299147151, 33.765716425031506 ], [ -84.717893298788326, 33.765866426362514 ], [ -84.717864299374327, 33.765893425573523 ], [ -84.717414299112534, 33.766322425420952 ], [ -84.71661229849822, 33.767140426026671 ], [ -84.715852298615019, 33.767987426174258 ], [ -84.714045297895154, 33.769908426610108 ], [ -84.71349429824933, 33.770485426703679 ], [ -84.713160298338494, 33.770836426733787 ], [ -84.712655297825108, 33.771366427020148 ], [ -84.71155729783311, 33.772505427354055 ], [ -84.710981297174612, 33.773141427758816 ], [ -84.710204296674661, 33.773833427771841 ], [ -84.708985297207164, 33.774648427342804 ], [ -84.708447296183508, 33.774958427457648 ], [ -84.707946296766394, 33.775216427622837 ], [ -84.707268296898974, 33.775626428092806 ], [ -84.706915296721562, 33.775896427895276 ], [ -84.706537295531476, 33.77619642825411 ], [ -84.706229295559893, 33.776527428672956 ], [ -84.705970295992117, 33.776831428323405 ], [ -84.705739296013434, 33.777181427930913 ], [ -84.705698296005551, 33.776975428488669 ], [ -84.705466295303651, 33.776686428845764 ], [ -84.705125295720123, 33.77623842826528 ], [ -84.704724294963796, 33.775597428555692 ], [ -84.704506295403917, 33.77530942783045 ], [ -84.704407295669711, 33.775026428305907 ], [ -84.704268295752527, 33.774508427862699 ], [ -84.704189295211506, 33.774182427834582 ], [ -84.704110295568796, 33.773807427179648 ], [ -84.704055295317218, 33.773472428034019 ], [ -84.703996295765975, 33.773231427660185 ], [ -84.703905294631056, 33.772904428138709 ], [ -84.703686295246271, 33.772343427285485 ], [ -84.703502295123243, 33.771775428119327 ], [ -84.70336429503098, 33.771199426886362 ], [ -84.703346294589338, 33.771077427123899 ], [ -84.703326295396153, 33.770501427172427 ], [ -84.70325629507596, 33.769895427212923 ], [ -84.703215295068077, 33.769641427049457 ], [ -84.703066294206835, 33.768427426535126 ], [ -84.702987294564124, 33.767896426819007 ], [ -84.702975294868565, 33.767718426758641 ], [ -84.702942295256591, 33.767487427366618 ], [ -84.702906295271589, 33.767180426140861 ], [ -84.702902295073613, 33.767165426473632 ], [ -84.702608294447444, 33.765410426371211 ], [ -84.702565294789736, 33.764939426137062 ], [ -84.702499293769179, 33.764472426139832 ], [ -84.702476295101263, 33.764206426033645 ], [ -84.702464294507394, 33.763397425550288 ], [ -84.70247029435518, 33.763221425801859 ], [ -84.702545294698268, 33.762833425249426 ], [ -84.702634293488401, 33.762564425338667 ], [ -84.703122294283332, 33.761478425523855 ], [ -84.703436294102701, 33.760825425151097 ], [ -84.703510294620855, 33.760562425690928 ], [ -84.703536294560124, 33.760227425547846 ], [ -84.703564295047528, 33.760009424787206 ], [ -84.70357229454514, 33.759730424827396 ], [ -84.703569295070395, 33.759190424806953 ], [ -84.703603294507275, 33.758383424090987 ], [ -84.703660294408692, 33.75811942457301 ], [ -84.703774294211513, 33.757847424694582 ], [ -84.70388929473755, 33.757614424757691 ], [ -84.704053294769068, 33.757390423820603 ], [ -84.704195294160968, 33.757215424478353 ], [ -84.704743294332062, 33.756693424459151 ], [ -84.704996294052052, 33.756452423948687 ], [ -84.705302295272134, 33.756155424092078 ], [ -84.705600294299629, 33.755733423826364 ], [ -84.705695295632509, 33.755516423650896 ], [ -84.705786294970792, 33.755239424139752 ], [ -84.70582529532885, 33.755007423159498 ], [ -84.705819294582753, 33.754755423083168 ], [ -84.705804294514138, 33.754584423889931 ], [ -84.705785295145873, 33.754519423478172 ], [ -84.705761294856444, 33.754431423497124 ], [ -84.705691295434548, 33.754237423338708 ], [ -84.705614295441663, 33.75409142289152 ], [ -84.70555929429176, 33.753990423649093 ], [ -84.705486294496836, 33.753881423623234 ], [ -84.70659729490761, 33.753769423205654 ], [ -84.707214295573991, 33.753676423521291 ], [ -84.708083295237131, 33.753509423272725 ], [ -84.709047296233138, 33.753295422966126 ], [ -84.709383295793785, 33.753220422910317 ], [ -84.710601296334701, 33.752860423820344 ], [ -84.711692296654007, 33.752507423166115 ], [ -84.712578296933899, 33.752157423608907 ], [ -84.713127296031587, 33.751897423269043 ], [ -84.714310297310703, 33.751275422899553 ], [ -84.715114297574829, 33.750812422878532 ], [ -84.715454297333451, 33.750593422702593 ], [ -84.715936297382285, 33.750632422948811 ], [ -84.716903297853037, 33.750727422440129 ], [ -84.717177298387753, 33.750749422834033 ], [ -84.717476297240168, 33.750774422833537 ], [ -84.718733298139142, 33.750878422484213 ], [ -84.719221298934102, 33.750919422089162 ], [ -84.720284298765975, 33.75099642215055 ], [ -84.72036229858378, 33.751003422967493 ], [ -84.721316299534053, 33.75108242243806 ], [ -84.722181298999232, 33.751149421950906 ], [ -84.723101299614314, 33.751173422465968 ], [ -84.724373300581888, 33.75116742177763 ], [ -84.724811300249826, 33.751166421662852 ], [ -84.726223300959489, 33.751152422295732 ], [ -84.729080301092466, 33.751153421663744 ], [ -84.730080301175164, 33.751153421663744 ], [ -84.730881301964573, 33.751137422064296 ], [ -84.731545302486595, 33.751041422164121 ], [ -84.732225302003854, 33.750942421804346 ], [ -84.733120302504588, 33.750812422131602 ], [ -84.73433630249734, 33.750600421311709 ], [ -84.735068302791447, 33.750484421345909 ], [ -84.735711302498785, 33.750451421771189 ], [ -84.736303303050789, 33.750484421345909 ], [ -84.736742303441929, 33.750535421614181 ], [ -84.737575304018364, 33.750648421895555 ], [ -84.738350303970194, 33.750825421435529 ], [ -84.739253304866835, 33.751029421515476 ], [ -84.739711303727901, 33.751184421486052 ], [ -84.739968304544178, 33.75131642231468 ], [ -84.74014930429415, 33.751428421455159 ], [ -84.740457304265718, 33.75167842138287 ], [ -84.740785304328782, 33.75212342158688 ], [ -84.741445304652856, 33.753263422322973 ], [ -84.741793304807402, 33.753938421618962 ] ] ] ] } },
{ "type": "Feature", "properties": { "STATEFP": "13", "COUNTYFP": "097", "TRACTCE": "080304", "GEOID": "13097080304", "GEOIDFQ": "1400000US13097080304", "NAME": "803.04", "NAMELSAD": "Census Tract 803.04", "MTFCC": "G5020", "FUNCSTAT": "S", "ALAND": 10295194.0, "AWATER": 0.0, "INTPTLAT": "+33.7396513", "INTPTLON": "-084.7509210", "OBJECTID": 780, "CensusTract": "13097080304", "State": "Georgia", "County": "Douglas County", "Urban": 1, "Pop2010": 5532, "OHU2010": 2152, "GroupQuartersFlag": 0, "NUMGQTRS": 867, "PCTGQTRS": 15.67245119, "LILATracts_1And10": 1, "LILATracts_halfAnd10": 1, "LILATracts_1And20": 1, "LILATracts_Vehicle": 1, "Shape_Length": 18138.762735762888, "Shape_Area": 14926531.429607421 }, "geometry": { "type": "MultiPolygon", "coordinates": [ [ [ [ -84.778674314330019, 33.738422417278215 ], [ -84.77864731546417, 33.738631417538535 ], [ -84.778633314322136, 33.738734417461693 ], [ -84.778430314830857, 33.73955641787046 ], [ -84.777727314849074, 33.742547417746124 ], [ -84.77733631503682, 33.74264041904263 ], [ -84.776600314544766, 33.742737418849714 ], [ -84.775678314279872, 33.742952418824324 ], [ -84.773399313556894, 33.74345141861312 ], [ -84.772325313854338, 33.743655419054463 ], [ -84.771721313606747, 33.743745419292694 ], [ -84.771521312691902, 33.743807419053255 ], [ -84.77068931283867, 33.743957419131952 ], [ -84.770012311897858, 33.744074419160626 ], [ -84.76893231234753, 33.744211419214793 ], [ -84.768322312252138, 33.744247418789286 ], [ -84.767557311447774, 33.7443224192236 ], [ -84.766703311853249, 33.744367419004561 ], [ -84.765979311056739, 33.744422419202756 ], [ -84.765409312042678, 33.74447941900425 ], [ -84.764327311045875, 33.744833419282031 ], [ -84.763929310662618, 33.745009419433387 ], [ -84.762049311046127, 33.745781420312454 ], [ -84.760397310136938, 33.746405420538473 ], [ -84.758980309404407, 33.747009420430999 ], [ -84.755024308556202, 33.748613420045004 ], [ -84.753992308686435, 33.749023420813934 ], [ -84.752575307953904, 33.749587420851121 ], [ -84.751339307869642, 33.750120420717572 ], [ -84.751166307617282, 33.750195421244271 ], [ -84.750149306917834, 33.750564420669463 ], [ -84.74956730730986, 33.750830421282181 ], [ -84.748832307541022, 33.751166420915986 ], [ -84.747496306999338, 33.751712421340656 ], [ -84.746098306533369, 33.752221421227532 ], [ -84.744770306387608, 33.752756422092247 ], [ -84.743194305646412, 33.753378422174677 ], [ -84.741793304807402, 33.753938421618962 ], [ -84.741445304652856, 33.753263422322973 ], [ -84.740785304328782, 33.75212342158688 ], [ -84.740457304265718, 33.75167842138287 ], [ -84.74014930429415, 33.751428421455159 ], [ -84.739968304544178, 33.75131642231468 ], [ -84.739711303727901, 33.751184421486052 ], [ -84.739253304866835, 33.751029421515476 ], [ -84.738350303970194, 33.750825421435529 ], [ -84.737575304018364, 33.750648421895555 ], [ -84.736742303441929, 33.750535421614181 ], [ -84.736303303050789, 33.750484421345909 ], [ -84.735711302498785, 33.750451421771189 ], [ -84.735068302791447, 33.750484421345909 ], [ -84.73433630249734, 33.750600421311709 ], [ -84.733120302504588, 33.750812422131602 ], [ -84.732225302003854, 33.750942421804346 ], [ -84.731545302486595, 33.751041422164121 ], [ -84.730881301964573, 33.751137422064296 ], [ -84.730080301175164, 33.751153421663744 ], [ -84.729080301092466, 33.751153421663744 ], [ -84.726223300959489, 33.751152422295732 ], [ -84.724811300249826, 33.751166421662852 ], [ -84.724373300581888, 33.75116742177763 ], [ -84.723101299614314, 33.751173422465968 ], [ -84.722181298999232, 33.751149421950906 ], [ -84.721316299534053, 33.75108242243806 ], [ -84.72036229858378, 33.751003422967493 ], [ -84.720284298765975, 33.75099642215055 ], [ -84.719221298934102, 33.750919422089162 ], [ -84.718733298139142, 33.750878422484213 ], [ -84.717476297240168, 33.750774422833537 ], [ -84.717177298387753, 33.750749422834033 ], [ -84.716903297853037, 33.750727422440129 ], [ -84.715936297382285, 33.750632422948811 ], [ -84.715454297333451, 33.750593422702593 ], [ -84.715877296932746, 33.750321422847911 ], [ -84.716696297265486, 33.74970942207424 ], [ -84.717124297785986, 33.749358422164029 ], [ -84.71745229784905, 33.749088422404526 ], [ -84.717557297431028, 33.748985422216911 ], [ -84.719559299042899, 33.747055421205673 ], [ -84.722173299501634, 33.744531421542113 ], [ -84.723327298671819, 33.743405420387255 ], [ -84.727256300654147, 33.739570419877552 ], [ -84.728686300907171, 33.738088419046967 ], [ -84.729373300097095, 33.737489419706662 ], [ -84.729794300944903, 33.737168419216971 ], [ -84.730215300894386, 33.736823418978254 ], [ -84.732373302141852, 33.735201418321182 ], [ -84.734134301932656, 33.734171418172444 ], [ -84.735602302718831, 33.733446418315751 ], [ -84.736713302231308, 33.732946418271545 ], [ -84.737371302905558, 33.732694418364176 ], [ -84.737510302822727, 33.73263941736996 ], [ -84.737699302070297, 33.732567417427816 ], [ -84.739581303133249, 33.731980417222381 ], [ -84.741006304261717, 33.731598417806794 ], [ -84.742305304095169, 33.731337417550947 ], [ -84.74361630452249, 33.731106417254729 ], [ -84.744500305152556, 33.730953417560357 ], [ -84.747047305664154, 33.7305164164475 ], [ -84.74849830583355, 33.730242416455788 ], [ -84.75246930675037, 33.729596416110063 ], [ -84.756182307924334, 33.728983416506878 ], [ -84.757879309039353, 33.728677416746002 ], [ -84.760231308658959, 33.728262416181522 ], [ -84.761504309451453, 33.728045415978414 ], [ -84.762137309113044, 33.727941415538545 ], [ -84.762263309509734, 33.727913415944577 ], [ -84.764430310079717, 33.727531415608219 ], [ -84.765114310693249, 33.727341415942178 ], [ -84.766091311209749, 33.727013415804002 ], [ -84.774756313116654, 33.723955414780143 ], [ -84.775048313194702, 33.723852414300246 ], [ -84.775650312894143, 33.723647414899631 ], [ -84.776832313450029, 33.723237414629594 ], [ -84.776842313495791, 33.723561414750193 ], [ -84.776863313412179, 33.724596415119038 ], [ -84.776871313808101, 33.725009415386893 ], [ -84.776872313633007, 33.725122414927554 ], [ -84.776873314356237, 33.725178414433231 ], [ -84.776876313830954, 33.725317414862822 ], [ -84.776877313655888, 33.725395415161131 ], [ -84.776893314447719, 33.726402414994475 ], [ -84.776906313968198, 33.726959415301152 ], [ -84.776957314021828, 33.729009415752678 ], [ -84.776958313846734, 33.729049415726287 ], [ -84.776960313496559, 33.729132415238567 ], [ -84.776991314357019, 33.730325415561325 ], [ -84.776993314006845, 33.730374415895731 ], [ -84.77699531365667, 33.730422415845432 ], [ -84.777017313397977, 33.73093141582401 ], [ -84.777073313474475, 33.731328416677826 ], [ -84.777125314251322, 33.731702416056045 ], [ -84.777407314283622, 33.732985416830296 ], [ -84.777665314026478, 33.73416241610245 ], [ -84.777803314118756, 33.734789416607875 ], [ -84.77809731474494, 33.7358474168106 ], [ -84.778151314273288, 33.736054416785876 ], [ -84.778234315012284, 33.736372416846756 ], [ -84.77838031460216, 33.736928416404481 ], [ -84.77840831508955, 33.737037417061572 ], [ -84.778415314762242, 33.737063417602243 ], [ -84.778654314238537, 33.737906417271567 ], [ -84.778671314855288, 33.738348417925373 ], [ -84.778674314330019, 33.738422417278215 ] ] ] ] } },
{ "type": "Feature", "properties": { "STATEFP": "13", "COUNTYFP": "089", "TRACTCE": "023411", "GEOID": "13089023411", "GEOIDFQ": "1400000US13089023411", "NAME": "234.11", "NAMELSAD": "Census Tract 234.11", "MTFCC": "G5020", "FUNCSTAT": "S", "ALAND": 2911637.0, "AWATER": 5127.0, "INTPTLAT": "+33.7014158", "INTPTLON": "-084.2899992", "OBJECTID": 711, "CensusTract": "13089023411", "State": "Georgia", "County": "DeKalb County", "Urban": 1, "Pop2010": 3591, "OHU2010": 1293, "GroupQuartersFlag": 0, "NUMGQTRS": 5, "PCTGQTRS": 0.139236981, "LILATracts_1And10": 1, "LILATracts_halfAnd10": 1, "LILATracts_1And20": 1, "LILATracts_Vehicle": 1, "Shape_Length": 10950.14568892788, "Shape_Area": 4225329.8320948873 }, "geometry": { "type": "MultiPolygon", "coordinates": [ [ [ [ -84.305638177308978, 33.715285430180344 ], [ -84.302274176114466, 33.715232430305328 ], [ -84.302027176242262, 33.715229430198626 ], [ -84.299414175608447, 33.715195430725657 ], [ -84.299125175903441, 33.715183431040273 ], [ -84.298803175688164, 33.715158430382793 ], [ -84.298483175122712, 33.715120430236226 ], [ -84.298165175105396, 33.71506942983612 ], [ -84.297849174737891, 33.71500543065379 ], [ -84.297916175583353, 33.714859429935338 ], [ -84.297967174738673, 33.714748430666283 ], [ -84.298075174693722, 33.71451143029266 ], [ -84.298104175006031, 33.714426429753352 ], [ -84.298044174731558, 33.714164430532932 ], [ -84.297957174692925, 33.713933430346103 ], [ -84.297625174431914, 33.713596430042536 ], [ -84.296845174457232, 33.713050429878663 ], [ -84.296577174668627, 33.712879430492926 ], [ -84.296376173928849, 33.712725430623642 ], [ -84.296056174261722, 33.712564430261175 ], [ -84.295912174321685, 33.712510430382984 ], [ -84.295853173872132, 33.712466430152666 ], [ -84.295821174085077, 33.712401429958 ], [ -84.295799174343756, 33.712272429989241 ], [ -84.295828174656094, 33.711907430308045 ], [ -84.295883174907672, 33.711762430126882 ], [ -84.295912174321685, 33.711687429627936 ], [ -84.296353174362636, 33.711289429261598 ], [ -84.296503174150473, 33.711131429445807 ], [ -84.296542174508531, 33.71097542901142 ], [ -84.296546174706492, 33.710868430048919 ], [ -84.296599174409934, 33.710790430001929 ], [ -84.29671417403766, 33.710678430117049 ], [ -84.296793174578696, 33.710623429212745 ], [ -84.296932174495851, 33.710561430134725 ], [ -84.296986174024227, 33.710469429033978 ], [ -84.297006174115722, 33.710398429765888 ], [ -84.297017174884672, 33.710305429393898 ], [ -84.296877174244287, 33.710138429156125 ], [ -84.296771173939064, 33.709964428911945 ], [ -84.296660174509313, 33.7098584300334 ], [ -84.296056174261722, 33.70927942880234 ], [ -84.295836174153692, 33.709195429666281 ], [ -84.295691174388736, 33.70916442887011 ], [ -84.295556174669514, 33.709111428953491 ], [ -84.295321174492884, 33.708962429844512 ], [ -84.294917173363544, 33.708627429188631 ], [ -84.294595174046563, 33.708360428635821 ], [ -84.29431817403713, 33.708192429231097 ], [ -84.294142173411714, 33.708060429308198 ], [ -84.294092174081314, 33.70800942845144 ], [ -84.294070173441682, 33.707894429060488 ], [ -84.293898173912552, 33.707661428698337 ], [ -84.293739173903901, 33.707529428706572 ], [ -84.293521173445697, 33.707388428864924 ], [ -84.293108172993826, 33.707186429398639 ], [ -84.292763173212322, 33.706992429264233 ], [ -84.292483172829847, 33.706886428959429 ], [ -84.292315173498679, 33.706782428293536 ], [ -84.292166172637437, 33.706628428700192 ], [ -84.292026172895362, 33.706460428896769 ], [ -84.29195417292533, 33.706284428892644 ], [ -84.291989172187115, 33.705984428292069 ], [ -84.292071172202881, 33.705835428989367 ], [ -84.292266173094873, 33.705632428214329 ], [ -84.292290172486005, 33.705616428346346 ], [ -84.292202173520778, 33.705603428918486 ], [ -84.292009172278611, 33.705596428133568 ], [ -84.29167217289303, 33.705603428918486 ], [ -84.291416172799984, 33.70563342811257 ], [ -84.290818172400193, 33.705767428569636 ], [ -84.290609172162817, 33.705804428475027 ], [ -84.290404173021727, 33.705827428327339 ], [ -84.29020717247991, 33.705830428762518 ], [ -84.290078171710178, 33.705832428554366 ], [ -84.28978517180721, 33.70582142895131 ], [ -84.285467171459075, 33.705798429097385 ], [ -84.284053170201261, 33.7057684284663 ], [ -84.283790170435523, 33.7057684284663 ], [ -84.283130170111448, 33.705759429395911 ], [ -84.282654169910387, 33.705761429189408 ], [ -84.282548170503489, 33.705774429340678 ], [ -84.282440169650144, 33.705778428926934 ], [ -84.282332170593421, 33.705775429237256 ], [ -84.282225169564995, 33.705763429730183 ], [ -84.28206616955633, 33.705730428648359 ], [ -84.281488170146332, 33.705581428905035 ], [ -84.281058169976021, 33.705448429552774 ], [ -84.280921169708662, 33.70540942894511 ], [ -84.280418169743427, 33.705332429073046 ], [ -84.279981169002113, 33.705271429067125 ], [ -84.277772168599327, 33.705033428789172 ], [ -84.278047168060624, 33.704756428442202 ], [ -84.278171168807503, 33.704602428952882 ], [ -84.27833216936429, 33.704290428743263 ], [ -84.278342168511713, 33.704175428856871 ], [ -84.278308169074833, 33.704064429229867 ], [ -84.278212168815372, 33.703897428813853 ], [ -84.27820316859453, 33.703781428481484 ], [ -84.278225168335851, 33.703703428723948 ], [ -84.27820316859453, 33.703603428375516 ], [ -84.278148168342966, 33.703554428453749 ], [ -84.277992168707343, 33.703530428817388 ], [ -84.277803168561462, 33.703531428740099 ], [ -84.277634169405388, 33.703506428427033 ], [ -84.277479167798035, 33.703461428891423 ], [ -84.277307168268905, 33.703347428567305 ], [ -84.277173168374603, 33.703207429260274 ], [ -84.277030169157797, 33.702952428948649 ], [ -84.276878167923513, 33.702597428602473 ], [ -84.276830168242924, 33.702533428346086 ], [ -84.276731168508732, 33.702494428656891 ], [ -84.276657168888875, 33.7024514284617 ], [ -84.276607167761867, 33.702404428501815 ], [ -84.276590168043413, 33.702389428715897 ], [ -84.276466168194844, 33.702129428523094 ], [ -84.276339167973262, 33.701591429005603 ], [ -84.276329167927528, 33.701307428382201 ], [ -84.276257167957496, 33.701190428339132 ], [ -84.276165167895982, 33.701109427871053 ], [ -84.276088167903083, 33.700992428305682 ], [ -84.276034168374721, 33.70088642881732 ], [ -84.27598316742278, 33.700725427934252 ], [ -84.276008168435467, 33.700531428154306 ], [ -84.27587416764284, 33.700397428497403 ], [ -84.275755167817152, 33.700184428707388 ], [ -84.275681168197309, 33.699962427964209 ], [ -84.275620168097944, 33.699877427972204 ], [ -84.275225167189419, 33.699858427883342 ], [ -84.275122167257265, 33.699761427442873 ], [ -84.275051168010464, 33.699628428047781 ], [ -84.275007167629539, 33.69910342748117 ], [ -84.275493166978009, 33.699094428459922 ], [ -84.2760321678266, 33.699069427602915 ], [ -84.276569168127011, 33.699029427860808 ], [ -84.27710416877764, 33.698973427742139 ], [ -84.277530168749976, 33.698917428334354 ], [ -84.278059168654494, 33.698832427308389 ], [ -84.278794168423332, 33.698688427453462 ], [ -84.279628168824686, 33.698506428080428 ], [ -84.280251168440515, 33.698358427000166 ], [ -84.280764169349837, 33.698221426989988 ], [ -84.281272169337953, 33.698069426968559 ], [ -84.281773168755052, 33.69790242760358 ], [ -84.282168169663578, 33.697759426927199 ], [ -84.282655169735307, 33.697566427168262 ], [ -84.283544169489915, 33.697198427034472 ], [ -84.285503170545766, 33.696385426104953 ], [ -84.293630172327326, 33.693018425561952 ], [ -84.293744172130147, 33.693138425653309 ], [ -84.293902172313892, 33.693243426436659 ], [ -84.294053172824931, 33.693344425431889 ], [ -84.294345172902993, 33.693579425838905 ], [ -84.294745172936089, 33.693880425698254 ], [ -84.2951121724589, 33.694130425869957 ], [ -84.295219173487325, 33.694261425493124 ], [ -84.295324173069304, 33.694456426005772 ], [ -84.295390173191549, 33.694661426335884 ], [ -84.295864173742785, 33.695994426655368 ], [ -84.296088173150466, 33.696477426596168 ], [ -84.296324173152016, 33.696846426828934 ], [ -84.296479173861016, 33.697078426633858 ], [ -84.296702174342101, 33.697318427267554 ], [ -84.297029173681935, 33.697621426717753 ], [ -84.298324174215736, 33.698790426752815 ], [ -84.298862174341082, 33.699375426770217 ], [ -84.299061174532724, 33.699597427535494 ], [ -84.29929717453426, 33.699952427573841 ], [ -84.299476175532732, 33.700297427289854 ], [ -84.299813174918285, 33.700706427285567 ], [ -84.300656174642157, 33.701125427083809 ], [ -84.300818175023863, 33.701411427456314 ], [ -84.300890174993896, 33.7016364272788 ], [ -84.300899175214738, 33.701772427131552 ], [ -84.300884175146123, 33.702105427741301 ], [ -84.300811175351186, 33.702565427732921 ], [ -84.30074517522894, 33.703026427431858 ], [ -84.300664175936404, 33.703533427838181 ], [ -84.300606175311756, 33.703840427465359 ], [ -84.300529175318871, 33.704051427325176 ], [ -84.300369175485301, 33.704395428602588 ], [ -84.300083174356729, 33.704986428000034 ], [ -84.299911174827599, 33.705346428443491 ], [ -84.299595174460094, 33.70601342895386 ], [ -84.299433174976699, 33.706291428126917 ], [ -84.299794174651723, 33.706508428020072 ], [ -84.300250175659613, 33.70694042863758 ], [ -84.300931175900089, 33.707805429205237 ], [ -84.301279175156324, 33.708156428728792 ], [ -84.301592176049084, 33.708455429350245 ], [ -84.301872176431573, 33.708729428643366 ], [ -84.302047176333758, 33.708900428820115 ], [ -84.30237017547563, 33.709225429100272 ], [ -84.303063176309976, 33.709871428817252 ], [ -84.303452176472405, 33.710267429341513 ], [ -84.303726177007107, 33.710669429319339 ], [ -84.30397517652915, 33.71120542984977 ], [ -84.304365176516484, 33.71220142922288 ], [ -84.304474176296438, 33.712649428907461 ], [ -84.304676176861108, 33.713469429241329 ], [ -84.304799176884742, 33.713947429809011 ], [ -84.304920176360255, 33.714280430292114 ], [ -84.305145177389463, 33.71465343018837 ], [ -84.305500177216715, 33.715060430245899 ], [ -84.305638177308978, 33.715285430180344 ] ] ] ] } },
{ "type": "Feature", "properties": { "STATEFP": "13", "COUNTYFP": "089", "TRACTCE": "021910", "GEOID": "13089021910", "GEOIDFQ": "1400000US13089021910", "NAME": "219.10", "NAMELSAD": "Census Tract 219.10", "MTFCC": "G5020", "FUNCSTAT": "S", "ALAND": 3691407.0, "AWATER": 5115.0, "INTPTLAT": "+33.8203960", "INTPTLON": "-084.2038307", "OBJECTID": 657, "CensusTract": "13089021910", "State": "Georgia", "County": "DeKalb County", "Urban": 1, "Pop2010": 4773, "OHU2010": 2002, "GroupQuartersFlag": 0, "NUMGQTRS": 7, "PCTGQTRS": 0.146658286, "LILATracts_1And10": 1, "LILATracts_halfAnd10": 1, "LILATracts_1And20": 1, "LILATracts_Vehicle": 1, "Shape_Length": 10789.913608048391, "Shape_Area": 5369553.1170996949 }, "geometry": { "type": "MultiPolygon", "coordinates": [ [ [ [ -84.223111158594349, 33.822104456111653 ], [ -84.222819158516288, 33.822270456186075 ], [ -84.222461159214333, 33.822313456013433 ], [ -84.22216315839016, 33.822340456084952 ], [ -84.221393158461225, 33.822779456244213 ], [ -84.221011158869828, 33.822808456217921 ], [ -84.220553159110423, 33.822602456114538 ], [ -84.22008415858204, 33.822589456508005 ], [ -84.220057157919555, 33.822588456480752 ], [ -84.219500158425959, 33.822449456314416 ], [ -84.218974157097861, 33.822369456207475 ], [ -84.218904157675979, 33.82237045623723 ], [ -84.218379157969423, 33.822386455965898 ], [ -84.217723157843309, 33.822508456503911 ], [ -84.217128156918236, 33.822643456468107 ], [ -84.216517156997952, 33.82287845642265 ], [ -84.216059157238561, 33.823210456229447 ], [ -84.215647156611581, 33.823496456234444 ], [ -84.214862156614046, 33.824143456324762 ], [ -84.214495156192925, 33.824404456794475 ], [ -84.214221156556547, 33.824540456754939 ], [ -84.213821156523451, 33.824634457117014 ], [ -84.21375515640122, 33.824650456422077 ], [ -84.213526156970673, 33.824692456542579 ], [ -84.212985156472286, 33.824747456669243 ], [ -84.212458156217593, 33.824847456808818 ], [ -84.212016155453384, 33.824954457574947 ], [ -84.211535156127766, 33.825242456963146 ], [ -84.21109215643699, 33.825489457158255 ], [ -84.210582155900724, 33.825817456571279 ], [ -84.210452155306072, 33.825902457126212 ], [ -84.21030415516806, 33.82599345677508 ], [ -84.209780155286438, 33.826316457321781 ], [ -84.209353155489183, 33.826711458152438 ], [ -84.208910155798378, 33.827205457550669 ], [ -84.208529155133547, 33.827700457793391 ], [ -84.208300155703029, 33.828152458300735 ], [ -84.208056154407231, 33.828686458066258 ], [ -84.207774155273242, 33.829100458213603 ], [ -84.20752915505085, 33.829442458704982 ], [ -84.207284154828471, 33.829665457804133 ], [ -84.207163154454634, 33.829774458396976 ], [ -84.206919154955486, 33.830322458340795 ], [ -84.206644154595878, 33.830967458409461 ], [ -84.206591153994111, 33.831366459090674 ], [ -84.206591153994111, 33.83207845838205 ], [ -84.206608155509173, 33.832439458721993 ], [ -84.206528155143232, 33.832640459455689 ], [ -84.206258154806505, 33.832581459541785 ], [ -84.203314153736571, 33.832511459072549 ], [ -84.202850153231054, 33.832450458499657 ], [ -84.202395153844705, 33.832368459716101 ], [ -84.201170152732786, 33.832175458410276 ], [ -84.200630152957615, 33.832106459016899 ], [ -84.199564152752671, 33.831978459237781 ], [ -84.199057152589475, 33.832000458910272 ], [ -84.198232152408963, 33.832142458966885 ], [ -84.198036152590362, 33.831952459142613 ], [ -84.197256151717369, 33.831013458872839 ], [ -84.196872152476132, 33.830502458710619 ], [ -84.196655151842862, 33.830140459206554 ], [ -84.196503152405199, 33.829839458410532 ], [ -84.196197151185146, 33.829041458095176 ], [ -84.195981152173388, 33.828199458001741 ], [ -84.195972151952546, 33.828147458489788 ], [ -84.195904151282164, 33.827758458124208 ], [ -84.195864151997526, 33.827427458036588 ], [ -84.19584615065753, 33.826742458242421 ], [ -84.195862151449361, 33.825936457473809 ], [ -84.195831151487226, 33.825456458119127 ], [ -84.195788150931222, 33.824793457494238 ], [ -84.195742151798783, 33.824352457959634 ], [ -84.19557815086894, 33.823808457116378 ], [ -84.195360150410735, 33.823338457941652 ], [ -84.194942150834294, 33.822500457770786 ], [ -84.1943021506017, 33.821249457300439 ], [ -84.194207150167145, 33.821062456539003 ], [ -84.194147150791011, 33.820945456409405 ], [ -84.1941121506309, 33.820871456672165 ], [ -84.193940150203446, 33.820508457386644 ], [ -84.193802150111196, 33.820156457173404 ], [ -84.193746150034698, 33.81993845670074 ], [ -84.193701149828854, 33.819758456480493 ], [ -84.193655150696415, 33.819414456680711 ], [ -84.193627150209025, 33.818893456646848 ], [ -84.19362115036121, 33.817710456189118 ], [ -84.193618150886493, 33.817083455535759 ], [ -84.193632150231878, 33.815257456111361 ], [ -84.193645149752356, 33.813619455436374 ], [ -84.193657150346226, 33.812024455266105 ], [ -84.193686149760239, 33.811550454896349 ], [ -84.196461150775775, 33.811621454767788 ], [ -84.197509150539048, 33.811630454673733 ], [ -84.197658151400276, 33.811627454953985 ], [ -84.198474151359989, 33.811641454142752 ], [ -84.19866715170383, 33.811655454822073 ], [ -84.199033151401721, 33.811710455122643 ], [ -84.199379151008117, 33.811786454882785 ], [ -84.200052151750981, 33.812004455234273 ], [ -84.200082151888225, 33.812016454806141 ], [ -84.20041115177618, 33.81214845446339 ], [ -84.200746151511964, 33.812230454724663 ], [ -84.200942152228848, 33.812272454973673 ], [ -84.201127152176781, 33.812295454639219 ], [ -84.201238152504857, 33.812297454934345 ], [ -84.201644152385725, 33.812263454388884 ], [ -84.201864152493755, 33.812225454729187 ], [ -84.202134152830482, 33.812135454760629 ], [ -84.202235152214513, 33.812088454440868 ], [ -84.202529152840697, 33.811938454200451 ], [ -84.202955152813047, 33.811799454638589 ], [ -84.203329152906875, 33.811720454427174 ], [ -84.203623153533044, 33.81167745524511 ], [ -84.203945152850011, 33.811664454724387 ], [ -84.206196153983896, 33.811686454398718 ], [ -84.206838153866315, 33.812590455123683 ], [ -84.20738915441045, 33.813389455344627 ], [ -84.207709154077605, 33.813853454680945 ], [ -84.207894154923835, 33.814076455623599 ], [ -84.208399154538895, 33.814739455742256 ], [ -84.208785154328282, 33.815331454735187 ], [ -84.208862154321181, 33.815442454416754 ], [ -84.209606155209158, 33.816532455532197 ], [ -84.210160154329714, 33.817246455384769 ], [ -84.210628155033177, 33.817806455269213 ], [ -84.210946155050479, 33.818164455926258 ], [ -84.211260155768159, 33.818613455870363 ], [ -84.211652155405318, 33.818421455682412 ], [ -84.212079155202574, 33.818250455210446 ], [ -84.212271155721524, 33.818175455301493 ], [ -84.212470155913152, 33.818098455167281 ], [ -84.212657155510911, 33.818025455286225 ], [ -84.213076155810555, 33.817891455577552 ], [ -84.21329615591857, 33.817829455685846 ], [ -84.213480156041598, 33.817784454929779 ], [ -84.213692155753719, 33.817740455726671 ], [ -84.214386156412985, 33.817623455530359 ], [ -84.214812156385321, 33.817566455874314 ], [ -84.215241156730713, 33.817525456072026 ], [ -84.215672156725944, 33.81749945531346 ], [ -84.216211156676209, 33.817479455069069 ], [ -84.216676157006617, 33.817474455380399 ], [ -84.217194157040481, 33.817523455899142 ], [ -84.217592156525413, 33.817566455874314 ], [ -84.218217156689391, 33.817632454804787 ], [ -84.218955156831271, 33.817732455054909 ], [ -84.219383158250082, 33.817784454929779 ], [ -84.220756157703377, 33.817939455029489 ], [ -84.220742158357993, 33.818162455021962 ], [ -84.220730157764095, 33.818221455183775 ], [ -84.222760158066748, 33.818429454797048 ], [ -84.222862159072307, 33.819084455707028 ], [ -84.222885158638519, 33.819228454958662 ], [ -84.222947159461128, 33.819759455794447 ], [ -84.22296715955261, 33.819930455488326 ], [ -84.223004159362546, 33.820245455364812 ], [ -84.223080159530525, 33.821637455895697 ], [ -84.223106159469793, 33.822035456053328 ], [ -84.223111158594349, 33.822104456111653 ] ] ] ] } },
{ "type": "Feature", "properties": { "STATEFP": "13", "COUNTYFP": "089", "TRACTCE": "023112", "GEOID": "13089023112", "GEOIDFQ": "1400000US13089023112", "NAME": "231.12", "NAMELSAD": "Census Tract 231.12", "MTFCC": "G5020", "FUNCSTAT": "S", "ALAND": 2469006.0, "AWATER": 11540.0, "INTPTLAT": "+33.7649495", "INTPTLON": "-084.2385881", "OBJECTID": 687, "CensusTract": "13089023112", "State": "Georgia", "County": "DeKalb County", "Urban": 1, "Pop2010": 3991, "OHU2010": 1790, "GroupQuartersFlag": 0, "NUMGQTRS": 2, "PCTGQTRS": 0.050112754, "LILATracts_1And10": 1, "LILATracts_halfAnd10": 1, "LILATracts_1And20": 1, "LILATracts_Vehicle": 1, "Shape_Length": 8725.1354628567933, "Shape_Area": 3598518.5814852505 }, "geometry": { "type": "MultiPolygon", "coordinates": [ [ [ [ -84.254293165224666, 33.771719443352964 ], [ -84.252911164652218, 33.771714444724672 ], [ -84.252153164418857, 33.771706444230539 ], [ -84.25176816445439, 33.771706444230539 ], [ -84.251464163782444, 33.771716444474691 ], [ -84.251221165006527, 33.771736444959551 ], [ -84.250651164195816, 33.771808444127387 ], [ -84.249887164114668, 33.771977444311595 ], [ -84.249549164005856, 33.772056443867982 ], [ -84.249501164325281, 33.772062444587476 ], [ -84.249316164377362, 33.772086444474432 ], [ -84.24924816370698, 33.772102444644247 ], [ -84.249061164109236, 33.772146444909083 ], [ -84.248968163324506, 33.772160444581345 ], [ -84.248736163520903, 33.772196444368078 ], [ -84.248325163617181, 33.77222644417877 ], [ -84.248007163599851, 33.772231444270616 ], [ -84.247674163513921, 33.772198444853586 ], [ -84.244478162548916, 33.771501444941698 ], [ -84.242891161937052, 33.771127444381662 ], [ -84.242609162803063, 33.77107944406378 ], [ -84.242175162434791, 33.771035444744484 ], [ -84.241709162279477, 33.771042443924891 ], [ -84.241536162027103, 33.771080443946232 ], [ -84.241352161904089, 33.771127444381662 ], [ -84.240790161489315, 33.771330444059615 ], [ -84.240713161496402, 33.771347444996643 ], [ -84.240472161471985, 33.771437444542329 ], [ -84.240196161287471, 33.771524444361788 ], [ -84.23995216178831, 33.771577444560393 ], [ -84.239708160492512, 33.771606444711587 ], [ -84.239495160955514, 33.771618444719714 ], [ -84.239358160688141, 33.771615445091207 ], [ -84.239272161372739, 33.771613444592084 ], [ -84.239030160625077, 33.77158244543692 ], [ -84.238829160783638, 33.77154444414473 ], [ -84.238569161390956, 33.771462445229098 ], [ -84.23820916064254, 33.771327445167721 ], [ -84.237791161066099, 33.771106444619264 ], [ -84.23737316059136, 33.770877445169475 ], [ -84.237104160977836, 33.770753444429353 ], [ -84.236897159491974, 33.770675444305439 ], [ -84.236444160653761, 33.770868444712264 ], [ -84.236302160363536, 33.770907444695254 ], [ -84.235997160765024, 33.770942444377717 ], [ -84.234531159628673, 33.770918444917008 ], [ -84.233816159053006, 33.770921444569957 ], [ -84.233397159651659, 33.770923444338486 ], [ -84.233145159756589, 33.770345444316639 ], [ -84.233040159276271, 33.77000544410766 ], [ -84.233007159664325, 33.769898444823625 ], [ -84.232843158734468, 33.769364444061353 ], [ -84.232718159061008, 33.768955444148226 ], [ -84.232603159433282, 33.7683044445671 ], [ -84.232538159135956, 33.767725444132445 ], [ -84.232509158823632, 33.767049443694553 ], [ -84.232508158100416, 33.766770443501308 ], [ -84.232505159523981, 33.765722443371082 ], [ -84.232503158975859, 33.764504442762281 ], [ -84.232501158427709, 33.763762443709375 ], [ -84.232490158557056, 33.762614442337785 ], [ -84.232485158534189, 33.762094443057734 ], [ -84.232482159059458, 33.761750443006562 ], [ -84.232481158336228, 33.761639442406675 ], [ -84.23250615845059, 33.760448442203881 ], [ -84.232515158671404, 33.760048442408412 ], [ -84.232494157856692, 33.758596441542949 ], [ -84.232456158221879, 33.757173441282859 ], [ -84.232432157932422, 33.756549441741967 ], [ -84.232419158411957, 33.756214442346959 ], [ -84.231963157404053, 33.752669440565178 ], [ -84.23253415803967, 33.753005441208416 ], [ -84.233537158495423, 33.753577441141772 ], [ -84.234559158319442, 33.754160441125613 ], [ -84.235771159012586, 33.7548384410441 ], [ -84.236457159275929, 33.755234441728369 ], [ -84.236794159559807, 33.755444441416948 ], [ -84.237379159540822, 33.755837441361898 ], [ -84.238499160172452, 33.756916442107055 ], [ -84.240650160848901, 33.759040442412228 ], [ -84.241078160471076, 33.759428442210599 ], [ -84.241365160526257, 33.759645442192515 ], [ -84.241921161093259, 33.75997944161076 ], [ -84.242220160844013, 33.760112442351748 ], [ -84.243022161458299, 33.760413441969568 ], [ -84.243481161940934, 33.760546442037146 ], [ -84.244326161314618, 33.760747442129428 ], [ -84.24483616185087, 33.76088944243817 ], [ -84.245910162451736, 33.761158442378097 ], [ -84.247214162308069, 33.761509442523845 ], [ -84.247625162211804, 33.761635442436216 ], [ -84.248022162770155, 33.761770442830205 ], [ -84.248811163863977, 33.762122442697212 ], [ -84.249418163586299, 33.762470442680652 ], [ -84.249794163329923, 33.762715441875123 ], [ -84.250152163530217, 33.762988441966243 ], [ -84.250393163554648, 33.763272443137893 ], [ -84.250650163472585, 33.763598442854587 ], [ -84.250850164387444, 33.763907442655494 ], [ -84.250889163847191, 33.763966442877489 ], [ -84.251092164236795, 33.764403443092746 ], [ -84.251262164116099, 33.764797442246547 ], [ -84.251339164108998, 33.765008443105103 ], [ -84.251413163728841, 33.765316443100112 ], [ -84.251430164345592, 33.76583244247324 ], [ -84.251373164444175, 33.766569443345233 ], [ -84.251330163888156, 33.76737744308388 ], [ -84.251375164094, 33.768061443263086 ], [ -84.251521164582172, 33.768494443855879 ], [ -84.251583164506471, 33.768647443790506 ], [ -84.251667164172048, 33.76883944362946 ], [ -84.251783164523005, 33.769019443414521 ], [ -84.25187916478248, 33.769175443619318 ], [ -84.252101164540321, 33.769533443838888 ], [ -84.252170164137283, 33.769618443552424 ], [ -84.252373164526887, 33.769868443451045 ], [ -84.253179165339134, 33.770613443811641 ], [ -84.25359516526575, 33.770923443591791 ], [ -84.253683165129289, 33.770988444258577 ], [ -84.253720165837535, 33.771018443745497 ], [ -84.254571165059019, 33.771701444107997 ], [ -84.254293165224666, 33.771719443352964 ] ] ] ] } },
{ "type": "Feature", "properties": { "STATEFP": "13", "COUNTYFP": "089", "TRACTCE": "023114", "GEOID": "13089023114", "GEOIDFQ": "1400000US13089023114", "NAME": "231.14", "NAMELSAD": "Census Tract 231.14", "MTFCC": "G5020", "FUNCSTAT": "S", "ALAND": 2384629.0, "AWATER": 12704.0, "INTPTLAT": "+33.7806558", "INTPTLON": "-084.2296660", "OBJECTID": 689, "CensusTract": "13089023114", "State": "Georgia", "County": "DeKalb County", "Urban": 1, "Pop2010": 2434, "OHU2010": 835, "GroupQuartersFlag": 0, "NUMGQTRS": 11, "PCTGQTRS": 0.451930978, "LILATracts_1And10": 1, "LILATracts_halfAnd10": 1, "LILATracts_1And20": 1, "LILATracts_Vehicle": 0, "Shape_Length": 7697.7722007906323, "Shape_Area": 3478925.482955615 }, "geometry": { "type": "MultiPolygon", "coordinates": [ [ [ [ -84.241373161820491, 33.778115446640179 ], [ -84.241120162100501, 33.778231446546812 ], [ -84.240686161732228, 33.778420446425137 ], [ -84.240322161684162, 33.77858444579195 ], [ -84.240021161385272, 33.778742446087008 ], [ -84.239862161376621, 33.778843446028354 ], [ -84.239733161505185, 33.778931446331136 ], [ -84.239708161390823, 33.778948446506483 ], [ -84.239612161131362, 33.779036445954716 ], [ -84.239445161625113, 33.77921944607904 ], [ -84.239351161913774, 33.779343446512264 ], [ -84.239154161371957, 33.77960544604246 ], [ -84.238898161278925, 33.779981446481493 ], [ -84.238642161185879, 33.780367446744222 ], [ -84.238426161275811, 33.780693446381036 ], [ -84.237477161246744, 33.78207644672878 ], [ -84.236938160398182, 33.782871447644077 ], [ -84.236830161341445, 33.783017446847637 ], [ -84.236422160912454, 33.783563447452153 ], [ -84.236056161214563, 33.784016447202745 ], [ -84.235350160859724, 33.784944447557478 ], [ -84.234607160694978, 33.785827447917555 ], [ -84.234116160425302, 33.786397448135467 ], [ -84.233836160042813, 33.786716447824951 ], [ -84.233592160543651, 33.786698447998184 ], [ -84.232336159469597, 33.786789448286591 ], [ -84.229909159506931, 33.786882448620943 ], [ -84.229870159148859, 33.786883448318932 ], [ -84.228861158845319, 33.78688044847835 ], [ -84.22876615841075, 33.786879448033709 ], [ -84.22850215882012, 33.786879448033709 ], [ -84.22837515859851, 33.786870448511237 ], [ -84.228268158468396, 33.786857447954944 ], [ -84.228162158163187, 33.786839448157814 ], [ -84.228058159304425, 33.78681544792461 ], [ -84.227956158298852, 33.786786448442719 ], [ -84.227856158739741, 33.786752448960435 ], [ -84.22775915865536, 33.786713448725138 ], [ -84.227573158882521, 33.786621447908303 ], [ -84.227303157647469, 33.786509448468408 ], [ -84.227013158117558, 33.786371448370531 ], [ -84.226858158306868, 33.786288448264074 ], [ -84.226204157830551, 33.786010448463891 ], [ -84.22583915795758, 33.78590544843081 ], [ -84.225558157750172, 33.785811448071506 ], [ -84.225072157503377, 33.785753448417871 ], [ -84.224964157548342, 33.785747447910808 ], [ -84.224745158163557, 33.785747447910808 ], [ -84.224757157859102, 33.785711448592679 ], [ -84.224782157973465, 33.785589447845929 ], [ -84.224691156838546, 33.785176447381453 ], [ -84.224373157719555, 33.784604448546467 ], [ -84.224212157162768, 33.784075447763598 ], [ -84.22401215714622, 33.783764448057504 ], [ -84.2236371572275, 33.783361448129185 ], [ -84.223133156539021, 33.783069447659585 ], [ -84.222468156192065, 33.782862447700396 ], [ -84.222053156988693, 33.782857447482357 ], [ -84.221721156727668, 33.782854448247384 ], [ -84.221333157288456, 33.782941447671703 ], [ -84.220786156942296, 33.78298244761865 ], [ -84.220292156299564, 33.783027448011275 ], [ -84.220080156587457, 33.782994447526548 ], [ -84.21987115545177, 33.782949447863231 ], [ -84.219761155846911, 33.782919447327878 ], [ -84.219611156059102, 33.782679447146606 ], [ -84.219563155480188, 33.782547447581607 ], [ -84.219597156713689, 33.782127447611984 ], [ -84.219582155746764, 33.781943447225395 ], [ -84.219512156324896, 33.78184544722329 ], [ -84.219606156036221, 33.78153244736481 ], [ -84.219837156014904, 33.781195447540753 ], [ -84.220069155818493, 33.780842447856294 ], [ -84.220502156361846, 33.780431447192264 ], [ -84.220576155981689, 33.780365447196147 ], [ -84.22064015645411, 33.780293447753294 ], [ -84.220693156157552, 33.780215447355197 ], [ -84.220735155990354, 33.780132447255667 ], [ -84.220765156127584, 33.780045447217915 ], [ -84.220782156744335, 33.779956446787494 ], [ -84.22078415639416, 33.779820446890746 ], [ -84.220847156143336, 33.77947144739742 ], [ -84.220788155693796, 33.779396447100332 ], [ -84.220738156363396, 33.779316447059479 ], [ -84.220699156005338, 33.779232447048166 ], [ -84.220660155647295, 33.779090447268338 ], [ -84.220583155654381, 33.778896446179125 ], [ -84.220497155440668, 33.778842446983184 ], [ -84.2204361562396, 33.778769447214088 ], [ -84.220406156102385, 33.778682446538546 ], [ -84.220412155950171, 33.778593446931922 ], [ -84.220452156133135, 33.778509446211572 ], [ -84.220609156491975, 33.778397446616282 ], [ -84.220853155991136, 33.778009446832677 ], [ -84.220888156151233, 33.777878447340264 ], [ -84.22090915606762, 33.777576446538703 ], [ -84.220919156113368, 33.777244446629332 ], [ -84.220851155442972, 33.77710244579395 ], [ -84.220814155633065, 33.776944446954047 ], [ -84.220772155800276, 33.776627446342154 ], [ -84.220814155633065, 33.776296446309772 ], [ -84.221125155977688, 33.775436446112614 ], [ -84.221314155225258, 33.775098445616642 ], [ -84.221486156551023, 33.774949446096734 ], [ -84.221656156430342, 33.774883445610179 ], [ -84.221887156409025, 33.774870446221151 ], [ -84.222025156501289, 33.774830445963346 ], [ -84.2222171561219, 33.774729445770575 ], [ -84.222357155863989, 33.774618446301197 ], [ -84.222399156595102, 33.774472445475034 ], [ -84.222416156313543, 33.774418445730447 ], [ -84.222603155911273, 33.773836445990568 ], [ -84.22284715630876, 33.77341244570249 ], [ -84.223098156378924, 33.773111445443035 ], [ -84.223179156569785, 33.773052445543634 ], [ -84.223243157042205, 33.772980445927715 ], [ -84.223287156524819, 33.772898445399534 ], [ -84.223310156091031, 33.772810445619605 ], [ -84.223309156266112, 33.772720445275951 ], [ -84.223286155801574, 33.772632446059923 ], [ -84.223241156494041, 33.772550445945413 ], [ -84.223171156173862, 33.772473445830144 ], [ -84.223092156531123, 33.772314445305284 ], [ -84.223068157140005, 33.772226444925515 ], [ -84.223062156393922, 33.772136445461861 ], [ -84.223076156637617, 33.772047445774838 ], [ -84.223108156424672, 33.771961445611872 ], [ -84.223158156653383, 33.771882445221152 ], [ -84.223224156775629, 33.77181044536875 ], [ -84.223342156776383, 33.771728445214208 ], [ -84.223377156936508, 33.77167144560697 ], [ -84.223552156838679, 33.771392444781327 ], [ -84.223715156146994, 33.770879445685779 ], [ -84.223768156748747, 33.770538444720096 ], [ -84.223784156642267, 33.770268445206696 ], [ -84.224184156675349, 33.770468445010884 ], [ -84.225397157193385, 33.771021444888397 ], [ -84.225424156957573, 33.771028444816693 ], [ -84.22548015703407, 33.771037444510341 ], [ -84.225528156714631, 33.771035445491179 ], [ -84.225925157272982, 33.771558445408793 ], [ -84.22602915792838, 33.771716445221429 ], [ -84.227334157609604, 33.771487444415015 ], [ -84.227711157178163, 33.771369444579058 ], [ -84.228195157775133, 33.771249445566347 ], [ -84.228318157798796, 33.771215444396731 ], [ -84.229075158207252, 33.771003444750107 ], [ -84.229257157782115, 33.770952444711028 ], [ -84.229429158209584, 33.770931444905735 ], [ -84.229603157388524, 33.770909445210918 ], [ -84.23001815838856, 33.770893444818313 ], [ -84.232668158832297, 33.77092744462221 ], [ -84.23313415898761, 33.770920444685657 ], [ -84.233286159323583, 33.770924444222757 ], [ -84.233397159651659, 33.770923444338486 ], [ -84.233581158876348, 33.771266445026001 ], [ -84.23389015957116, 33.771841444441428 ], [ -84.234387159688623, 33.772627445244744 ], [ -84.235069159754019, 33.773445445398664 ], [ -84.235413160608914, 33.773777445096982 ], [ -84.235683160047344, 33.774036445679911 ], [ -84.235773160459033, 33.774123445100365 ], [ -84.23598416034622, 33.774286445381684 ], [ -84.236579160372983, 33.774746445286411 ], [ -84.238161160961965, 33.775923445600121 ], [ -84.24050416125904, 33.777553445756588 ], [ -84.241262162390726, 33.778039445354487 ], [ -84.241373161820491, 33.778115446640179 ] ] ] ] } },
{ "type": "Feature", "properties": { "STATEFP": "13", "COUNTYFP": "121", "TRACTCE": "007703", "GEOID": "13121007703", "GEOIDFQ": "1400000US13121007703", "NAME": "77.03", "NAMELSAD": "Census Tract 77.03", "MTFCC": "G5020", "FUNCSTAT": "S", "ALAND": 4526581.0, "AWATER": 5090.0, "INTPTLAT": "+33.7039885", "INTPTLON": "-084.5086077", "OBJECTID": 988, "CensusTract": "13121007703", "State": "Georgia", "County": "Fulton County", "Urban": 1, "Pop2010": 3861, "OHU2010": 1540, "GroupQuartersFlag": 0, "NUMGQTRS": 0, "PCTGQTRS": 0.0, "LILATracts_1And10": 1, "LILATracts_halfAnd10": 1, "LILATracts_1And20": 1, "LILATracts_Vehicle": 1, "Shape_Length": 12967.147679040154, "Shape_Area": 6564743.2000790751 }, "geometry": { "type": "MultiPolygon", "coordinates": [ [ [ [ -84.51838523742606, 33.700720419189054 ], [ -84.518367237882714, 33.701837419676536 ], [ -84.518329238247887, 33.702999419640747 ], [ -84.518303238308604, 33.704040420020803 ], [ -84.518269237973428, 33.705077420123423 ], [ -84.518249237881946, 33.706106420522076 ], [ -84.518241238384348, 33.707307420042689 ], [ -84.518231238338586, 33.7080924206577 ], [ -84.517797238868624, 33.708074420761136 ], [ -84.512529236869881, 33.70819842096865 ], [ -84.510655236202837, 33.70824242039663 ], [ -84.50984923539059, 33.708280421345101 ], [ -84.509692235930061, 33.708292421247769 ], [ -84.507265235069084, 33.708473421694173 ], [ -84.507153234916075, 33.708468421620907 ], [ -84.507120235304129, 33.708652420538399 ], [ -84.507038235288348, 33.708832421112369 ], [ -84.506832235424028, 33.709106421444559 ], [ -84.506290235100721, 33.709746421460331 ], [ -84.506198235039221, 33.709907421875272 ], [ -84.506088234536051, 33.710188422177978 ], [ -84.506060234946958, 33.710317421540992 ], [ -84.506048235251399, 33.710463421762235 ], [ -84.506044235053437, 33.712526422241382 ], [ -84.506042234505301, 33.712836422046394 ], [ -84.506063234421703, 33.713020422066691 ], [ -84.50611423537363, 33.713213422971968 ], [ -84.506213235107836, 33.713427422392243 ], [ -84.506350234476869, 33.713625422156042 ], [ -84.507011235524175, 33.71440342323708 ], [ -84.507142235943732, 33.714573422782664 ], [ -84.507189234901091, 33.714634422906748 ], [ -84.50805223561477, 33.715984422608912 ], [ -84.508140236376633, 33.716146423059662 ], [ -84.508198236102942, 33.716294423379551 ], [ -84.508236235737783, 33.716445422761367 ], [ -84.508255236004345, 33.716598422913272 ], [ -84.508253236354534, 33.716778423270291 ], [ -84.508216235646287, 33.717030422837297 ], [ -84.508071235881332, 33.718012423094841 ], [ -84.507961236276472, 33.718761423195787 ], [ -84.507933235789068, 33.718982423426553 ], [ -84.507885236108493, 33.719351423368899 ], [ -84.507850235948396, 33.719808422947629 ], [ -84.507961236276472, 33.720159423470491 ], [ -84.508110235341078, 33.720462423789506 ], [ -84.510236236801504, 33.723805423811228 ], [ -84.509175236619413, 33.723628423805096 ], [ -84.508687236722807, 33.723534423877233 ], [ -84.507429235998927, 33.723291424945771 ], [ -84.507178235928748, 33.723255424796506 ], [ -84.506468235375976, 33.723154424359429 ], [ -84.506225235701706, 33.723133424801006 ], [ -84.505760235371298, 33.723111424048454 ], [ -84.505742235827952, 33.723110424353727 ], [ -84.505729235409163, 33.723110424353727 ], [ -84.505201235329551, 33.723085423763152 ], [ -84.504565235294933, 33.723056424383913 ], [ -84.503478235173588, 33.723037424939918 ], [ -84.503208234836833, 33.723032424220364 ], [ -84.502797234933098, 33.723019424440302 ], [ -84.50256423530459, 33.723030424081905 ], [ -84.50253923429193, 33.722868423919486 ], [ -84.502563234581388, 33.721562423452539 ], [ -84.502516234725704, 33.720721424797524 ], [ -84.5024942340861, 33.720022423862957 ], [ -84.502349234321144, 33.719074423625422 ], [ -84.502304234115286, 33.718688423819515 ], [ -84.502264233932323, 33.718538422900181 ], [ -84.502182233916557, 33.718234423510857 ], [ -84.501914234127952, 33.717232423059166 ], [ -84.501628233897691, 33.716560423404012 ], [ -84.501180234184034, 33.715645423319572 ], [ -84.501108233315691, 33.715492422963891 ], [ -84.50038323269429, 33.713945422733744 ], [ -84.500173233530319, 33.713588422631091 ], [ -84.500042233110733, 33.71336742271334 ], [ -84.500029233590269, 33.713340422657318 ], [ -84.499717233420725, 33.712684422479533 ], [ -84.499135232914455, 33.711705422041959 ], [ -84.498929233050148, 33.711325421725306 ], [ -84.498707232393969, 33.71097042235845 ], [ -84.49856723265188, 33.71061642211162 ], [ -84.498300232688194, 33.709894422349578 ], [ -84.498168232443703, 33.709522421810547 ], [ -84.497774232258422, 33.708008421107969 ], [ -84.49762023227261, 33.707360421819899 ], [ -84.497532232409071, 33.70641042100069 ], [ -84.497457232066012, 33.705382421155917 ], [ -84.497479231807333, 33.704734420738625 ], [ -84.497495232599164, 33.704534420831202 ], [ -84.497551232675647, 33.703803420735426 ], [ -84.497639231640875, 33.702968420344838 ], [ -84.497695231717401, 33.702600420182421 ], [ -84.49790823215271, 33.701709419478362 ], [ -84.498086231529641, 33.701115420102695 ], [ -84.498300231789869, 33.700468419590919 ], [ -84.499053232898703, 33.69830041900326 ], [ -84.499240232496447, 33.697760419443298 ], [ -84.499365232169907, 33.697400418598519 ], [ -84.4994352324901, 33.697120419057704 ], [ -84.499591232125724, 33.696591418846886 ], [ -84.499631232308701, 33.696454419008717 ], [ -84.499762231829948, 33.695748418506973 ], [ -84.499774232423832, 33.695666418125604 ], [ -84.499861232462464, 33.695065418675071 ], [ -84.499894232972736, 33.694779418851965 ], [ -84.499922232561829, 33.694237418776289 ], [ -84.499924232211654, 33.694158418543182 ], [ -84.499936231907228, 33.693697418345927 ], [ -84.499948232501097, 33.6936734189456 ], [ -84.499965232219537, 33.6916824185084 ], [ -84.49995823164852, 33.691665417476422 ], [ -84.499931232782671, 33.690868417639855 ], [ -84.499938231557053, 33.690315418216166 ], [ -84.499928232409616, 33.690119417944764 ], [ -84.500158231665083, 33.690117417787157 ], [ -84.500835231707583, 33.690116417708332 ], [ -84.501277232471764, 33.690132417473201 ], [ -84.501839232886567, 33.690146417078203 ], [ -84.502702233600232, 33.690149417313599 ], [ -84.503196232446342, 33.690133417551841 ], [ -84.504561233300336, 33.690168417307092 ], [ -84.504987233272672, 33.69017041746352 ], [ -84.505676233909085, 33.690210417592475 ], [ -84.505983233157437, 33.690228417494914 ], [ -84.506134234566801, 33.690205417203657 ], [ -84.506245233996566, 33.690191417608254 ], [ -84.507348234011431, 33.690047416726053 ], [ -84.507699233640722, 33.690034417184769 ], [ -84.508050234168294, 33.690049416885294 ], [ -84.508374234931722, 33.690091417228828 ], [ -84.508411234741644, 33.690096417624282 ], [ -84.51143923547717, 33.690617416874581 ], [ -84.51194623564038, 33.690690416940477 ], [ -84.513041235259323, 33.690797417119548 ], [ -84.513439235642579, 33.690862417219179 ], [ -84.5137082361544, 33.690927417269592 ], [ -84.513980236140966, 33.691012417146446 ], [ -84.514231236211145, 33.691110417067115 ], [ -84.514482235382985, 33.691226417317012 ], [ -84.514527236487154, 33.69125141746629 ], [ -84.515853236983105, 33.692008417467143 ], [ -84.517487236552299, 33.692939417481476 ], [ -84.517966237126416, 33.693190417444228 ], [ -84.518065237758918, 33.693236417917689 ], [ -84.518069237956894, 33.693345417251614 ], [ -84.518009237682435, 33.693724417850071 ], [ -84.517941237012039, 33.694000417859201 ], [ -84.517853238046811, 33.694462417954036 ], [ -84.517743237543655, 33.695117417521452 ], [ -84.517718237429293, 33.695435418262065 ], [ -84.517683237269182, 33.695767418009936 ], [ -84.517705237010503, 33.696176417896524 ], [ -84.517763237635123, 33.696461419043935 ], [ -84.517827237209232, 33.696808418580005 ], [ -84.517922237643788, 33.697253418598358 ], [ -84.51822923779045, 33.698530417909787 ], [ -84.518325237151601, 33.698999418139408 ], [ -84.518355238187141, 33.699220418408665 ], [ -84.518390237448926, 33.699606419030438 ], [ -84.51838523742606, 33.700720419189054 ] ] ] ] } },
{ "type": "Feature", "properties": { "STATEFP": "13", "COUNTYFP": "089", "TRACTCE": "023505", "GEOID": "13089023505", "GEOIDFQ": "1400000US13089023505", "NAME": "235.05", "NAMELSAD": "Census Tract 235.05", "MTFCC": "G5020", "FUNCSTAT": "S", "ALAND": 2178776.0, "AWATER": 0.0, "INTPTLAT": "+33.7240010", "INTPTLON": "-084.2588569", "OBJECTID": 728, "CensusTract": "13089023505", "State": "Georgia", "County": "DeKalb County", "Urban": 1, "Pop2010": 2761, "OHU2010": 994, "GroupQuartersFlag": 0, "NUMGQTRS": 8, "PCTGQTRS": 0.289750091, "LILATracts_1And10": 1, "LILATracts_halfAnd10": 1, "LILATracts_1And20": 1, "LILATracts_Vehicle": 1, "Shape_Length": 7510.7573984983901, "Shape_Area": 3157766.4884627894 }, "geometry": { "type": "MultiPolygon", "coordinates": [ [ [ [ -84.267090166808558, 33.731671435339926 ], [ -84.266046167243246, 33.731644435064148 ], [ -84.263711165545431, 33.731595435454963 ], [ -84.263447165954801, 33.731589434891035 ], [ -84.262120165633945, 33.731546435070754 ], [ -84.260697165053628, 33.731516435218083 ], [ -84.259202165401589, 33.731523435383906 ], [ -84.257346164277919, 33.731503435976009 ], [ -84.256291163943629, 33.731493435523213 ], [ -84.255488163504396, 33.731485435757826 ], [ -84.254896162952392, 33.73148043553055 ], [ -84.254264163115721, 33.731475435302926 ], [ -84.253182163017257, 33.731476435647316 ], [ -84.252161163018144, 33.731453435194616 ], [ -84.2521641633912, 33.731031435896071 ], [ -84.252176162188448, 33.730033435355743 ], [ -84.252139162378526, 33.729306434910512 ], [ -84.252044162842282, 33.728771434948698 ], [ -84.251927162666419, 33.728312434511537 ], [ -84.251718161530732, 33.727613434877185 ], [ -84.251454161940075, 33.726786435349439 ], [ -84.251385162343112, 33.726509434942933 ], [ -84.25134716180996, 33.726292434790217 ], [ -84.251324162243733, 33.72599943447787 ], [ -84.251357161855708, 33.725363434741112 ], [ -84.251418161955073, 33.724872434726841 ], [ -84.251436162396743, 33.724516434163618 ], [ -84.251432162198782, 33.723711433790108 ], [ -84.251425161627779, 33.723327434045778 ], [ -84.251443162069421, 33.72296643307552 ], [ -84.251541162877047, 33.722541433286509 ], [ -84.251688162291813, 33.721972433217495 ], [ -84.25171116185804, 33.721870433803105 ], [ -84.252198161929755, 33.719882433805999 ], [ -84.252302161686828, 33.718956433098484 ], [ -84.252378162753132, 33.718283432989864 ], [ -84.252447161451784, 33.716728431843443 ], [ -84.252445161801973, 33.71623943205001 ], [ -84.254890163104605, 33.716458432503579 ], [ -84.256141163257467, 33.716479432200359 ], [ -84.256586163496394, 33.716485432326309 ], [ -84.25701816331653, 33.716477431909205 ], [ -84.257340163531822, 33.716459432275762 ], [ -84.257650163153215, 33.716432431697577 ], [ -84.258061163056936, 33.716396431660769 ], [ -84.258664163479636, 33.716324432288978 ], [ -84.259303164785607, 33.716236432725722 ], [ -84.259939163921928, 33.716136432025749 ], [ -84.260676164238916, 33.716002432055831 ], [ -84.263636165202371, 33.715385431871482 ], [ -84.264310165770155, 33.715256431902304 ], [ -84.264338165359248, 33.715380431453468 ], [ -84.264372165694425, 33.715502431258869 ], [ -84.264428165770937, 33.715702431777608 ], [ -84.264433164895479, 33.715807431882148 ], [ -84.264340165009074, 33.715861431928616 ], [ -84.264319165092672, 33.715979431939566 ], [ -84.264432165070573, 33.716099432088392 ], [ -84.26445416481188, 33.716191431640546 ], [ -84.264446165314283, 33.716462432339434 ], [ -84.264402164933358, 33.71679543203517 ], [ -84.264376164994076, 33.716959431982865 ], [ -84.264515164911259, 33.717040431700219 ], [ -84.264560165117103, 33.717092432188764 ], [ -84.264588164706183, 33.717170432488977 ], [ -84.264570165162837, 33.717247432208104 ], [ -84.264574165360798, 33.717349431884955 ], [ -84.264660165574526, 33.717560432179802 ], [ -84.264956165850535, 33.717906432656441 ], [ -84.265080165699104, 33.718020432335287 ], [ -84.265336165792135, 33.718255432486878 ], [ -84.265449165770036, 33.718347431970408 ], [ -84.265623165847316, 33.718415432142521 ], [ -84.265783165680872, 33.718457432815292 ], [ -84.265950166085446, 33.718525432153079 ], [ -84.265993165743168, 33.718616431600218 ], [ -84.265991166093343, 33.718673432855127 ], [ -84.265958165583058, 33.718756431940704 ], [ -84.265877165392212, 33.71887043198528 ], [ -84.265843165955332, 33.718991432319214 ], [ -84.265860165673772, 33.719171432142289 ], [ -84.265925165971097, 33.719310432585935 ], [ -84.266027166078345, 33.719479432392085 ], [ -84.266039165773918, 33.719589432533738 ], [ -84.265897165483679, 33.719707432651305 ], [ -84.265848165978213, 33.719796432873245 ], [ -84.265848165978213, 33.72003343285477 ], [ -84.265913166275539, 33.720157432231304 ], [ -84.265909166077577, 33.720194433408537 ], [ -84.26590216550656, 33.720259432186729 ], [ -84.265846166328387, 33.720322432955733 ], [ -84.26571316625899, 33.720415432191821 ], [ -84.265675166624149, 33.720515432390826 ], [ -84.265445166470386, 33.721109432830644 ], [ -84.265391166043727, 33.721367432918676 ], [ -84.265417165982981, 33.721509432682652 ], [ -84.265475165709304, 33.721613433444659 ], [ -84.265457166165959, 33.721702432437731 ], [ -84.265393165693538, 33.721783432910243 ], [ -84.265377165800004, 33.721803433088986 ], [ -84.265188166552448, 33.721966433475025 ], [ -84.265183165631257, 33.722113433021455 ], [ -84.265207165920685, 33.722332433434183 ], [ -84.265203165722738, 33.722447432915395 ], [ -84.265137165600507, 33.722593433431712 ], [ -84.265145165996415, 33.723328433737976 ], [ -84.265125165904934, 33.723462433480421 ], [ -84.265185166179393, 33.723515433504801 ], [ -84.265212166841891, 33.723526433830003 ], [ -84.265336165792135, 33.723576433252752 ], [ -84.265451165419861, 33.72360443351451 ], [ -84.265548165504242, 33.723670433134664 ], [ -84.265601166106009, 33.723716433722934 ], [ -84.265621166197477, 33.723788432872453 ], [ -84.265619166547665, 33.72385243372613 ], [ -84.265640166464067, 33.723923433076365 ], [ -84.265766165962432, 33.724073433552036 ], [ -84.265810166343371, 33.724145433896418 ], [ -84.265835166457734, 33.724227433986812 ], [ -84.266056166390669, 33.724943433980492 ], [ -84.266081166505032, 33.725026433728033 ], [ -84.266061166413522, 33.725167434492484 ], [ -84.266005166337038, 33.725262433795926 ], [ -84.265800166297637, 33.725405433508683 ], [ -84.265658166905737, 33.725524433516462 ], [ -84.265594166433303, 33.725618433506398 ], [ -84.265598166631264, 33.725740433705433 ], [ -84.265595166258223, 33.726549434587547 ], [ -84.265660166555548, 33.726688434290963 ], [ -84.265756166815009, 33.726793433659694 ], [ -84.265831166259773, 33.72684643386863 ], [ -84.265833166807909, 33.726886434103307 ], [ -84.26583616718095, 33.726942434699382 ], [ -84.265757166639929, 33.727024433611788 ], [ -84.265747166594167, 33.727088434293904 ], [ -84.265751166792128, 33.727197434003209 ], [ -84.265815166366238, 33.727352434454978 ], [ -84.265879165940348, 33.727533434319717 ], [ -84.265877166290522, 33.727610433708954 ], [ -84.265860166572082, 33.728351434429264 ], [ -84.265892167257448, 33.72906343439027 ], [ -84.266007166885174, 33.729534435215655 ], [ -84.266094166025496, 33.729690434800155 ], [ -84.266267166277856, 33.729829435393064 ], [ -84.266317166506568, 33.729939434971733 ], [ -84.266330166925357, 33.730003434974137 ], [ -84.266325166004194, 33.730031434633318 ], [ -84.266293166217139, 33.730204434192714 ], [ -84.26631016683389, 33.730391435414354 ], [ -84.266376166956121, 33.730501435019725 ], [ -84.266479166888274, 33.730632434454066 ], [ -84.266791167057832, 33.73096643481589 ], [ -84.267065166694209, 33.731293434440772 ], [ -84.267106166702078, 33.731448435712522 ], [ -84.267090166808558, 33.731671435339926 ] ] ] ] } },
{ "type": "Feature", "properties": { "STATEFP": "13", "COUNTYFP": "089", "TRACTCE": "023506", "GEOID": "13089023506", "GEOIDFQ": "1400000US13089023506", "NAME": "235.06", "NAMELSAD": "Census Tract 235.06", "MTFCC": "G5020", "FUNCSTAT": "S", "ALAND": 5360667.0, "AWATER": 3527.0, "INTPTLAT": "+33.7261788", "INTPTLON": "-084.2416010", "OBJECTID": 729, "CensusTract": "13089023506", "State": "Georgia", "County": "DeKalb County", "Urban": 1, "Pop2010": 5910, "OHU2010": 2096, "GroupQuartersFlag": 0, "NUMGQTRS": 224, "PCTGQTRS": 3.790186125, "LILATracts_1And10": 1, "LILATracts_halfAnd10": 1, "LILATracts_1And20": 1, "LILATracts_Vehicle": 1, "Shape_Length": 11421.508389220075, "Shape_Area": 7774975.6757192779 }, "geometry": { "type": "MultiPolygon", "coordinates": [ [ [ [ -84.252447161451784, 33.716728431843443 ], [ -84.252378162753132, 33.718283432989864 ], [ -84.252302161686828, 33.718956433098484 ], [ -84.252198161929755, 33.719882433805999 ], [ -84.25171116185804, 33.721870433803105 ], [ -84.251688162291813, 33.721972433217495 ], [ -84.251541162877047, 33.722541433286509 ], [ -84.251443162069421, 33.72296643307552 ], [ -84.251425161627779, 33.723327434045778 ], [ -84.251432162198782, 33.723711433790108 ], [ -84.251436162396743, 33.724516434163618 ], [ -84.251418161955073, 33.724872434726841 ], [ -84.251357161855708, 33.725363434741112 ], [ -84.251324162243733, 33.72599943447787 ], [ -84.25134716180996, 33.726292434790217 ], [ -84.251385162343112, 33.726509434942933 ], [ -84.251454161940075, 33.726786435349439 ], [ -84.251718161530732, 33.727613434877185 ], [ -84.251927162666419, 33.728312434511537 ], [ -84.252044162842282, 33.728771434948698 ], [ -84.252139162378526, 33.729306434910512 ], [ -84.252176162188448, 33.730033435355743 ], [ -84.2521641633912, 33.731031435896071 ], [ -84.252161163018144, 33.731453435194616 ], [ -84.25213316253074, 33.732010436336815 ], [ -84.252095162895912, 33.733218435875365 ], [ -84.252036162446373, 33.734746436320478 ], [ -84.252007163032374, 33.736293436695952 ], [ -84.252007163032374, 33.737552437709198 ], [ -84.251995162438476, 33.737940437629895 ], [ -84.250357162671321, 33.737904436902454 ], [ -84.249746162751038, 33.737893436926214 ], [ -84.246151161577856, 33.737827437038945 ], [ -84.245686161247448, 33.73781743732323 ], [ -84.244999161159186, 33.737784437356737 ], [ -84.243827160649019, 33.737750437106321 ], [ -84.24242916018305, 33.73768743792494 ], [ -84.242018160279329, 33.737668437984915 ], [ -84.237159158534482, 33.737458437344969 ], [ -84.236018158884775, 33.737424437712342 ], [ -84.23565615848652, 33.737413437674547 ], [ -84.234269157891205, 33.737360437268798 ], [ -84.232937156649172, 33.73730343721877 ], [ -84.232277157223422, 33.737282437387378 ], [ -84.23142115708076, 33.737252438046212 ], [ -84.230875156559492, 33.737234437539996 ], [ -84.230633156710155, 33.737226437562825 ], [ -84.230127157270175, 33.737215437499643 ], [ -84.229721156490996, 33.737184437110166 ], [ -84.228954156036778, 33.737136437955002 ], [ -84.227993156312152, 33.737112437993872 ], [ -84.227928156014812, 33.737110437436506 ], [ -84.227608156347685, 33.737103438473596 ], [ -84.227234156253871, 33.737094437458282 ], [ -84.227237155728602, 33.737078438224124 ], [ -84.227222156558298, 33.73684543787968 ], [ -84.227253155622122, 33.736430437225017 ], [ -84.227205155043237, 33.736068438040675 ], [ -84.227209155241198, 33.735947437875723 ], [ -84.227336156361119, 33.735729437388628 ], [ -84.227364155051887, 33.735610437337897 ], [ -84.227347155333447, 33.735369436591512 ], [ -84.227075155346895, 33.734891437274307 ], [ -84.226803155360329, 33.734394436870168 ], [ -84.22676015480431, 33.734106436653228 ], [ -84.226744155809101, 33.733991437105836 ], [ -84.226765155725502, 33.732959436718907 ], [ -84.226820155078755, 33.732564436603774 ], [ -84.227139155819316, 33.731959436259203 ], [ -84.227361154678846, 33.731413436341519 ], [ -84.227378156193907, 33.731290437136671 ], [ -84.227424155326347, 33.730953436237527 ], [ -84.227520155585822, 33.730564436489232 ], [ -84.227661155152816, 33.730276436864692 ], [ -84.22771915577745, 33.729904436479472 ], [ -84.227745155716718, 33.729732435932888 ], [ -84.227767155458025, 33.729050435523661 ], [ -84.227806155816097, 33.728941435926522 ], [ -84.228141155551839, 33.728236435387174 ], [ -84.228429156330236, 33.72749143509926 ], [ -84.228499155752118, 33.727267435422803 ], [ -84.228662155958745, 33.726769435288212 ], [ -84.228757155494975, 33.726030435172767 ], [ -84.2288071557237, 33.725639434698174 ], [ -84.228836156036024, 33.725468434983689 ], [ -84.228861155252062, 33.725325434628743 ], [ -84.228866155274929, 33.725299435014108 ], [ -84.228921155526507, 33.72519443531187 ], [ -84.229032155854583, 33.724982434682019 ], [ -84.22937315543814, 33.724624434473718 ], [ -84.22949915583483, 33.724446434983129 ], [ -84.229509155880564, 33.724356434671996 ], [ -84.229490155614002, 33.723232434842096 ], [ -84.229423155666851, 33.723014434927066 ], [ -84.22937315543814, 33.722509434618402 ], [ -84.229287156122723, 33.72229143436153 ], [ -84.229173156319902, 33.722091434249009 ], [ -84.229028155656636, 33.721746434659458 ], [ -84.228964155184229, 33.721446434279102 ], [ -84.228869155647985, 33.721146434344668 ], [ -84.228873155845946, 33.720927433894914 ], [ -84.228991155846714, 33.720646433618484 ], [ -84.229091155405825, 33.72053743380873 ], [ -84.229169156121955, 33.720332434710244 ], [ -84.229141155634537, 33.720223433754597 ], [ -84.229016155961077, 33.719964433485686 ], [ -84.228831155114833, 33.719500433591591 ], [ -84.228785155084083, 33.719386433636402 ], [ -84.228576154846706, 33.719159434507006 ], [ -84.228557155478441, 33.718877433929727 ], [ -84.228644155517074, 33.718545433838031 ], [ -84.228656155212633, 33.718465433795053 ], [ -84.228723155159784, 33.718266433486143 ], [ -84.228718155136932, 33.7176854333918 ], [ -84.228771154840388, 33.717134432761554 ], [ -84.229010155214979, 33.716809433273106 ], [ -84.229428154791393, 33.716497433324122 ], [ -84.22976915527326, 33.716334433762036 ], [ -84.230082155267709, 33.716301433006201 ], [ -84.230378155543718, 33.716428433354714 ], [ -84.230563155491652, 33.71663343280899 ], [ -84.230827155980606, 33.717010433501933 ], [ -84.231023155799164, 33.717255433300615 ], [ -84.231211156120153, 33.717390433317902 ], [ -84.231438155900875, 33.717425433924262 ], [ -84.231666156404813, 33.717410433025677 ], [ -84.231970156178434, 33.717286433417456 ], [ -84.232579156448892, 33.71701943288781 ], [ -84.232763155673595, 33.716883432519872 ], [ -84.232916156732784, 33.716605433262323 ], [ -84.233087156437009, 33.716509433573016 ], [ -84.23323615639994, 33.716362432649845 ], [ -84.233672156418024, 33.71586043289664 ], [ -84.233796156266578, 33.715733432455188 ], [ -84.233990156435326, 33.715677432765659 ], [ -84.234765157285452, 33.715639432848846 ], [ -84.23493515716477, 33.715603432479483 ], [ -84.235142156853996, 33.715507433164241 ], [ -84.235832157315301, 33.714931432030106 ], [ -84.236063157293984, 33.714856432057324 ], [ -84.23660415689406, 33.714818432524339 ], [ -84.236691156932707, 33.714729433119714 ], [ -84.236717157770286, 33.714650433050352 ], [ -84.236890157124336, 33.714379432610158 ], [ -84.236966157292329, 33.714261432641948 ], [ -84.23720015764404, 33.714292432345317 ], [ -84.238911158104457, 33.714531432165508 ], [ -84.238938157868645, 33.714535432838439 ], [ -84.240407157581402, 33.71470743245505 ], [ -84.240642157758046, 33.714740432329059 ], [ -84.240802158489927, 33.714762432238039 ], [ -84.24104415833925, 33.714800432543043 ], [ -84.243045159227904, 33.715051432149167 ], [ -84.243124158870614, 33.715060432487569 ], [ -84.24320615888638, 33.715066432712675 ], [ -84.243420159146623, 33.715081432526333 ], [ -84.243894159697874, 33.715144432611751 ], [ -84.248086160547629, 33.715704432834045 ], [ -84.252445161801973, 33.71623943205001 ], [ -84.252447161451784, 33.716728431843443 ] ] ] ] } },
{ "type": "Feature", "properties": { "STATEFP": "13", "COUNTYFP": "135", "TRACTCE": "050520", "GEOID": "13135050520", "GEOIDFQ": "1400000US13135050520", "NAME": "505.20", "NAMELSAD": "Census Tract 505.20", "MTFCC": "G5020", "FUNCSTAT": "S", "ALAND": 5578961.0, "AWATER": 13684.0, "INTPTLAT": "+33.9515910", "INTPTLON": "-084.0055630", "OBJECTID": 1223, "CensusTract": "13135050520", "State": "Georgia", "County": "Gwinnett County", "Urban": 1, "Pop2010": 4737, "OHU2010": 1930, "GroupQuartersFlag": 0, "NUMGQTRS": 7, "PCTGQTRS": 0.147772852, "LILATracts_1And10": 1, "LILATracts_halfAnd10": 1, "LILATracts_1And20": 1, "LILATracts_Vehicle": 1, "Shape_Length": 16040.149071100672, "Shape_Area": 8149329.4151681662 }, "geometry": { "type": "MultiPolygon", "coordinates": [ [ [ [ -84.029558109200579, 33.938794487999004 ], [ -84.029146108573613, 33.939173488442997 ], [ -84.028621108867043, 33.939597488625417 ], [ -84.028310108522419, 33.93984148920039 ], [ -84.026305108334157, 33.941232488764165 ], [ -84.025580107712742, 33.941741489118122 ], [ -84.024462108527587, 33.942527489094978 ], [ -84.023896107914823, 33.942932489151275 ], [ -84.023672107608846, 33.943088489486961 ], [ -84.023014107832907, 33.943577489403246 ], [ -84.022128106654691, 33.944188489796431 ], [ -84.021458107183179, 33.944682489793742 ], [ -84.020936106951368, 33.945124490106728 ], [ -84.02055210681182, 33.945470490345173 ], [ -84.020111106770841, 33.9458794901076 ], [ -84.01991810732531, 33.946074490065875 ], [ -84.019434106728326, 33.946583490530955 ], [ -84.019179107358511, 33.946897490326123 ], [ -84.018436107193764, 33.947845490516073 ], [ -84.018307106424018, 33.948010491227144 ], [ -84.018292106355403, 33.948029490656182 ], [ -84.018037106087277, 33.948455490782464 ], [ -84.01757210665518, 33.949156490659171 ], [ -84.017251106264808, 33.949641490621751 ], [ -84.017153105457211, 33.949789490364161 ], [ -84.017040106377621, 33.949960491186062 ], [ -84.016897106262476, 33.950223490803374 ], [ -84.016234106463671, 33.951238491194331 ], [ -84.015772105607994, 33.951946492009128 ], [ -84.015310105650627, 33.952630492291782 ], [ -84.015266105269689, 33.952696491139271 ], [ -84.015213105566261, 33.952762491425858 ], [ -84.015016105922754, 33.953001492317576 ], [ -84.014752106332111, 33.953305491671316 ], [ -84.014200105963056, 33.953855492036574 ], [ -84.013788105336104, 33.954211492304289 ], [ -84.013337105249406, 33.954567491827738 ], [ -84.013139104882683, 33.954706492216921 ], [ -84.013077104958413, 33.954749492398555 ], [ -84.012751105443485, 33.954952492633304 ], [ -84.012166104564159, 33.955290491960604 ], [ -84.011835105026378, 33.955459492983593 ], [ -84.011461104932565, 33.955650492765741 ], [ -84.010865105080882, 33.955935492447068 ], [ -84.009834105036035, 33.956471492919412 ], [ -84.008912103872831, 33.956950492512682 ], [ -84.006933103623808, 33.95794249247335 ], [ -84.004952102826664, 33.959001493372277 ], [ -84.004618102915813, 33.959172493564679 ], [ -84.003739102308614, 33.959623493830769 ], [ -84.003977102858315, 33.959845494129397 ], [ -84.004587102953678, 33.960413494431144 ], [ -84.005031103367685, 33.960879494029435 ], [ -84.005539103355801, 33.961342493634845 ], [ -84.005704103212253, 33.961524494614686 ], [ -84.006272103474828, 33.962149494155085 ], [ -84.006765103394315, 33.962827494382715 ], [ -84.00695310371529, 33.96308249474793 ], [ -84.007260104760277, 33.963452494780448 ], [ -84.00851010508822, 33.965251495068166 ], [ -84.007842104368237, 33.965578494704388 ], [ -84.007796104337487, 33.965600494951474 ], [ -84.006836103539428, 33.966547494808296 ], [ -84.006286104616834, 33.967106494409336 ], [ -84.005995104363706, 33.967331495504084 ], [ -84.005855103723306, 33.967440494595266 ], [ -84.005442104169745, 33.967668495748953 ], [ -84.00531210447339, 33.967708495888289 ], [ -84.005215104389023, 33.967739495424631 ], [ -84.005091103642144, 33.967777495153207 ], [ -84.004980104212393, 33.967812495417625 ], [ -84.004772103799922, 33.967876495523186 ], [ -84.004639103730526, 33.96791749537929 ], [ -84.004026104160431, 33.968029495394227 ], [ -84.002875103566666, 33.968165495214016 ], [ -84.002627102971232, 33.968194495706229 ], [ -84.002129103028849, 33.968253495726593 ], [ -84.001718103125128, 33.968305495546417 ], [ -84.001009102397248, 33.968394494977979 ], [ -84.000058102718327, 33.968498495903454 ], [ -83.999769102115025, 33.968561495685897 ], [ -83.999397102569361, 33.968566496210599 ], [ -83.999180101936062, 33.968561495685897 ], [ -83.998958101279896, 33.968555495353861 ], [ -83.998251101998463, 33.968537495845233 ], [ -83.997606101743003, 33.968522495755117 ], [ -83.997301101246151, 33.968557495712922 ], [ -83.996978101205968, 33.968606495927574 ], [ -83.996637100724129, 33.9686964955946 ], [ -83.996004101062539, 33.968892495963615 ], [ -83.995353100959292, 33.969158496061233 ], [ -83.994959100773983, 33.969289496573758 ], [ -83.994530100428591, 33.969525495605843 ], [ -83.994183100098937, 33.969770496588346 ], [ -83.993608101062009, 33.970249495798136 ], [ -83.993136100160584, 33.970688496570972 ], [ -83.992584099791529, 33.971144496496336 ], [ -83.991934100411498, 33.971715496645473 ], [ -83.991512099738799, 33.972170497258965 ], [ -83.991269100064557, 33.972333496716132 ], [ -83.99065009974835, 33.972627496446108 ], [ -83.989585099368327, 33.973122497222256 ], [ -83.988792099873166, 33.97355449759003 ], [ -83.987176098948993, 33.974303497197617 ], [ -83.986808098702966, 33.974456498169793 ], [ -83.986759099197485, 33.9741524969225 ], [ -83.986657098191912, 33.973685497290305 ], [ -83.986502098381209, 33.972822496937837 ], [ -83.986435099332382, 33.972313496246542 ], [ -83.986299098889944, 33.971693496490218 ], [ -83.98613009793722, 33.970919496549577 ], [ -83.985874097844174, 33.969783496128109 ], [ -83.98586009849879, 33.969743496219706 ], [ -83.985849098628137, 33.969682496155528 ], [ -83.985804098422307, 33.969136495989481 ], [ -83.985788098528772, 33.968643496207861 ], [ -83.985849098628137, 33.968043495758209 ], [ -83.985849098628137, 33.968016496331323 ], [ -83.985979098324478, 33.967042495959397 ], [ -83.986003098613935, 33.966792496174605 ], [ -83.986031098203028, 33.966404495065213 ], [ -83.985937097593364, 33.964984495567535 ], [ -83.985763097516099, 33.963632495241313 ], [ -83.985695098642367, 33.962687494719127 ], [ -83.985693098094231, 33.962264495447926 ], [ -83.985662097233757, 33.961721495007112 ], [ -83.985645097515331, 33.960742494581936 ], [ -83.98563009744673, 33.95938149465762 ], [ -83.985633097819772, 33.959075494077275 ], [ -83.985891097562615, 33.958989494339335 ], [ -83.986286097572844, 33.957786493285035 ], [ -83.986641097400081, 33.957442493815691 ], [ -83.986867097355884, 33.957411494252199 ], [ -83.986804098505004, 33.95647249361361 ], [ -83.988346098911023, 33.956355493531696 ], [ -83.989567098926656, 33.956258493812996 ], [ -83.991135099271943, 33.956165493794586 ], [ -83.99159609940439, 33.956134493020684 ], [ -83.992575099570701, 33.956026493553438 ], [ -83.993531100170784, 33.955888493786333 ], [ -83.993761099426237, 33.955819493073676 ], [ -83.993973100036655, 33.955744493304735 ], [ -83.994315099445117, 33.955548493189013 ], [ -83.995401100639867, 33.954663493503844 ], [ -83.99621210057667, 33.953763493098258 ], [ -83.99627510032586, 33.953694492152685 ], [ -83.996557101256485, 33.953363492346256 ], [ -83.996855100284009, 33.953046491849221 ], [ -83.997821100929841, 33.952013492133695 ], [ -83.99843310067503, 33.951437492320551 ], [ -83.998869100693113, 33.951039491838287 ], [ -83.999583100545564, 33.950530491195799 ], [ -84.00083110122371, 33.949800491412226 ], [ -84.001084100943686, 33.949634491161255 ], [ -84.002257101278744, 33.94896749202416 ], [ -84.003353102519242, 33.948355491612581 ], [ -84.004426102396891, 33.947766490965648 ], [ -84.005582103013509, 33.947090490814389 ], [ -84.00596510242984, 33.946888490516628 ], [ -84.007338103679771, 33.946228490466233 ], [ -84.007632103407644, 33.946087490245965 ], [ -84.008202103320031, 33.945746490655594 ], [ -84.009263103502093, 33.945044490183086 ], [ -84.01005910337031, 33.944485489447551 ], [ -84.010442104583262, 33.944205490637479 ], [ -84.0106421037015, 33.944075489599335 ], [ -84.010881104076091, 33.943876490635141 ], [ -84.011296104177788, 33.943539490043818 ], [ -84.011798104318117, 33.943102489484012 ], [ -84.011990103938757, 33.942936489583822 ], [ -84.012383104299133, 33.942576489397432 ], [ -84.012789104180001, 33.942241489854176 ], [ -84.013217104700487, 33.941888489807695 ], [ -84.013426104937864, 33.941715488919009 ], [ -84.013939104948861, 33.941291488851313 ], [ -84.01410610535342, 33.941153489038165 ], [ -84.014320105613663, 33.94097248933295 ], [ -84.015046104263362, 33.940358489290176 ], [ -84.015216105040992, 33.940246489365563 ], [ -84.015375105947953, 33.940141488790111 ], [ -84.015856105273571, 33.939899489362482 ], [ -84.016217104948609, 33.939718489227047 ], [ -84.016412104942276, 33.939621489177235 ], [ -84.017054104824695, 33.93929948816578 ], [ -84.017143105411478, 33.93925548896992 ], [ -84.017193105640175, 33.939230488908514 ], [ -84.017411105200068, 33.939121487958893 ], [ -84.017697106328654, 33.938978489072248 ], [ -84.018781106076929, 33.938435489090196 ], [ -84.019175106262239, 33.938326488613306 ], [ -84.019675105854432, 33.938229488468096 ], [ -84.020150107128913, 33.938192488375954 ], [ -84.020729106363831, 33.938216488578547 ], [ -84.021365106398434, 33.93828148875177 ], [ -84.021802107139763, 33.938311488413689 ], [ -84.022346107112895, 33.938314488900971 ], [ -84.023259107156974, 33.938311488413689 ], [ -84.023546108110452, 33.93830948808872 ], [ -84.023766107320171, 33.93830948808872 ], [ -84.024113107649811, 33.938287488237826 ], [ -84.024340107430532, 33.938279488426147 ], [ -84.025459108237229, 33.938241488937699 ], [ -84.026039108195377, 33.938245488100158 ], [ -84.027313107914466, 33.938330488517003 ], [ -84.027685108358455, 33.9383554880974 ], [ -84.027839108344239, 33.938370488289259 ], [ -84.02885310867066, 33.938470488010324 ], [ -84.029769109087766, 33.938560488255064 ], [ -84.029558109200579, 33.938794487999004 ] ] ] ] } },
{ "type": "Feature", "properties": { "STATEFP": "13", "COUNTYFP": "135", "TRACTCE": "050521", "GEOID": "13135050521", "GEOIDFQ": "1400000US13135050521", "NAME": "505.21", "NAMELSAD": "Census Tract 505.21", "MTFCC": "G5020", "FUNCSTAT": "S", "ALAND": 5563720.0, "AWATER": 10387.0, "INTPTLAT": "+33.9427489", "INTPTLON": "-084.0019305", "OBJECTID": 1224, "CensusTract": "13135050521", "State": "Georgia", "County": "Gwinnett County", "Urban": 1, "Pop2010": 5182, "OHU2010": 1743, "GroupQuartersFlag": 0, "NUMGQTRS": 114, "PCTGQTRS": 2.19992281, "LILATracts_1And10": 1, "LILATracts_halfAnd10": 1, "LILATracts_1And20": 1, "LILATracts_Vehicle": 0, "Shape_Length": 13307.378796948549, "Shape_Area": 8119448.4035839504 }, "geometry": { "type": "MultiPolygon", "coordinates": [ [ [ [ -84.018781106076929, 33.938435489090196 ], [ -84.017697106328654, 33.938978489072248 ], [ -84.017411105200068, 33.939121487958893 ], [ -84.017193105640175, 33.939230488908514 ], [ -84.017143105411478, 33.93925548896992 ], [ -84.017054104824695, 33.93929948816578 ], [ -84.016412104942276, 33.939621489177235 ], [ -84.016217104948609, 33.939718489227047 ], [ -84.015856105273571, 33.939899489362482 ], [ -84.015375105947953, 33.940141488790111 ], [ -84.015216105040992, 33.940246489365563 ], [ -84.015046104263362, 33.940358489290176 ], [ -84.014320105613663, 33.94097248933295 ], [ -84.01410610535342, 33.941153489038165 ], [ -84.013939104948861, 33.941291488851313 ], [ -84.013426104937864, 33.941715488919009 ], [ -84.013217104700487, 33.941888489807695 ], [ -84.012789104180001, 33.942241489854176 ], [ -84.012383104299133, 33.942576489397432 ], [ -84.011990103938757, 33.942936489583822 ], [ -84.011798104318117, 33.943102489484012 ], [ -84.011296104177788, 33.943539490043818 ], [ -84.010881104076091, 33.943876490635141 ], [ -84.0106421037015, 33.944075489599335 ], [ -84.010442104583262, 33.944205490637479 ], [ -84.01005910337031, 33.944485489447551 ], [ -84.009263103502093, 33.945044490183086 ], [ -84.008202103320031, 33.945746490655594 ], [ -84.007632103407644, 33.946087490245965 ], [ -84.007338103679771, 33.946228490466233 ], [ -84.00596510242984, 33.946888490516628 ], [ -84.005582103013509, 33.947090490814389 ], [ -84.004426102396891, 33.947766490965648 ], [ -84.003353102519242, 33.948355491612581 ], [ -84.002257101278744, 33.94896749202416 ], [ -84.001084100943686, 33.949634491161255 ], [ -84.00083110122371, 33.949800491412226 ], [ -83.999583100545564, 33.950530491195799 ], [ -83.998869100693113, 33.951039491838287 ], [ -83.99843310067503, 33.951437492320551 ], [ -83.997821100929841, 33.952013492133695 ], [ -83.996855100284009, 33.953046491849221 ], [ -83.996557101256485, 33.953363492346256 ], [ -83.99627510032586, 33.953694492152685 ], [ -83.99621210057667, 33.953763493098258 ], [ -83.995401100639867, 33.954663493503844 ], [ -83.994315099445117, 33.955548493189013 ], [ -83.993973100036655, 33.955744493304735 ], [ -83.993761099426237, 33.955819493073676 ], [ -83.993531100170784, 33.955888493786333 ], [ -83.992575099570701, 33.956026493553438 ], [ -83.99159609940439, 33.956134493020684 ], [ -83.991135099271943, 33.956165493794586 ], [ -83.989567098926656, 33.956258493812996 ], [ -83.988346098911023, 33.956355493531696 ], [ -83.986804098505004, 33.95647249361361 ], [ -83.986500097833087, 33.956488493542295 ], [ -83.986000097342568, 33.956497493081663 ], [ -83.9857340981021, 33.956512493802137 ], [ -83.985802097874171, 33.955580494135909 ], [ -83.985811098094985, 33.955214493251759 ], [ -83.98573909722667, 33.954971493493055 ], [ -83.985382097749607, 33.954530492875932 ], [ -83.984952097579296, 33.954187492885652 ], [ -83.984385097141626, 33.953765493805172 ], [ -83.983925096834085, 33.953399492565438 ], [ -83.983385097058928, 33.952952492800527 ], [ -83.981807096667907, 33.952065492939212 ], [ -83.981359096055925, 33.951827493148045 ], [ -83.981947096409982, 33.951246492768902 ], [ -83.982654095691416, 33.950569491923694 ], [ -83.982850096408313, 33.950381492721377 ], [ -83.982996095998175, 33.950257492306754 ], [ -83.984134097071461, 33.94916349239449 ], [ -83.985033096871831, 33.948331492032771 ], [ -83.985743096526321, 33.947616492070196 ], [ -83.985804097523996, 33.947565492325921 ], [ -83.986136096886682, 33.947287491838338 ], [ -83.986353097519995, 33.947083491144099 ], [ -83.987227097205988, 33.94626049119195 ], [ -83.987752097810855, 33.945757490735801 ], [ -83.989078097408495, 33.944509490857044 ], [ -83.989678097458111, 33.943951491175653 ], [ -83.989895098091409, 33.943738491286261 ], [ -83.990805097762419, 33.942879490854331 ], [ -83.99102909806841, 33.942678490362468 ], [ -83.991088098517949, 33.942630490975695 ], [ -83.991540098429581, 33.942162491064501 ], [ -83.991751098316769, 33.941925490529385 ], [ -83.99199309906443, 33.941626489897246 ], [ -83.992139098654278, 33.941425490173138 ], [ -83.992492098831704, 33.940861489603378 ], [ -83.992705098368731, 33.940529489682675 ], [ -83.992827098567474, 33.940268490200808 ], [ -83.993136098363948, 33.939426490087293 ], [ -83.993176098546925, 33.939277489315977 ], [ -83.993337099103726, 33.93868448931422 ], [ -83.993645099075295, 33.937695489708602 ], [ -83.993913098863899, 33.936868489200052 ], [ -83.993928098932514, 33.936801489078384 ], [ -83.993934098780286, 33.936772489065007 ], [ -83.994116099253475, 33.93619248895881 ], [ -83.994462098859884, 33.935143488694997 ], [ -83.995024098376362, 33.933381488327782 ], [ -83.995258098728101, 33.932663488816509 ], [ -83.99536209938347, 33.932323487861908 ], [ -83.995483099757308, 33.931934488094804 ], [ -83.995950099737527, 33.930535488141516 ], [ -83.996060099342415, 33.930140487601285 ], [ -83.996171098772166, 33.929747487245898 ], [ -83.996473098895962, 33.928827486990272 ], [ -83.99678209959076, 33.92790948705612 ], [ -83.996863098883296, 33.927624486705632 ], [ -83.998746099771168, 33.927560486885504 ], [ -83.99991709955809, 33.927529486873858 ], [ -84.000468100102225, 33.927518486674643 ], [ -84.000723100370337, 33.927602487075717 ], [ -84.000760100180273, 33.927629487400011 ], [ -84.000565100186606, 33.928055486745961 ], [ -84.000450100558865, 33.928373487419897 ], [ -84.000391100109312, 33.928619487168973 ], [ -84.000354100299404, 33.928881487598986 ], [ -84.00036109997211, 33.929068487054565 ], [ -84.000419099698405, 33.929276487270037 ], [ -84.000514101031285, 33.929451487133164 ], [ -84.000725100918473, 33.929714487503347 ], [ -84.00116310058641, 33.93003348820573 ], [ -84.001278100214137, 33.929918487333211 ], [ -84.001718100430182, 33.92951948734072 ], [ -84.001992100964898, 33.929337487233333 ], [ -84.002365101233792, 33.92910348684331 ], [ -84.002804100726593, 33.928862487623377 ], [ -84.003059100994733, 33.928724487045486 ], [ -84.003394100730489, 33.928550487456469 ], [ -84.003701100877151, 33.928377486300427 ], [ -84.004063101275406, 33.928201486185543 ], [ -84.004644101956771, 33.927951486328851 ], [ -84.005981101425036, 33.927609486856916 ], [ -84.0064071013974, 33.927529486873858 ], [ -84.007011101644977, 33.92735748691662 ], [ -84.007615102790879, 33.927172486527226 ], [ -84.00763410305747, 33.927164487162067 ], [ -84.008145102520302, 33.9269524858232 ], [ -84.008540102530517, 33.926711486480116 ], [ -84.008642102637765, 33.926649486572849 ], [ -84.00895710318035, 33.926343486826411 ], [ -84.009946102494098, 33.925426486523023 ], [ -84.010279102580029, 33.925118486220768 ], [ -84.010414103197547, 33.925315485908385 ], [ -84.010811103755898, 33.925848485961524 ], [ -84.011041103011351, 33.926218486126544 ], [ -84.011359103926978, 33.926729486637079 ], [ -84.011688103814947, 33.927131486418808 ], [ -84.012578103394489, 33.928425487014032 ], [ -84.01330510456404, 33.929606486562548 ], [ -84.013769104171232, 33.930368486589387 ], [ -84.013966104713035, 33.930693487099326 ], [ -84.014508104138002, 33.931402486866332 ], [ -84.014736104641969, 33.931678487318841 ], [ -84.015334105041759, 33.932594487162987 ], [ -84.015422104905312, 33.932654487502219 ], [ -84.015569105218418, 33.932845487033561 ], [ -84.016301104614186, 33.933918487207663 ], [ -84.016645104570784, 33.934429487730249 ], [ -84.017374105390147, 33.93551348872721 ], [ -84.017410105375149, 33.935566487883037 ], [ -84.017534106122028, 33.935759487975638 ], [ -84.017936105804935, 33.936384488192644 ], [ -84.018576105139218, 33.937381488762682 ], [ -84.018682106342737, 33.937545487972336 ], [ -84.019175106262239, 33.938326488613306 ], [ -84.018781106076929, 33.938435489090196 ] ] ] ] } },
{ "type": "Feature", "properties": { "STATEFP": "13", "COUNTYFP": "067", "TRACTCE": "031506", "GEOID": "13067031506", "GEOIDFQ": "1400000US13067031506", "NAME": "315.06", "NAMELSAD": "Census Tract 315.06", "MTFCC": "G5020", "FUNCSTAT": "S", "ALAND": 9308891.0, "AWATER": 14760.0, "INTPTLAT": "+33.8774058", "INTPTLON": "-084.6658300", "OBJECTID": 504, "CensusTract": "13067031506", "State": "Georgia", "County": "Cobb County", "Urban": 1, "Pop2010": 4814, "OHU2010": 1729, "GroupQuartersFlag": 0, "NUMGQTRS": 0, "PCTGQTRS": 0.0, "LILATracts_1And10": 1, "LILATracts_halfAnd10": 1, "LILATracts_1And20": 1, "LILATracts_Vehicle": 0, "Shape_Length": 17944.881998909623, "Shape_Area": 13560811.937765984 }, "geometry": { "type": "MultiPolygon", "coordinates": [ [ [ [ -84.676446292813708, 33.878034451288094 ], [ -84.676413293201747, 33.879994451387105 ], [ -84.67640729245565, 33.880362452035612 ], [ -84.676373293018784, 33.882348452037519 ], [ -84.676374292843676, 33.882478451812126 ], [ -84.676377293216731, 33.882872452454563 ], [ -84.676379293764882, 33.883059452187105 ], [ -84.676383293962829, 33.883575452238645 ], [ -84.676387293262479, 33.883939452137824 ], [ -84.67639029273721, 33.884269452482648 ], [ -84.676388293087385, 33.885486453027454 ], [ -84.676362294046427, 33.886415453092788 ], [ -84.676279293307445, 33.888841453914566 ], [ -84.67624829334531, 33.889841453002241 ], [ -84.676281293855595, 33.892628454308543 ], [ -84.676277293657606, 33.893309454693899 ], [ -84.676276293832714, 33.893441454803003 ], [ -84.676276293832714, 33.894860454630546 ], [ -84.676285294053542, 33.895274454690167 ], [ -84.67624829334531, 33.895891455080324 ], [ -84.676245293870579, 33.896251454978817 ], [ -84.676221293581122, 33.896611454848824 ], [ -84.676186294319336, 33.896931455611458 ], [ -84.676182294121375, 33.896977455594445 ], [ -84.676132293892678, 33.897199455195725 ], [ -84.676081293839047, 33.897374455323877 ], [ -84.676018294089857, 33.897547455302004 ], [ -84.675943293746784, 33.897716455355557 ], [ -84.675857294431381, 33.897881455508227 ], [ -84.675762293098501, 33.898042455783276 ], [ -84.675522293797286, 33.898334455858475 ], [ -84.675445293804401, 33.898414455663698 ], [ -84.675415293667172, 33.89844545508339 ], [ -84.675090293977163, 33.89873645538831 ], [ -84.674946293138817, 33.898870455059004 ], [ -84.674793293876249, 33.898998455994473 ], [ -84.674550294202007, 33.89917745566401 ], [ -84.674398292967723, 33.899305455393048 ], [ -84.674181293232735, 33.89950745596088 ], [ -84.674033293094737, 33.899637455682026 ], [ -84.673954293452027, 33.899699455857714 ], [ -84.673882293481995, 33.899766456081117 ], [ -84.673819293732805, 33.899840456077477 ], [ -84.673551293944215, 33.900231455969518 ], [ -84.673501292817164, 33.900311456231762 ], [ -84.673297293500994, 33.900720456632811 ], [ -84.673164293431597, 33.901024456232278 ], [ -84.672983293681639, 33.901441456485173 ], [ -84.672759292477323, 33.902060456674036 ], [ -84.67268529285748, 33.902226455717162 ], [ -84.672649292872492, 33.902419456039844 ], [ -84.672642293199772, 33.902520456050034 ], [ -84.672043292975061, 33.902447456726399 ], [ -84.671512292522422, 33.902391456835247 ], [ -84.671098293143956, 33.902404456227458 ], [ -84.670722292501992, 33.902378456695459 ], [ -84.67043229297208, 33.902358456935417 ], [ -84.669595292197684, 33.902367456231573 ], [ -84.668719292861866, 33.902350456731853 ], [ -84.667755291865845, 33.902307456183927 ], [ -84.667257291923463, 33.90229045667224 ], [ -84.667034291442405, 33.902232456251411 ], [ -84.66666929156942, 33.90226445635993 ], [ -84.666454291484257, 33.90225145620083 ], [ -84.665810291053702, 33.902189456389586 ], [ -84.665703290923588, 33.902173456695579 ], [ -84.665598291341595, 33.902151456458995 ], [ -84.664776291534125, 33.901929457075191 ], [ -84.664472290862193, 33.901834456181582 ], [ -84.664071291004205, 33.901700455949822 ], [ -84.663766291405665, 33.901608456581286 ], [ -84.662555290537455, 33.901191456399602 ], [ -84.661099289446852, 33.900711456417248 ], [ -84.660099290262465, 33.900368456605847 ], [ -84.65970628990209, 33.900218456246002 ], [ -84.65905828927356, 33.899952456191649 ], [ -84.658346288172638, 33.899668456893927 ], [ -84.658199288757856, 33.899620456383609 ], [ -84.656373288669727, 33.89886445652499 ], [ -84.656448288114476, 33.898727456454544 ], [ -84.656517287711438, 33.898592456675999 ], [ -84.656597288077393, 33.898389456291817 ], [ -84.656655287803702, 33.898205456275385 ], [ -84.656721288824272, 33.897887456348272 ], [ -84.65682728823117, 33.897086456038537 ], [ -84.656854287995344, 33.896920455190418 ], [ -84.656900288924405, 33.896437455300237 ], [ -84.656945288231938, 33.896113456017545 ], [ -84.656953288627861, 33.895981456315916 ], [ -84.65698228804186, 33.895697455722797 ], [ -84.657005288506383, 33.89551845545909 ], [ -84.657067288430682, 33.895277455947657 ], [ -84.657106287890414, 33.895184454945436 ], [ -84.657213288918854, 33.8950034559914 ], [ -84.657336288044206, 33.894852455960411 ], [ -84.657476288684592, 33.894714455480951 ], [ -84.657576288243689, 33.894624455145227 ], [ -84.657695288967716, 33.894527455198961 ], [ -84.657809288770508, 33.894445454866286 ], [ -84.657940288291769, 33.894292454725765 ], [ -84.658125289138027, 33.893986455112667 ], [ -84.658191288361934, 33.893786454767351 ], [ -84.658229287996761, 33.893591455153512 ], [ -84.658278288400581, 33.893174455286136 ], [ -84.658264289055182, 33.892565455003343 ], [ -84.658261288682141, 33.891560454467744 ], [ -84.658264289055182, 33.89145045445062 ], [ -84.658268288354819, 33.891304453937643 ], [ -84.6582732883777, 33.89109345433296 ], [ -84.658288287548004, 33.889832454621214 ], [ -84.658311288012541, 33.888999454117716 ], [ -84.65830728781458, 33.888812453982389 ], [ -84.658315288210503, 33.888684454163808 ], [ -84.658338288675026, 33.888344453713096 ], [ -84.658387288180535, 33.887970453889217 ], [ -84.658329287555873, 33.885571453132023 ], [ -84.65839828805116, 33.884754452763168 ], [ -84.65841628849283, 33.883563452272895 ], [ -84.658422288340617, 33.883113452711612 ], [ -84.658447287556669, 33.881063452932906 ], [ -84.658469287297962, 33.879327452132912 ], [ -84.658477287693884, 33.878674451536924 ], [ -84.658493287587419, 33.878239451138654 ], [ -84.658492287762513, 33.877494451889376 ], [ -84.658521287176512, 33.877216451703532 ], [ -84.658575287603171, 33.876988452227245 ], [ -84.65862328728376, 33.876885451537888 ], [ -84.658666287839779, 33.876824451324481 ], [ -84.658685288106355, 33.876796451175238 ], [ -84.658734288510146, 33.876765451345527 ], [ -84.658757287178048, 33.876590451446219 ], [ -84.658794286987998, 33.87630745132271 ], [ -84.658872287704085, 33.875879451092374 ], [ -84.658899287468287, 33.87573345152655 ], [ -84.658933287803464, 33.875544451840206 ], [ -84.658943287849212, 33.875439451336405 ], [ -84.658932287080233, 33.875312451001932 ], [ -84.658908287689101, 33.875195450561797 ], [ -84.658779287817694, 33.874833450976169 ], [ -84.658768287947026, 33.874808450659621 ], [ -84.658562287184381, 33.874340450393731 ], [ -84.658555287511703, 33.874323450528571 ], [ -84.658442288432099, 33.874067450483004 ], [ -84.658334287578768, 33.873820451232021 ], [ -84.658196287486504, 33.873506450605646 ], [ -84.658171287372141, 33.873456451425433 ], [ -84.658044287150531, 33.873201451197659 ], [ -84.657668287406878, 33.872617451011429 ], [ -84.65755128723103, 33.872413450525748 ], [ -84.657524287466842, 33.872366451277074 ], [ -84.657507286850091, 33.872337450966015 ], [ -84.657490287131665, 33.872308451390971 ], [ -84.657466287740533, 33.872265450614051 ], [ -84.657432286507031, 33.872206450466877 ], [ -84.657387287199498, 33.87212745088852 ], [ -84.657349287564656, 33.872060450584648 ], [ -84.657282286719195, 33.871888450576677 ], [ -84.657258287328077, 33.871826450324029 ], [ -84.657016287478726, 33.871265450634262 ], [ -84.656863287317861, 33.870882450899352 ], [ -84.656738286746062, 33.870630450327241 ], [ -84.65660428685176, 33.870442449996034 ], [ -84.656422286378586, 33.870224449498188 ], [ -84.655922286786378, 33.869716449551333 ], [ -84.655710287074271, 33.869518450189219 ], [ -84.655634286906306, 33.869435450207028 ], [ -84.655577286106578, 33.869373450410258 ], [ -84.65545628663105, 33.869214450184366 ], [ -84.655324286386588, 33.868962449909183 ], [ -84.654936286049065, 33.868177449608915 ], [ -84.65473128600965, 33.867762449830494 ], [ -84.654625285704441, 33.867557449429157 ], [ -84.654601285414998, 33.867441449795351 ], [ -84.654598286838564, 33.867278449445593 ], [ -84.654644285971003, 33.867134449843221 ], [ -84.654696286747878, 33.866990449252107 ], [ -84.654806286352709, 33.866807449642153 ], [ -84.65496928655935, 33.866613449786293 ], [ -84.655601286396006, 33.866265448801713 ], [ -84.655987286185393, 33.866052449402652 ], [ -84.656062286528481, 33.866006449900382 ], [ -84.656263286369921, 33.865883449277192 ], [ -84.656540286379354, 33.865668449132876 ], [ -84.656740286395888, 33.865475449197831 ], [ -84.656933286739743, 33.865270448526232 ], [ -84.657065286984221, 33.865040448660423 ], [ -84.657140286428969, 33.864844448707409 ], [ -84.657151287197948, 33.864729448651111 ], [ -84.65715928669556, 33.864642449601781 ], [ -84.657134286581197, 33.863795448994296 ], [ -84.657142286078809, 33.863048448387417 ], [ -84.657149286649812, 33.862409448388874 ], [ -84.657150286474717, 33.862284448679723 ], [ -84.65715728614741, 33.861279448038545 ], [ -84.657159285797235, 33.860930448112804 ], [ -84.657162286170276, 33.860499448116954 ], [ -84.657167286193157, 33.859694447517079 ], [ -84.657172287114349, 33.859608448153388 ], [ -84.657175286589066, 33.8595674483742 ], [ -84.65722228644475, 33.85944144789255 ], [ -84.657269286300405, 33.859343447886729 ], [ -84.657439286179709, 33.859087447675812 ], [ -84.657491286058246, 33.858989447263745 ], [ -84.657533286789374, 33.858887448329149 ], [ -84.657575286622162, 33.858615447839377 ], [ -84.657538286812226, 33.858480447995838 ], [ -84.657406286567763, 33.857916448297622 ], [ -84.657297285889499, 33.857440447241125 ], [ -84.657262286627727, 33.85728944787185 ], [ -84.657251286757059, 33.857260447661041 ], [ -84.657124286535449, 33.856900447362804 ], [ -84.65708128597943, 33.856725447767936 ], [ -84.656997286313853, 33.856510447689551 ], [ -84.656898286579647, 33.856220446969253 ], [ -84.656814286015745, 33.856025446548685 ], [ -84.656649285260997, 33.855556447363526 ], [ -84.656515285366694, 33.855017447156939 ], [ -84.656432286424319, 33.854366447148685 ], [ -84.656427286401453, 33.854098446560641 ], [ -84.656416285632474, 33.853855447115492 ], [ -84.656434286074131, 33.853403446763004 ], [ -84.656438285373781, 33.853246446721244 ], [ -84.656466285861185, 33.852893446609372 ], [ -84.65649928547316, 33.852726446646251 ], [ -84.656525286310739, 33.852443446490383 ], [ -84.658192286390218, 33.851432446041812 ], [ -84.661318287035044, 33.849537445129464 ], [ -84.666241288353973, 33.846522444900017 ], [ -84.666383287745901, 33.846707444944407 ], [ -84.666519288188326, 33.846902444255022 ], [ -84.666657288280589, 33.847072445127466 ], [ -84.666790288349986, 33.847264445135409 ], [ -84.666926287894114, 33.847450444801638 ], [ -84.667016288305788, 33.847592445301096 ], [ -84.667059288861807, 33.847652445031365 ], [ -84.667070288732461, 33.847668445250783 ], [ -84.667142288702479, 33.847803445024098 ], [ -84.667240288611765, 33.847969445182457 ], [ -84.667423288909887, 33.848370445025395 ], [ -84.667582288918538, 33.848776445320851 ], [ -84.667756288995804, 33.849217445681013 ], [ -84.66777528926238, 33.849267445627198 ], [ -84.667795289353876, 33.849318445258696 ], [ -84.6678262884177, 33.849417445290243 ], [ -84.667912288631413, 33.849693445563688 ], [ -84.667976289103834, 33.849847445550317 ], [ -84.668009288715808, 33.84992844501528 ], [ -84.668130289089618, 33.850260445703839 ], [ -84.668221289326226, 33.850510445074129 ], [ -84.668274289029654, 33.850638446193379 ], [ -84.668310289912995, 33.850736445743294 ], [ -84.668338289502088, 33.850807445902667 ], [ -84.66843628941136, 33.851067445835668 ], [ -84.668555289237062, 33.851382445870691 ], [ -84.668579289526505, 33.851450445678438 ], [ -84.668660289717351, 33.851675446411853 ], [ -84.668720289991825, 33.851844446307702 ], [ -84.668753289603785, 33.851936445624851 ], [ -84.668795289436574, 33.852055445973185 ], [ -84.668806289307241, 33.852091445726209 ], [ -84.668895289893996, 33.852311446373797 ], [ -84.668938289551704, 33.852471446421028 ], [ -84.669017289194429, 33.852656445519223 ], [ -84.669110289979159, 33.852926445500309 ], [ -84.66919428964475, 33.85314644623535 ], [ -84.669359289501188, 33.853610446158385 ], [ -84.669437290217303, 33.85380544612466 ], [ -84.669514290210202, 33.854050446522379 ], [ -84.669936289984577, 33.855169446459257 ], [ -84.670024289848129, 33.855424446089771 ], [ -84.670163290663623, 33.855784446641678 ], [ -84.670492290551593, 33.856606447211981 ], [ -84.67062529062099, 33.856857447030926 ], [ -84.670729289479738, 33.857007446793496 ], [ -84.6710842902053, 33.85745644711912 ], [ -84.67125728955935, 33.857648446913316 ], [ -84.671505291053109, 33.85785644757086 ], [ -84.67176029132122, 33.858027447143805 ], [ -84.672131291041978, 33.858262447538301 ], [ -84.67253229089998, 33.858456446973534 ], [ -84.672598291022226, 33.85850944704638 ], [ -84.672653291273789, 33.858574447583429 ], [ -84.672712290825032, 33.858660446496501 ], [ -84.672755291381065, 33.858746447560819 ], [ -84.672768290901544, 33.858800447057263 ], [ -84.674015290856445, 33.858795446801423 ], [ -84.675323291809036, 33.85879044729127 ], [ -84.675773292070829, 33.858794446451839 ], [ -84.675771291522693, 33.859317447166006 ], [ -84.67569729190285, 33.860833447903637 ], [ -84.675705291400462, 33.861282447508039 ], [ -84.675720292367401, 33.862027448022644 ], [ -84.675722291118902, 33.862135447307445 ], [ -84.675718291819251, 33.862248447255617 ], [ -84.675699292451, 33.862803447694809 ], [ -84.675711292146559, 33.86290144820542 ], [ -84.675724291667038, 33.863008447576441 ], [ -84.67571529234452, 33.863555447438841 ], [ -84.675675292161543, 33.864450447630723 ], [ -84.675615291887084, 33.865757448418691 ], [ -84.675595291795602, 33.865929448845741 ], [ -84.675568292031429, 33.866575448178793 ], [ -84.6755532919628, 33.866759448542332 ], [ -84.675560292533817, 33.866954449066327 ], [ -84.675562292183642, 33.867077448892402 ], [ -84.675625291932832, 33.868369448419436 ], [ -84.675659292268023, 33.86855844907609 ], [ -84.675763292025081, 33.869450449104441 ], [ -84.675908292688362, 33.87056344959413 ], [ -84.675937292102361, 33.870969449556668 ], [ -84.676034292186756, 33.87171344962745 ], [ -84.676043292407584, 33.87179444998354 ], [ -84.676093291737971, 33.872227450030913 ], [ -84.676147293062954, 33.872769450310457 ], [ -84.67615429273566, 33.872874449623993 ], [ -84.676180292674928, 33.87324445075717 ], [ -84.676266292888656, 33.873922450227298 ], [ -84.676283292607081, 33.874056450096752 ], [ -84.676353292927288, 33.876066451233989 ], [ -84.676443292440666, 33.877855451248664 ], [ -84.676446292813708, 33.878034451288094 ] ] ] ] } },
{ "type": "Feature", "properties": { "STATEFP": "13", "COUNTYFP": "135", "TRACTCE": "050719", "GEOID": "13135050719", "GEOIDFQ": "1400000US13135050719", "NAME": "507.19", "NAMELSAD": "Census Tract 507.19", "MTFCC": "G5020", "FUNCSTAT": "S", "ALAND": 5889874.0, "AWATER": 51167.0, "INTPTLAT": "+33.8432298", "INTPTLON": "-084.0247440", "OBJECTID": 1265, "CensusTract": "13135050719", "State": "Georgia", "County": "Gwinnett County", "Urban": 1, "Pop2010": 5249, "OHU2010": 1866, "GroupQuartersFlag": 0, "NUMGQTRS": 13, "PCTGQTRS": 0.247666222, "LILATracts_1And10": 1, "LILATracts_halfAnd10": 1, "LILATracts_1And20": 1, "LILATracts_Vehicle": 0, "Shape_Length": 13590.913256435269, "Shape_Area": 8634251.1656932961 }, "geometry": { "type": "MultiPolygon", "coordinates": [ [ [ [ -84.045059108959961, 33.850497469108788 ], [ -84.04398110905943, 33.851317468955493 ], [ -84.043557107838581, 33.851562469029176 ], [ -84.042912108481445, 33.85184246931874 ], [ -84.042265108576146, 33.852065469654804 ], [ -84.041975108147923, 33.85212446954597 ], [ -84.041287108234741, 33.852272469308545 ], [ -84.039926107578708, 33.852523469181669 ], [ -84.039406106996722, 33.852607469613517 ], [ -84.037644107381013, 33.852941469678534 ], [ -84.037431106945661, 33.852982470400605 ], [ -84.037384107089991, 33.852991469683118 ], [ -84.037359106975629, 33.852996469532741 ], [ -84.037342106358878, 33.852999470039194 ], [ -84.037320106617571, 33.853003469470941 ], [ -84.037307107097106, 33.853006469231168 ], [ -84.037275107310052, 33.85301246949723 ], [ -84.037253107568745, 33.853016469674401 ], [ -84.037173107202804, 33.853031469964094 ], [ -84.036925107505681, 33.853079469828899 ], [ -84.036744106857384, 33.853114470226245 ], [ -84.036450107129539, 33.853163469713969 ], [ -84.035005105909576, 33.853424469602444 ], [ -84.033932106031955, 33.853615469844378 ], [ -84.03325410616452, 33.853747469437764 ], [ -84.032703105620371, 33.853882469302654 ], [ -84.031644105088134, 33.854175469474413 ], [ -84.030676104792477, 33.854442470166255 ], [ -84.028141103976466, 33.855069469858904 ], [ -84.025601103137561, 33.855789470945808 ], [ -84.024864103718897, 33.855970470278827 ], [ -84.023243102771872, 33.856415470070466 ], [ -84.022343102248271, 33.856724471265842 ], [ -84.021992102618981, 33.856845470910244 ], [ -84.021163102240507, 33.857181470805592 ], [ -84.020591101779971, 33.857377471190873 ], [ -84.020200101967717, 33.857478471563951 ], [ -84.020790101971613, 33.856579470646146 ], [ -84.020703101932952, 33.856487471108011 ], [ -84.020233101579691, 33.856027470438598 ], [ -84.019976102560051, 33.855724471273064 ], [ -84.019805101957516, 33.855429470415075 ], [ -84.019569101955966, 33.854770471119778 ], [ -84.019071101115273, 33.852797470516499 ], [ -84.01885810157826, 33.852069469876277 ], [ -84.018566101500213, 33.850944469948367 ], [ -84.018481101111391, 33.850667469541825 ], [ -84.018335101521529, 33.850374469273504 ], [ -84.018209101124825, 33.85025646927113 ], [ -84.01821110077465, 33.850238469382916 ], [ -84.017980100795967, 33.849833469775795 ], [ -84.017665101151692, 33.849424469395494 ], [ -84.017499101470364, 33.849208469128705 ], [ -84.017287100859946, 33.848933469245573 ], [ -84.016365100595038, 33.847805469108884 ], [ -84.016326101135292, 33.847736469650904 ], [ -84.015639100148718, 33.846815469570984 ], [ -84.014944100562843, 33.845835468798228 ], [ -84.013860099017933, 33.844458468627401 ], [ -84.0134080991063, 33.843841468669737 ], [ -84.012938099651336, 33.843234468083502 ], [ -84.012522099724734, 33.842567468879487 ], [ -84.012280098977072, 33.842117468834445 ], [ -84.01145509879656, 33.841034467980052 ], [ -84.010998098862075, 33.840661467353492 ], [ -84.010311097875487, 33.840039467724374 ], [ -84.009809098633468, 33.839584467909212 ], [ -84.00969109773439, 33.839476467717041 ], [ -84.009598098746281, 33.839392467058751 ], [ -84.009249097868505, 33.839013467716164 ], [ -84.008862098254227, 33.838584467985719 ], [ -84.008622098054701, 33.838206467142903 ], [ -84.008529098168296, 33.837967467399544 ], [ -84.008478097216354, 33.837810466598718 ], [ -84.00839909757363, 33.837461467036157 ], [ -84.008333098349709, 33.836471467036453 ], [ -84.008211097252655, 33.833720466253261 ], [ -84.00851409720137, 33.833750466889832 ], [ -84.008847097287287, 33.833775465795568 ], [ -84.009120097098773, 33.833782466562347 ], [ -84.009333097534082, 33.833770467059679 ], [ -84.00956909753566, 33.833699466174473 ], [ -84.009825097628692, 33.833579465731937 ], [ -84.010107098559303, 33.833497466538972 ], [ -84.01026009782187, 33.833467466559767 ], [ -84.010463097313149, 33.833463466213516 ], [ -84.010594098631017, 33.833483465704312 ], [ -84.011085098900708, 33.833537466992276 ], [ -84.011204097828085, 33.833550466426701 ], [ -84.011996098396637, 33.83363646665336 ], [ -84.012598098994388, 33.833687466660152 ], [ -84.012693098530633, 33.83369546658529 ], [ -84.012775098546399, 33.833697466379903 ], [ -84.0130280991647, 33.833703466509675 ], [ -84.013199098868938, 33.833707466098488 ], [ -84.013543099723833, 33.833707466098488 ], [ -84.013874099261628, 33.833652466512426 ], [ -84.014374099752146, 33.833537466992276 ], [ -84.014456099767912, 33.833514466323521 ], [ -84.014875099169245, 33.833414466620518 ], [ -84.015090099254408, 33.833352466044509 ], [ -84.015354099743362, 33.833290466169743 ], [ -84.015638099425487, 33.833224466638725 ], [ -84.015670099212542, 33.833216465923307 ], [ -84.015858099533503, 33.833171465802664 ], [ -84.016231099802425, 33.833058466191176 ], [ -84.016792100392294, 33.832890466353952 ], [ -84.018362100387392, 33.832426466580664 ], [ -84.018976100680717, 33.832246465784749 ], [ -84.019437099914867, 33.832105465816859 ], [ -84.019927100359624, 33.831990465707875 ], [ -84.020446101116718, 33.831909465655045 ], [ -84.020761100760978, 33.83187546619039 ], [ -84.021006100983357, 33.831838466208957 ], [ -84.021200101152118, 33.831784465340064 ], [ -84.02178610185635, 33.831536465499262 ], [ -84.023300101774964, 33.830804465311871 ], [ -84.023473101128999, 33.830740465217715 ], [ -84.025161102023205, 33.830241465662134 ], [ -84.025542101789711, 33.830072464826372 ], [ -84.025656101592531, 33.829982464982372 ], [ -84.02586810310126, 33.82972546489794 ], [ -84.026017102165852, 33.82951746514955 ], [ -84.026622102238349, 33.828454464248722 ], [ -84.026626102436296, 33.828440464826855 ], [ -84.026760102330627, 33.828233464898283 ], [ -84.026927102735186, 33.828085464541132 ], [ -84.027578102838447, 33.827712464118044 ], [ -84.028475102988978, 33.827244463960355 ], [ -84.028763102869064, 33.827124464157883 ], [ -84.029733102814546, 33.826798463744638 ], [ -84.030403103184355, 33.826574464649397 ], [ -84.030967103248997, 33.826376464527414 ], [ -84.031079103401979, 33.826362464765246 ], [ -84.031225103890165, 33.826366463951302 ], [ -84.031489103480808, 33.826372463849353 ], [ -84.0316361037939, 33.826383463661372 ], [ -84.03151010339721, 33.8269264645633 ], [ -84.031328103822318, 33.82797346488713 ], [ -84.031265104073128, 33.828935465381633 ], [ -84.031308104629147, 33.829857464834582 ], [ -84.031387104271857, 33.830526465347795 ], [ -84.031582104265539, 33.831433464457227 ], [ -84.031913104701644, 33.832744464921426 ], [ -84.032126105136967, 33.833428465227918 ], [ -84.032428104362438, 33.834112465284484 ], [ -84.033101105105331, 33.835354465945173 ], [ -84.033774104949885, 33.836456466077692 ], [ -84.033995104882806, 33.83703646640982 ], [ -84.034111105233777, 33.837628466245619 ], [ -84.034042104738489, 33.838466466623011 ], [ -84.033861105886828, 33.838862467112229 ], [ -84.033428105343475, 33.839464466775354 ], [ -84.03300410502095, 33.839994467465253 ], [ -84.032593105117215, 33.840510467423009 ], [ -84.032783105088015, 33.840645467314197 ], [ -84.033190104793789, 33.841158467641769 ], [ -84.034192105424637, 33.842543467862534 ], [ -84.036281106176816, 33.842510467199283 ], [ -84.037076106220098, 33.84252146717305 ], [ -84.037714106802881, 33.842510467199283 ], [ -84.037850106346994, 33.842513467327905 ], [ -84.038183106432939, 33.842574467433906 ], [ -84.038505107546513, 33.842660467533818 ], [ -84.038928107145836, 33.842836467381737 ], [ -84.040214107458795, 33.843600467962439 ], [ -84.040277107207999, 33.843635467766802 ], [ -84.040471107376746, 33.843742467399586 ], [ -84.040577106783658, 33.843836466792055 ], [ -84.040674106868025, 33.843922467114055 ], [ -84.040975108065226, 33.844310467264954 ], [ -84.041859107796967, 33.845417467104383 ], [ -84.042740108054005, 33.846480468188489 ], [ -84.043429108690376, 33.847346468423162 ], [ -84.04369910812882, 33.847710468381038 ], [ -84.04372810844113, 33.847785468493235 ], [ -84.043776108121705, 33.847913467726919 ], [ -84.043770109172243, 33.848096468285839 ], [ -84.043774108471894, 33.848288468230685 ], [ -84.043799108586228, 33.848472468456812 ], [ -84.043932108655639, 33.848842468652549 ], [ -84.044160109159577, 33.849214468915491 ], [ -84.04423410877942, 33.849343468706614 ], [ -84.044332108688707, 33.84943646819233 ], [ -84.044504109116161, 33.849707468362475 ], [ -84.044549109322006, 33.849918468830147 ], [ -84.04460810887322, 33.850050468914311 ], [ -84.044869108989147, 33.850362469116298 ], [ -84.045059108959961, 33.850497469108788 ] ] ] ] } },
{ "type": "Feature", "properties": { "STATEFP": "13", "COUNTYFP": "135", "TRACTCE": "050542", "GEOID": "13135050542", "GEOIDFQ": "1400000US13135050542", "NAME": "505.42", "NAMELSAD": "Census Tract 505.42", "MTFCC": "G5020", "FUNCSTAT": "S", "ALAND": 3643684.0, "AWATER": 41390.0, "INTPTLAT": "+33.9495818", "INTPTLON": "-084.1250112", "OBJECTID": 1245, "CensusTract": "13135050542", "State": "Georgia", "County": "Gwinnett County", "Urban": 1, "Pop2010": 4711, "OHU2010": 2106, "GroupQuartersFlag": 0, "NUMGQTRS": 1, "PCTGQTRS": 0.021226916, "LILATracts_1And10": 1, "LILATracts_halfAnd10": 1, "LILATracts_1And20": 1, "LILATracts_Vehicle": 0, "Shape_Length": 11889.871157143907, "Shape_Area": 5368858.1718420684 }, "geometry": { "type": "MultiPolygon", "coordinates": [ [ [ [ -84.14502014292357, 33.944813485519582 ], [ -84.141424141925469, 33.946595485351722 ], [ -84.1404331420636, 33.947054486435938 ], [ -84.139835141663795, 33.947340485900391 ], [ -84.139232141241123, 33.947661486252137 ], [ -84.138776141131544, 33.947886485867592 ], [ -84.137730141018096, 33.948403487025892 ], [ -84.137569141359606, 33.948477486515358 ], [ -84.135519140965471, 33.949424486214063 ], [ -84.13541114011214, 33.949467486829214 ], [ -84.135336140667391, 33.949514486800958 ], [ -84.132268139748888, 33.951021487133005 ], [ -84.130015138965163, 33.952128487753669 ], [ -84.129814138225399, 33.952224487710517 ], [ -84.127446138712287, 33.953359487187726 ], [ -84.123617137187367, 33.95519248808322 ], [ -84.123047137274966, 33.955476488592751 ], [ -84.121271136517223, 33.956363487918985 ], [ -84.11899413634238, 33.957433488415354 ], [ -84.114280135260813, 33.959487489293871 ], [ -84.113902134070713, 33.959304490000982 ], [ -84.113434134265574, 33.959077489443587 ], [ -84.112594134016433, 33.958878489047557 ], [ -84.111607134352539, 33.958568489195621 ], [ -84.110670134019003, 33.95805548990613 ], [ -84.110383133963822, 33.957905489028342 ], [ -84.108699133267606, 33.95697348897351 ], [ -84.107719132378065, 33.956556488548493 ], [ -84.106864132060309, 33.95628948932584 ], [ -84.106349132399501, 33.95614948858934 ], [ -84.106053132123506, 33.956037489324473 ], [ -84.105986132176355, 33.956012488976128 ], [ -84.105672131458675, 33.955857488440799 ], [ -84.105395132347553, 33.955653488916205 ], [ -84.105165131295479, 33.955451488824714 ], [ -84.104654131832618, 33.954832489065964 ], [ -84.104455131640989, 33.954573488675678 ], [ -84.104031132216775, 33.954019489314106 ], [ -84.103395131283818, 33.953241488054232 ], [ -84.102963131463696, 33.952712488797346 ], [ -84.102468130996058, 33.952306488333072 ], [ -84.101677130252398, 33.951893488892523 ], [ -84.101513131119177, 33.951787488521646 ], [ -84.101798130626236, 33.951476488161781 ], [ -84.101972130703516, 33.951376488070551 ], [ -84.10225313091091, 33.951227488096663 ], [ -84.102517130501539, 33.951121488386512 ], [ -84.102742131530761, 33.951004487653371 ], [ -84.102824130648216, 33.950966487883782 ], [ -84.103224131579609, 33.950832488168679 ], [ -84.103471131451812, 33.950748487583517 ], [ -84.103501131589042, 33.950739488181185 ], [ -84.103986132010945, 33.950721488628588 ], [ -84.104600131405945, 33.950775488020135 ], [ -84.106012132115609, 33.951015488544385 ], [ -84.10697313273856, 33.951128488469877 ], [ -84.107591132331564, 33.951200487803455 ], [ -84.108933132721006, 33.951433487816551 ], [ -84.109073133361406, 33.951457488011904 ], [ -84.109566133280907, 33.951577488142092 ], [ -84.109933133702043, 33.95169548809271 ], [ -84.11008113294173, 33.951742487579118 ], [ -84.110337133034761, 33.951748488351946 ], [ -84.11036413369726, 33.951749488356519 ], [ -84.110698133608096, 33.951668487947927 ], [ -84.111172133261036, 33.951441487882434 ], [ -84.111619133149773, 33.951227488096663 ], [ -84.11182913411038, 33.951127487712839 ], [ -84.113144133837352, 33.950435487112436 ], [ -84.114263134644062, 33.94984248733936 ], [ -84.114800134046178, 33.94956148749182 ], [ -84.114937134313536, 33.949490487547969 ], [ -84.115374135054836, 33.949145486547124 ], [ -84.115599134287436, 33.948795486932241 ], [ -84.115757134471181, 33.948541487008782 ], [ -84.115949134091792, 33.948232486801537 ], [ -84.116725135665135, 33.947015487078076 ], [ -84.117148135264458, 33.946352487063329 ], [ -84.117365134999417, 33.945893485919569 ], [ -84.117424135448957, 33.945571487020153 ], [ -84.117481135350374, 33.945265485960576 ], [ -84.11753413505383, 33.944682486067627 ], [ -84.117556134795123, 33.944444486496181 ], [ -84.117552134597162, 33.944207486352489 ], [ -84.117478134977333, 33.943949486511926 ], [ -84.117370135022298, 33.94375948664922 ], [ -84.116685134583847, 33.942550486472449 ], [ -84.116554134164289, 33.942221486035642 ], [ -84.11813213455531, 33.941756484987174 ], [ -84.118656135335257, 33.94159448593895 ], [ -84.119172134820985, 33.941435485469263 ], [ -84.119558135508683, 33.941303485908264 ], [ -84.11992513503148, 33.941196485634102 ], [ -84.120819135707293, 33.940990485730495 ], [ -84.121233135984085, 33.940990485730495 ], [ -84.122008136834211, 33.941176485296282 ], [ -84.12230813640987, 33.941224485502936 ], [ -84.122536136913808, 33.94124648608544 ], [ -84.123401136378988, 33.941331484996695 ], [ -84.124908136624882, 33.941534485191944 ], [ -84.125567137124051, 33.941628485672766 ], [ -84.126332137030133, 33.941745485135193 ], [ -84.127133137819513, 33.941862485182028 ], [ -84.127508137738232, 33.941908485506751 ], [ -84.12820913807019, 33.94202048548059 ], [ -84.128732138126935, 33.942104485736941 ], [ -84.129260138206533, 33.942225485011143 ], [ -84.129814138225399, 33.942297485914217 ], [ -84.130287138053419, 33.942318485358811 ], [ -84.130736138490306, 33.942319485474172 ], [ -84.131281138288344, 33.942302485001711 ], [ -84.131898139853035, 33.942257485751249 ], [ -84.13205613913847, 33.942252485170656 ], [ -84.132990139997247, 33.942217485569486 ], [ -84.133355139870247, 33.942202485310162 ], [ -84.133781139842583, 33.942217485569486 ], [ -84.134170140004997, 33.94223148496453 ], [ -84.134738140267586, 33.942234485313669 ], [ -84.135555140052176, 33.942215485336348 ], [ -84.136181140041074, 33.942220485173863 ], [ -84.136653140942499, 33.94218648493127 ], [ -84.136810140403014, 33.94217548513479 ], [ -84.137591141100913, 33.942154484909743 ], [ -84.138371141075595, 33.942192484887407 ], [ -84.139088141301073, 33.942317485243429 ], [ -84.140031141482382, 33.942603484974157 ], [ -84.140107141650361, 33.942626485312047 ], [ -84.140446141584079, 33.942743484893313 ], [ -84.140804141784358, 33.942891484706607 ], [ -84.141293142404209, 33.943260484500179 ], [ -84.141493142420757, 33.943509484771816 ], [ -84.142135142303189, 33.943176485384562 ], [ -84.142590141689539, 33.942960485468191 ], [ -84.142852142528653, 33.943299484833261 ], [ -84.143168142896172, 33.943678485343312 ], [ -84.143353141945781, 33.943841484994614 ], [ -84.143686142930022, 33.944025484847785 ], [ -84.144110142354236, 33.944327485526692 ], [ -84.144349142728828, 33.944482485451623 ], [ -84.145004142131739, 33.944696485802517 ], [ -84.145156143366009, 33.944750485290669 ], [ -84.14502014292357, 33.944813485519582 ] ] ] ] } },
{ "type": "Feature", "properties": { "STATEFP": "13", "COUNTYFP": "151", "TRACTCE": "070113", "GEOID": "13151070113", "GEOIDFQ": "1400000US13151070113", "NAME": "701.13", "NAMELSAD": "Census Tract 701.13", "MTFCC": "G5020", "FUNCSTAT": "S", "ALAND": 6738304.0, "AWATER": 41102.0, "INTPTLAT": "+33.5476600", "INTPTLON": "-084.2260175", "OBJECTID": 1349, "CensusTract": "13151070113", "State": "Georgia", "County": "Henry County", "Urban": 1, "Pop2010": 4025, "OHU2010": 1446, "GroupQuartersFlag": 0, "NUMGQTRS": 0, "PCTGQTRS": 0.0, "LILATracts_1And10": 1, "LILATracts_halfAnd10": 1, "LILATracts_1And20": 1, "LILATracts_Vehicle": 0, "Shape_Length": 19983.930558412922, "Shape_Area": 9786010.8381699808 }, "geometry": { "type": "MultiPolygon", "coordinates": [ [ [ [ -84.259264155444413, 33.553749397409597 ], [ -84.259184155976769, 33.553790396702027 ], [ -84.259094155565094, 33.553837396962564 ], [ -84.258924155685776, 33.553926396589432 ], [ -84.258788155243352, 33.554030397063393 ], [ -84.258485154396325, 33.554264397297835 ], [ -84.257959154864864, 33.554733397516515 ], [ -84.257689154528123, 33.554975397806686 ], [ -84.257576154550208, 33.555074397763995 ], [ -84.25750615512834, 33.555137397473601 ], [ -84.256960155505382, 33.555626397328957 ], [ -84.256897154857882, 33.555683397274343 ], [ -84.256753154917831, 33.555750397858091 ], [ -84.256727154978563, 33.555761397178017 ], [ -84.256651153912259, 33.555796398407573 ], [ -84.256626154696221, 33.555808397863423 ], [ -84.256558154025853, 33.555821397459106 ], [ -84.256447154596074, 33.555845397859322 ], [ -84.256356155257805, 33.555863397406483 ], [ -84.256289154412343, 33.555877397134921 ], [ -84.256232154510926, 33.555889398076644 ], [ -84.256190154678137, 33.555894398031896 ], [ -84.255890155102477, 33.55593139799096 ], [ -84.255791154469961, 33.55594439756819 ], [ -84.255773154926615, 33.555945397708371 ], [ -84.255719154499928, 33.555952397940487 ], [ -84.255702153883192, 33.555955397612038 ], [ -84.255662154598539, 33.555959397423464 ], [ -84.255544154597757, 33.555975397415914 ], [ -84.255505154239685, 33.55598039736612 ], [ -84.25544115466559, 33.55598739834408 ], [ -84.25524915414664, 33.556011397949547 ], [ -84.25518615439745, 33.556020397706277 ], [ -84.255164154656157, 33.556022397984819 ], [ -84.255099154358831, 33.556031397740455 ], [ -84.25507815444243, 33.556034397409213 ], [ -84.255035153886411, 33.556038397965587 ], [ -84.254909154388045, 33.556054397194842 ], [ -84.254868154380148, 33.556060398027903 ], [ -84.254729154462979, 33.556071397308365 ], [ -84.254313153638066, 33.556108397940285 ], [ -84.254210154604209, 33.556117397686911 ], [ -84.254175153545788, 33.556119397963201 ], [ -84.254106153948811, 33.556122398377525 ], [ -84.253951154138122, 33.556130397236146 ], [ -84.253899154259585, 33.556133397650093 ], [ -84.253831153589203, 33.556137398201891 ], [ -84.253798153977243, 33.556139397729098 ], [ -84.253766153291878, 33.556139397729098 ], [ -84.25357215312313, 33.556139397729098 ], [ -84.253508154447331, 33.556140397867026 ], [ -84.253352153913411, 33.556129397846725 ], [ -84.252887153583004, 33.556099398192664 ], [ -84.252773152881858, 33.556092397223857 ], [ -84.252733153597219, 33.556086397890148 ], [ -84.252418153952945, 33.556035397548349 ], [ -84.251957152922174, 33.555961397703413 ], [ -84.251469153025553, 33.555961397703413 ], [ -84.251151153906548, 33.555962397843345 ], [ -84.250682153378165, 33.55596839793423 ], [ -84.250637153172335, 33.555975397415914 ], [ -84.250361152987807, 33.556025398402568 ], [ -84.250024152703915, 33.55616939736926 ], [ -84.249493153149572, 33.556453398537279 ], [ -84.249234152683499, 33.55658839784244 ], [ -84.248780152223745, 33.556827398534899 ], [ -84.248601152123598, 33.556920398591132 ], [ -84.248172151778192, 33.55714539809577 ], [ -84.248060152523507, 33.557189398399508 ], [ -84.247873152925763, 33.557265398190808 ], [ -84.247827151996702, 33.557280397816633 ], [ -84.247691152452575, 33.557328398548243 ], [ -84.24764615224673, 33.557344398287107 ], [ -84.247471152344531, 33.557365398641664 ], [ -84.247185152114284, 33.557400398472723 ], [ -84.246945151914758, 33.557389398612884 ], [ -84.246770152012587, 33.557382398497232 ], [ -84.246577151668731, 33.557378398003095 ], [ -84.245998151535503, 33.55736839826416 ], [ -84.245806151914891, 33.557365398641664 ], [ -84.245779151252407, 33.55736439851799 ], [ -84.245698151061532, 33.557363398394287 ], [ -84.245671152195669, 33.557363398394287 ], [ -84.24542615107498, 33.557360398023015 ], [ -84.244694151679184, 33.557351398405899 ], [ -84.244450151281711, 33.557348398782814 ], [ -84.24419415118868, 33.557341397915231 ], [ -84.243428151457707, 33.557320398303396 ], [ -84.24317315118958, 33.557314399055024 ], [ -84.243064150511316, 33.557311398682103 ], [ -84.242737151171497, 33.557302398311222 ], [ -84.242629151216448, 33.557300398062324 ], [ -84.242582150462454, 33.557596398462159 ], [ -84.242560150721161, 33.558023398182478 ], [ -84.242569150941989, 33.558179398184947 ], [ -84.242571150591829, 33.558406399124856 ], [ -84.242547151200682, 33.558678399122456 ], [ -84.242535150606813, 33.558718398961751 ], [ -84.242524150736145, 33.558745398880284 ], [ -84.242486151101318, 33.558796399119196 ], [ -84.242393151214898, 33.558919398734865 ], [ -84.242297150955423, 33.55902839895991 ], [ -84.242126150352902, 33.55919539902419 ], [ -84.241946151326161, 33.559394398983976 ], [ -84.241842150670763, 33.559566398831862 ], [ -84.241779150921573, 33.559730399064129 ], [ -84.241697150007482, 33.559999399104044 ], [ -84.241533150874275, 33.560548399123569 ], [ -84.241458150531201, 33.560707399311958 ], [ -84.24132814993655, 33.560590399766717 ], [ -84.240938149949201, 33.56023939943146 ], [ -84.24080915007778, 33.560123399343979 ], [ -84.240680150206359, 33.560008399942426 ], [ -84.240231149769471, 33.559637399787668 ], [ -84.240014150034483, 33.559485399072386 ], [ -84.239481149932004, 33.559111399354975 ], [ -84.237778148969213, 33.558018399099076 ], [ -84.237164149574213, 33.557642398777126 ], [ -84.237002149192492, 33.557555398730294 ], [ -84.236839148985879, 33.55745639862203 ], [ -84.236707148741388, 33.557403398842553 ], [ -84.236610148657022, 33.557365398641664 ], [ -84.236530149189377, 33.557329398672401 ], [ -84.236340149218577, 33.557262398564738 ], [ -84.235982148119987, 33.557183398393441 ], [ -84.235839148903167, 33.557152398979248 ], [ -84.235804148743071, 33.55714239921415 ], [ -84.235702148635809, 33.557114398667942 ], [ -84.235668148300633, 33.557105398276583 ], [ -84.235638149061714, 33.557096398632851 ], [ -84.23554714882512, 33.557071398453139 ], [ -84.235518148512796, 33.557063398933103 ], [ -84.235472149380357, 33.557050398775658 ], [ -84.235334149288093, 33.557011398291699 ], [ -84.235289149082249, 33.556999399003033 ], [ -84.235346148983666, 33.556789398829238 ], [ -84.235368148724987, 33.556614399042985 ], [ -84.23537314874784, 33.556524398309037 ], [ -84.235384148618493, 33.55636839831196 ], [ -84.235384148618493, 33.556234398799752 ], [ -84.235364148527026, 33.556072398195639 ], [ -84.235308148450514, 33.555896398313351 ], [ -84.235240147780146, 33.555716398998548 ], [ -84.234960148295968, 33.555267398844258 ], [ -84.234906148767621, 33.555196398039321 ], [ -84.234743148561009, 33.554984398419975 ], [ -84.234606148293651, 33.554818398602059 ], [ -84.23433514813199, 33.554487398914901 ], [ -84.233938147573639, 33.553887397689458 ], [ -84.233571148050842, 33.553369398038406 ], [ -84.233358147615505, 33.552916397711257 ], [ -84.233268148102141, 33.552548397579216 ], [ -84.23326314807926, 33.552529397910249 ], [ -84.233231147393894, 33.552526397371075 ], [ -84.233093147301631, 33.552476398102336 ], [ -84.233011148184175, 33.552436398367099 ], [ -84.232938147490941, 33.552411397587335 ], [ -84.232847147254333, 33.552370397640431 ], [ -84.232774147459409, 33.55232239789698 ], [ -84.232610147427877, 33.552249397300208 ], [ -84.232518147366363, 33.552223397780423 ], [ -84.232446147396345, 33.552175397955295 ], [ -84.23236514810381, 33.552104397603571 ], [ -84.232262147273332, 33.551966397470075 ], [ -84.232172147759954, 33.551894398256884 ], [ -84.232093147218933, 33.551768397804871 ], [ -84.232012147028087, 33.551683397461588 ], [ -84.231941147781285, 33.551648397560086 ], [ -84.231910146920839, 33.551633397704983 ], [ -84.231893147202385, 33.551617397656926 ], [ -84.231851147369596, 33.551570397685943 ], [ -84.231813146836444, 33.551545398152889 ], [ -84.231693147185851, 33.551542398328188 ], [ -84.23149814719217, 33.551553397435264 ], [ -84.231296147525811, 33.551502398160466 ], [ -84.231140146991905, 33.551437397661296 ], [ -84.23101314677028, 33.55135639776551 ], [ -84.230758146502154, 33.551226397995805 ], [ -84.230723147240369, 33.551196397387727 ], [ -84.230668146988791, 33.551147397544952 ], [ -84.230356146819247, 33.551047397382391 ], [ -84.229997146794034, 33.5509923977677 ], [ -84.229856146328757, 33.550981397091931 ], [ -84.22972014588629, 33.550971397361153 ], [ -84.229553146380027, 33.550975398151941 ], [ -84.229468145991206, 33.55101939785515 ], [ -84.229355146013305, 33.551086397564362 ], [ -84.229131146605653, 33.551136398386198 ], [ -84.228909146847798, 33.551146398097941 ], [ -84.228576145863556, 33.551123397336845 ], [ -84.228272146089935, 33.55107839749008 ], [ -84.228061146202734, 33.551026397737836 ], [ -84.227749146931515, 33.550934397523569 ], [ -84.227585146001672, 33.550845397060343 ], [ -84.227409146274582, 33.550799397617766 ], [ -84.22723314564918, 33.550753397402026 ], [ -84.226997145647616, 33.550692397143251 ], [ -84.22685614518231, 33.550637397302623 ], [ -84.22676014582116, 33.55059439760695 ], [ -84.226667145934726, 33.55059239720272 ], [ -84.226356145590117, 33.550571397447563 ], [ -84.22623914541424, 33.550524397656162 ], [ -84.226222145695814, 33.550519397390168 ], [ -84.226147146251051, 33.550499397820431 ], [ -84.226064145512069, 33.550489398033868 ], [ -84.225943145138231, 33.550494397552995 ], [ -84.225831145883561, 33.550523397453276 ], [ -84.2257981462716, 33.550522397998989 ], [ -84.225655145258159, 33.550519397390168 ], [ -84.22541714560677, 33.550733397886468 ], [ -84.225351144586227, 33.550769397610019 ], [ -84.225351144586227, 33.55084739745871 ], [ -84.225392145492407, 33.550930397479483 ], [ -84.225378145248712, 33.551010397577421 ], [ -84.225280145339426, 33.551172397941841 ], [ -84.225280145339426, 33.551307398013478 ], [ -84.225241144981368, 33.551377398078529 ], [ -84.225179145057098, 33.551432397448089 ], [ -84.225132145201414, 33.551471397456304 ], [ -84.225070145277158, 33.551545398152889 ], [ -84.225031145817383, 33.551576398081885 ], [ -84.224983145238497, 33.551574397700392 ], [ -84.224916145291346, 33.551621398417851 ], [ -84.224897145923094, 33.551634397895015 ], [ -84.224654145350527, 33.552001397991347 ], [ -84.224413145326125, 33.552261397997349 ], [ -84.224338144983037, 33.55234239854196 ], [ -84.224109144654193, 33.552547398148342 ], [ -84.223957145216531, 33.552675398568866 ], [ -84.223881145048537, 33.552704398485723 ], [ -84.2236241451306, 33.55280339805109 ], [ -84.223150144579364, 33.552952398022434 ], [ -84.223072144761559, 33.552977397896996 ], [ -84.22302514490589, 33.552988399067253 ], [ -84.222646144789195, 33.553087398307227 ], [ -84.222521145115735, 33.553120398777246 ], [ -84.222449144247392, 33.553137398719578 ], [ -84.221915145218318, 33.553261399078416 ], [ -84.221883144532967, 33.553270398373002 ], [ -84.221788144098412, 33.553298398668012 ], [ -84.221757145034587, 33.553309398300101 ], [ -84.221681144866608, 33.553333398649649 ], [ -84.221568143990382, 33.553377398649182 ], [ -84.221464144233295, 33.553477398360663 ], [ -84.221403144133944, 33.553538398150337 ], [ -84.221367145047253, 33.553574398202322 ], [ -84.221188144048796, 33.553671398683697 ], [ -84.221029144040131, 33.553737398416374 ], [ -84.220871143856371, 33.553765398560017 ], [ -84.220815143779873, 33.553826398894913 ], [ -84.220775144495235, 33.553871398058909 ], [ -84.220670144913242, 33.553970398532805 ], [ -84.220607144265742, 33.554201398448782 ], [ -84.220547143991269, 33.554316398095636 ], [ -84.220461143777555, 33.554509399372222 ], [ -84.22044214440929, 33.554529399510869 ], [ -84.220362144043335, 33.554598399055351 ], [ -84.220291143898237, 33.554643399314479 ], [ -84.220221144476369, 33.554688398801531 ], [ -84.220137143912453, 33.554702399468965 ], [ -84.220011143515762, 33.554678398751193 ], [ -84.219870144847079, 33.554642399159221 ], [ -84.21973314457972, 33.554592398869303 ], [ -84.219595144487471, 33.554566399306019 ], [ -84.219428144082883, 33.554562398681469 ], [ -84.219317143754793, 33.554575398464664 ], [ -84.219232143365986, 33.554604399240979 ], [ -84.219148144598705, 33.554641399004005 ], [ -84.219045143768241, 33.55467039826091 ], [ -84.218906143851058, 33.554674398880458 ], [ -84.218666143651561, 33.554646399031434 ], [ -84.218595143506448, 33.554627398326673 ], [ -84.218524144259632, 33.554608398366319 ], [ -84.218426144350346, 33.55461639886235 ], [ -84.218385143444166, 33.554620398735771 ], [ -84.218308143451253, 33.554641399004005 ], [ -84.218282143511999, 33.554649398748353 ], [ -84.217975143365337, 33.554681399215561 ], [ -84.217873143258089, 33.554701399314396 ], [ -84.217670142868485, 33.554666398389799 ], [ -84.217487143468702, 33.554600399366819 ], [ -84.217213143832311, 33.554470399238227 ], [ -84.217050142727388, 33.554357398616254 ], [ -84.216920143031047, 33.554234399241942 ], [ -84.216604142663542, 33.553971398695843 ], [ -84.2164591428986, 33.553890398181366 ], [ -84.216349143293741, 33.553857398754069 ], [ -84.21628514282132, 33.553849398187744 ], [ -84.216247142288182, 33.553847398607523 ], [ -84.2161291422874, 33.553774398550736 ], [ -84.215480142732275, 33.553496398569777 ], [ -84.215216142243335, 33.553359399332656 ], [ -84.214979142416865, 33.55326839877938 ], [ -84.214731142719742, 33.55319339863803 ], [ -84.214287142305736, 33.553183399163274 ], [ -84.213508142155973, 33.55319639915399 ], [ -84.213333142253774, 33.553184398586716 ], [ -84.213167141674106, 33.553150398717264 ], [ -84.212989141398879, 33.553095398944066 ], [ -84.21276914218916, 33.553013398182806 ], [ -84.212366141783022, 33.552872398225517 ], [ -84.212028141674224, 33.552732398964125 ], [ -84.211818141611943, 33.552635398925709 ], [ -84.211404141335166, 33.552540399137548 ], [ -84.211019141370699, 33.552423399010621 ], [ -84.210719141795039, 33.552269397962142 ], [ -84.210483140895178, 33.552101398546995 ], [ -84.210364141069476, 33.552067398999917 ], [ -84.210253141639711, 33.55205739864617 ], [ -84.209948141142874, 33.55205039884703 ], [ -84.209822140746184, 33.55202339833312 ], [ -84.209773140342378, 33.55201539834561 ], [ -84.209653140691785, 33.552004398548711 ], [ -84.209496140332945, 33.552001398740003 ], [ -84.20931914078092, 33.552036398498444 ], [ -84.209188140361377, 33.552079398225025 ], [ -84.209093140825132, 33.552139398817587 ], [ -84.208912140176849, 33.552298398763874 ], [ -84.208711141233707, 33.552495399280254 ], [ -84.208633140517591, 33.552609398773441 ], [ -84.208558141072828, 33.552662398499699 ], [ -84.208445140196616, 33.552706398841046 ], [ -84.208296140233699, 33.552749398982812 ], [ -84.208053139661132, 33.552790399498484 ], [ -84.20781114071012, 33.552806399329242 ], [ -84.207833140451442, 33.55266839881979 ], [ -84.2078871408781, 33.552529398658841 ], [ -84.20796714034573, 33.552324399009805 ], [ -84.208128140902517, 33.551974398959437 ], [ -84.208271140119351, 33.551755399096535 ], [ -84.208371140576759, 33.551605398367641 ], [ -84.208401140714003, 33.551501398717562 ], [ -84.208482140006538, 33.551295397932485 ], [ -84.208602140555456, 33.551049398524746 ], [ -84.208722140206049, 33.550807397717875 ], [ -84.209011139911041, 33.550286398447525 ], [ -84.209019140306964, 33.550277398842056 ], [ -84.209104140695786, 33.550171397928089 ], [ -84.209169140094801, 33.55011339863011 ], [ -84.209189140186268, 33.550100398924101 ], [ -84.209237140765183, 33.550064397424507 ], [ -84.209384140179949, 33.549969397803913 ], [ -84.209433140583755, 33.54993939825664 ], [ -84.209477140066369, 33.549917398132877 ], [ -84.209554140957579, 33.549877397961467 ], [ -84.209657140889746, 33.549822398350649 ], [ -84.209723141011978, 33.549786398232506 ], [ -84.209938141097126, 33.549686397991969 ], [ -84.209888140868415, 33.549619397945783 ], [ -84.209818140548222, 33.549524397835903 ], [ -84.209775140890514, 33.549466398103654 ], [ -84.209347140370028, 33.549090397991343 ], [ -84.209187140536457, 33.548950398590769 ], [ -84.209142141228938, 33.548910397971689 ], [ -84.209091140276982, 33.548866397943087 ], [ -84.209003140413444, 33.548803398152458 ], [ -84.208956140557774, 33.548771398502652 ], [ -84.208810140967913, 33.548661397837932 ], [ -84.208742140297531, 33.548617398431269 ], [ -84.208639140365378, 33.548550397556077 ], [ -84.208445140196616, 33.548485397830724 ], [ -84.208318140873331, 33.548454397541363 ], [ -84.208227140636723, 33.548458397700081 ], [ -84.208038140490842, 33.548441398334383 ], [ -84.207915140467193, 33.54842939785533 ], [ -84.207727140146218, 33.548434398242335 ], [ -84.207606139772395, 33.54842239851093 ], [ -84.20743313952002, 33.548405398389527 ], [ -84.207250140120252, 33.548358398168624 ], [ -84.207133139944375, 33.54832839731332 ], [ -84.206725140413695, 33.548210397990808 ], [ -84.206622139583217, 33.548180397832802 ], [ -84.206357139269343, 33.548071398144366 ], [ -84.20620213945864, 33.548003398111113 ], [ -84.206048139472841, 33.547871398069958 ], [ -84.205950139563555, 33.54775139765335 ], [ -84.205858139502055, 33.547571397839008 ], [ -84.205824140065189, 33.547426397778281 ], [ -84.205790139729984, 33.547273397796353 ], [ -84.205783140057306, 33.5470063975459 ], [ -84.205210138873539, 33.547123397521673 ], [ -84.20486513909205, 33.547195398464638 ], [ -84.204262139567703, 33.547304397760719 ], [ -84.203492138740444, 33.547478397451137 ], [ -84.202922138828043, 33.547609397856036 ], [ -84.202624138902195, 33.547675397727595 ], [ -84.201843138204296, 33.547855398073985 ], [ -84.20173113894964, 33.547866397650424 ], [ -84.201524138362061, 33.547892398481352 ], [ -84.2014281381026, 33.547889397781184 ], [ -84.201055137833706, 33.547877398722783 ], [ -84.200959137574245, 33.547869398351381 ], [ -84.200618137990702, 33.54784939816826 ], [ -84.19955713780864, 33.547744397505397 ], [ -84.199091137653312, 33.547699398144843 ], [ -84.199071137561816, 33.547697398422237 ], [ -84.198668138054018, 33.547650397816227 ], [ -84.198650137612347, 33.547647397856295 ], [ -84.198606137231408, 33.54764539888123 ], [ -84.198428137854492, 33.547642398172435 ], [ -84.198273137145492, 33.547644398644955 ], [ -84.198102137441253, 33.547650397816227 ], [ -84.19793013791211, 33.54767639796345 ], [ -84.197806137165244, 33.547734398148613 ], [ -84.197703137233091, 33.547783397680909 ], [ -84.197452137162912, 33.548030398383936 ], [ -84.197330136964183, 33.548133397489458 ], [ -84.197309137047768, 33.548150398413071 ], [ -84.196963136543062, 33.548458398448709 ], [ -84.196770137097516, 33.548588397891194 ], [ -84.196623137682749, 33.548634398510963 ], [ -84.196586136974503, 33.54863939888606 ], [ -84.196556136837287, 33.548638398661339 ], [ -84.196404137399639, 33.548635398735726 ], [ -84.196009136491114, 33.548600399096848 ], [ -84.195858136878371, 33.548582398036423 ], [ -84.195568137348459, 33.548546398150307 ], [ -84.195168136417067, 33.54853239873129 ], [ -84.194444135620572, 33.548508398545408 ], [ -84.192771135693292, 33.548510398249199 ], [ -84.191453135593278, 33.548519398787406 ], [ -84.190914134744716, 33.548567398397644 ], [ -84.190854135368582, 33.548582398036423 ], [ -84.190736134469475, 33.548611398578458 ], [ -84.190480135274754, 33.548627398434498 ], [ -84.190059135325285, 33.548592398792387 ], [ -84.189764134874167, 33.548533398957218 ], [ -84.189389134955462, 33.548520399013491 ], [ -84.186708134549562, 33.54845439903869 ], [ -84.186369133717534, 33.548429398604007 ], [ -84.186481134768854, 33.547770398373039 ], [ -84.186587134175724, 33.546847397593702 ], [ -84.18662413398566, 33.546488398565558 ], [ -84.186610133741951, 33.546129398045998 ], [ -84.186563133886295, 33.545761398205151 ], [ -84.186898133622051, 33.545527398150497 ], [ -84.187492134722206, 33.545113397768567 ], [ -84.187933133864846, 33.544810397637228 ], [ -84.18925613398774, 33.543905397228045 ], [ -84.189698134751936, 33.543604397919516 ], [ -84.189873134654107, 33.543484397567134 ], [ -84.190539135724308, 33.543012397559181 ], [ -84.192220135149171, 33.541822397077155 ], [ -84.193009135344681, 33.541316396943408 ], [ -84.193090135535527, 33.541278397154116 ], [ -84.193733136141176, 33.540987397070943 ], [ -84.194034135541742, 33.540875397099455 ], [ -84.194265136418736, 33.540798396800866 ], [ -84.194762135637873, 33.540672396640801 ], [ -84.19533613664656, 33.540564396785264 ], [ -84.195666136359435, 33.540526397414041 ], [ -84.195948136391735, 33.540495396515688 ], [ -84.196995137228427, 33.54041839662731 ], [ -84.198313137328455, 33.540305396346049 ], [ -84.198764137415154, 33.540267396861012 ], [ -84.198929137271605, 33.540252396527698 ], [ -84.199065136815719, 33.540239396086911 ], [ -84.199218137874922, 33.540225396819579 ], [ -84.200086137713143, 33.540152396485176 ], [ -84.200376137243055, 33.540129396541388 ], [ -84.201466137737441, 33.540059397098048 ], [ -84.201765138386506, 33.54004039618038 ], [ -84.202458138322541, 33.539989396100502 ], [ -84.203857138613415, 33.539892395982953 ], [ -84.204103138660699, 33.539892395982953 ], [ -84.204409138084145, 33.539894395886108 ], [ -84.204842138627512, 33.539910395858598 ], [ -84.205089138499702, 33.539920396869412 ], [ -84.205142139101469, 33.539921396446324 ], [ -84.205301139110134, 33.539927396153672 ], [ -84.20535513953682, 33.539930396381607 ], [ -84.205555139553354, 33.539938396739238 ], [ -84.206158139976026, 33.539963395886666 ], [ -84.206359138919154, 33.539972395817564 ], [ -84.206794139112347, 33.539995396551895 ], [ -84.207966139622499, 33.540057396449939 ], [ -84.208100139516802, 33.540065396047062 ], [ -84.208242139807027, 33.540073396392259 ], [ -84.208535140608305, 33.540101395722573 ], [ -84.208761139665796, 33.54012239577596 ], [ -84.208823140488391, 33.54013239601354 ], [ -84.208999140215482, 33.540161395647644 ], [ -84.209359140963898, 33.540221396279762 ], [ -84.209976140731953, 33.54037239537773 ], [ -84.210246140170398, 33.540456396046018 ], [ -84.210361140696435, 33.540497396404902 ], [ -84.210803140562305, 33.540654396175086 ], [ -84.211670140575634, 33.540995396582041 ], [ -84.212619140604716, 33.541368395800454 ], [ -84.213093141155952, 33.541562395608679 ], [ -84.214182141825432, 33.541998396429243 ], [ -84.21426714221424, 33.542032396194735 ], [ -84.214431141347461, 33.542099396133843 ], [ -84.214569141439711, 33.54215539646777 ], [ -84.215133141504324, 33.542379396691821 ], [ -84.21521514152009, 33.542411396462533 ], [ -84.215319142175488, 33.542453396939109 ], [ -84.215463142115524, 33.542510396590629 ], [ -84.21554614195621, 33.54254339660811 ], [ -84.215881142590277, 33.542676396097079 ], [ -84.216525142122521, 33.542932396046048 ], [ -84.216888142345681, 33.543070396382468 ], [ -84.216906142787337, 33.543077396909098 ], [ -84.217232143200562, 33.543182395755686 ], [ -84.217408142927667, 33.543228396258399 ], [ -84.217778142823533, 33.543329396771696 ], [ -84.217942142855051, 33.543363396013561 ], [ -84.218023143045897, 33.543381396663811 ], [ -84.218053143183141, 33.543387396879695 ], [ -84.218122142780103, 33.543398396276146 ], [ -84.218188142902335, 33.543408396883358 ], [ -84.218386143269058, 33.543439395988173 ], [ -84.218452142492993, 33.543451397160219 ], [ -84.218574142691722, 33.543462396548534 ], [ -84.218871143690961, 33.543490397027142 ], [ -84.218940143287938, 33.543493396382651 ], [ -84.219063143311587, 33.543501396410541 ], [ -84.219130142360413, 33.543504396514344 ], [ -84.219161143220873, 33.543507396618111 ], [ -84.219334143473233, 33.543507396618111 ], [ -84.219403143070195, 33.543507396618111 ], [ -84.220562143161573, 33.543521396102548 ], [ -84.223128143939732, 33.543572396344395 ], [ -84.223315144435801, 33.543577396263743 ], [ -84.22387714485059, 33.543594395837587 ], [ -84.22406514427324, 33.543602396604797 ], [ -84.224242144723561, 33.54360839680534 ], [ -84.224774145001149, 33.543628395723871 ], [ -84.224952145276362, 33.543635396205303 ], [ -84.225438144624846, 33.543657396431122 ], [ -84.22570414476364, 33.543669396075458 ], [ -84.226131144560895, 33.54368339628239 ], [ -84.228934146063835, 33.543775395981257 ], [ -84.228985146117466, 33.543776396262309 ], [ -84.229141145753061, 33.543782396450787 ], [ -84.229193145631626, 33.543784395515203 ], [ -84.229652146114233, 33.543814396450735 ], [ -84.229755146944711, 33.543821396168319 ], [ -84.229927146473855, 33.543843395598131 ], [ -84.230642146151197, 33.543985395594348 ], [ -84.231007146024197, 33.54406439585506 ], [ -84.231457146285976, 33.544164395863568 ], [ -84.231487147321516, 33.544170396773822 ], [ -84.231578146659814, 33.544188396507195 ], [ -84.23160914752026, 33.544195395445882 ], [ -84.231815146486269, 33.544210396592234 ], [ -84.232058147058837, 33.544230396120184 ], [ -84.232436147350597, 33.544238396079834 ], [ -84.232644147763068, 33.544243395960642 ], [ -84.232732147626621, 33.544245396511855 ], [ -84.232937146767711, 33.544250396392208 ], [ -84.233107147545326, 33.544252395445866 ], [ -84.233541147913598, 33.544257396074535 ], [ -84.233903147413542, 33.544266396307023 ], [ -84.234358147698217, 33.54427839586684 ], [ -84.235309148275434, 33.544296395577767 ], [ -84.237464148251547, 33.544323396260182 ], [ -84.237524148525992, 33.544323396260182 ], [ -84.237703148626139, 33.544323396260182 ], [ -84.238760148610254, 33.544321395710774 ], [ -84.240428149412963, 33.544274395514627 ], [ -84.241177149425496, 33.544305395806134 ], [ -84.241511150234658, 33.544328396136073 ], [ -84.242080150322138, 33.544397395591638 ], [ -84.242585149937213, 33.544481396091413 ], [ -84.242999150214004, 33.54457939582263 ], [ -84.244772151497003, 33.544984395611245 ], [ -84.248183151648846, 33.545733396216292 ], [ -84.248687152337325, 33.545890396207788 ], [ -84.249031151395599, 33.546024396041737 ], [ -84.249277152341207, 33.546129395799881 ], [ -84.249527152586467, 33.546256396492026 ], [ -84.249756152017, 33.546383395500172 ], [ -84.249958152581684, 33.546508396068944 ], [ -84.25038415255402, 33.546778396350909 ], [ -84.250568151778722, 33.546901396607311 ], [ -84.251121152870994, 33.547277395763651 ], [ -84.251305152994007, 33.547403396026894 ], [ -84.253610152757943, 33.548951396565876 ], [ -84.254648153373807, 33.549652396745905 ], [ -84.254889154296535, 33.549815396124458 ], [ -84.257278154624373, 33.55142739723464 ], [ -84.257663155487165, 33.551706396576279 ], [ -84.257911155184289, 33.551890396759937 ], [ -84.258232154676335, 33.552190396219054 ], [ -84.258555155614843, 33.552549397010004 ], [ -84.258782155395579, 33.552856396909682 ], [ -84.258996154757497, 33.553251397365592 ], [ -84.259222155611624, 33.553671397935062 ], [ -84.259264155444413, 33.553749397409597 ] ] ] ] } },
{ "type": "Feature", "properties": { "STATEFP": "13", "COUNTYFP": "063", "TRACTCE": "040306", "GEOID": "13063040306", "GEOIDFQ": "1400000US13063040306", "NAME": "403.06", "NAMELSAD": "Census Tract 403.06", "MTFCC": "G5020", "FUNCSTAT": "S", "ALAND": 4372981.0, "AWATER": 6166.0, "INTPTLAT": "+33.6042653", "INTPTLON": "-084.3869022", "OBJECTID": 342, "CensusTract": "13063040306", "State": "Georgia", "County": "Clayton County", "Urban": 1, "Pop2010": 4372, "OHU2010": 1370, "GroupQuartersFlag": 0, "NUMGQTRS": 0, "PCTGQTRS": 0.0, "LILATracts_1And10": 1, "LILATracts_halfAnd10": 1, "LILATracts_1And20": 1, "LILATracts_Vehicle": 1, "Shape_Length": 11670.348107024343, "Shape_Area": 6329440.0222396636 }, "geometry": { "type": "MultiPolygon", "coordinates": [ [ [ [ -84.398300198366499, 33.61745740582974 ], [ -84.398137198159887, 33.61749740610562 ], [ -84.397771198461982, 33.61761640590008 ], [ -84.397372199152144, 33.617734406106095 ], [ -84.397306198131588, 33.617752406212063 ], [ -84.396774197854029, 33.617868405890505 ], [ -84.396031197689268, 33.618020406264634 ], [ -84.395842198441699, 33.618043406406194 ], [ -84.394648197291914, 33.618186405717353 ], [ -84.393606197376428, 33.618278406817524 ], [ -84.393266197617805, 33.618308405805216 ], [ -84.393001197303931, 33.618332406035194 ], [ -84.391354196417609, 33.618473406783714 ], [ -84.391313196409726, 33.618477405942087 ], [ -84.389041196257764, 33.618630406900039 ], [ -84.388931195754594, 33.618638405950151 ], [ -84.388533196269634, 33.618668407056752 ], [ -84.388251195339024, 33.618706406448638 ], [ -84.388153195429723, 33.618723406938919 ], [ -84.387327196322602, 33.618869406346974 ], [ -84.386471196179954, 33.619072406977928 ], [ -84.384519194796795, 33.619507406719677 ], [ -84.383637194714879, 33.619713407043555 ], [ -84.383284194537453, 33.619778406996339 ], [ -84.383288194735414, 33.619523406900441 ], [ -84.383333194941258, 33.616607405865075 ], [ -84.383327194195161, 33.616181405915135 ], [ -84.383299194606082, 33.615794406226662 ], [ -84.383215194940476, 33.615349405942879 ], [ -84.382693193810368, 33.613163405786231 ], [ -84.382105193456297, 33.610897404912755 ], [ -84.38105819351793, 33.607235404634054 ], [ -84.381048193472182, 33.607199404514624 ], [ -84.380782193333388, 33.606227404584949 ], [ -84.380070193130791, 33.60620840475886 ], [ -84.379958192977782, 33.606196404078965 ], [ -84.379593192206485, 33.606190403738395 ], [ -84.379046192758636, 33.606172403462352 ], [ -84.378752192132438, 33.606162404138715 ], [ -84.37834719207649, 33.606149404642082 ], [ -84.377975192530812, 33.606030404727683 ], [ -84.377141192129471, 33.605762403306585 ], [ -84.375039191856786, 33.605672404434777 ], [ -84.375017191217168, 33.605672404434777 ], [ -84.374450191677823, 33.605686403567162 ], [ -84.374407191121804, 33.605551403982986 ], [ -84.374386191205417, 33.605171404434131 ], [ -84.374385191380497, 33.604864403522392 ], [ -84.374400191449112, 33.604730403722485 ], [ -84.3744271912133, 33.60459740403892 ], [ -84.374467191396263, 33.604466404054484 ], [ -84.374487191487731, 33.604416403442485 ], [ -84.374519191274786, 33.604338403357652 ], [ -84.374566191130469, 33.604246403838403 ], [ -84.37466219138993, 33.603923404041268 ], [ -84.374687191504293, 33.603806403966743 ], [ -84.374708191420694, 33.603765403736858 ], [ -84.374713191443576, 33.603748404037255 ], [ -84.374733191535043, 33.603677403451215 ], [ -84.374736191009788, 33.603587403899461 ], [ -84.374729191337082, 33.603543403302929 ], [ -84.374716190918292, 33.60349940343221 ], [ -84.374698191374947, 33.603457404214765 ], [ -84.374656190643847, 33.603390403247531 ], [ -84.374513191427013, 33.603117403882656 ], [ -84.374398191799301, 33.602654403734697 ], [ -84.374318191433346, 33.602461403845489 ], [ -84.374301191714906, 33.602424403627388 ], [ -84.374267190481405, 33.60235240309688 ], [ -84.374238191067406, 33.602266403569097 ], [ -84.374221191348965, 33.602177402897269 ], [ -84.374218190975924, 33.602087403276322 ], [ -84.374223190998791, 33.602019403134612 ], [ -84.374214190777963, 33.601882403082328 ], [ -84.374208190930176, 33.601811403204408 ], [ -84.374148191554042, 33.601674403569881 ], [ -84.374140191158119, 33.601575403179723 ], [ -84.374131190937277, 33.601171403553103 ], [ -84.374117190693596, 33.60111540332958 ], [ -84.374092190579233, 33.601013403443517 ], [ -84.374021191332446, 33.600860403388332 ], [ -84.37389519003743, 33.600397403093261 ], [ -84.373768190714117, 33.599979403128728 ], [ -84.373752190820611, 33.599799402945898 ], [ -84.373752190820611, 33.599619402387418 ], [ -84.373760190318208, 33.599519402995519 ], [ -84.373751190995691, 33.599448402668578 ], [ -84.373743190599768, 33.599381403075704 ], [ -84.373736190927062, 33.599319403115722 ], [ -84.373700190043749, 33.599012403067448 ], [ -84.373665190781949, 33.598927402843891 ], [ -84.373641191390831, 33.598887402929698 ], [ -84.373598190834798, 33.598830403076107 ], [ -84.373475190811163, 33.598620402896621 ], [ -84.373436190453091, 33.5984884024152 ], [ -84.373422191107707, 33.598419402780323 ], [ -84.373409190688918, 33.598355402082881 ], [ -84.373391190247261, 33.598167402799106 ], [ -84.373361191008357, 33.598034402720003 ], [ -84.373300190908978, 33.597861402793995 ], [ -84.373239190809613, 33.597736402484486 ], [ -84.373167190839595, 33.597615402120027 ], [ -84.373098190344294, 33.597520402438441 ], [ -84.372902190525721, 33.59719540281511 ], [ -84.372871190563586, 33.597109401885682 ], [ -84.372854190845146, 33.597020402625837 ], [ -84.37285119047209, 33.596930402112243 ], [ -84.372856190494971, 33.596885402942654 ], [ -84.37286819019053, 33.596830401847228 ], [ -84.372970190297778, 33.596407401950103 ], [ -84.373079190077732, 33.596040402037318 ], [ -84.373179190535154, 33.595456402402192 ], [ -84.373186190207846, 33.595321401767535 ], [ -84.373179190535154, 33.595186402418136 ], [ -84.373171191037557, 33.595121401880007 ], [ -84.37315219077098, 33.595031402377941 ], [ -84.373151190946061, 33.595009401770355 ], [ -84.373160190268592, 33.594961401785774 ], [ -84.373167190839595, 33.594877402496678 ], [ -84.373205190474422, 33.594716402258776 ], [ -84.373275189896304, 33.594555401720356 ], [ -84.373285190840363, 33.594511401753259 ], [ -84.373288191213419, 33.594466402069884 ], [ -84.373284191015458, 33.594421401614703 ], [ -84.373273190246493, 33.594377401579301 ], [ -84.373254189979917, 33.594335401660651 ], [ -84.373230190588785, 33.594295401113307 ], [ -84.373187190931077, 33.59424740147962 ], [ -84.372970190297778, 33.593944401632193 ], [ -84.372774190479205, 33.593633401595667 ], [ -84.372639189861673, 33.593468401710517 ], [ -84.372615190470555, 33.593428401509414 ], [ -84.372584190508405, 33.5933914019055 ], [ -84.372547190698484, 33.593359400819637 ], [ -84.372504190142479, 33.593332401998694 ], [ -84.372456189563565, 33.593311401413381 ], [ -84.372375189372718, 33.593291401278712 ], [ -84.372235190528954, 33.593270401431667 ], [ -84.372185190300243, 33.593254401616043 ], [ -84.37214218974421, 33.59322740126575 ], [ -84.372109190132264, 33.593192401741256 ], [ -84.372089190040754, 33.593150401245602 ], [ -84.372091189690593, 33.593068401109697 ], [ -84.372118190353078, 33.592788401755563 ], [ -84.372169190406694, 33.592267400610453 ], [ -84.372175190254495, 33.592051401085833 ], [ -84.372133190421678, 33.591968401678983 ], [ -84.372116189804927, 33.591887401639866 ], [ -84.372026189393253, 33.59165140139725 ], [ -84.371912189590446, 33.591143401132037 ], [ -84.371870189757658, 33.591012400914359 ], [ -84.371843189993484, 33.590880401510518 ], [ -84.371840189620428, 33.590858401340832 ], [ -84.373082190450774, 33.590852400681321 ], [ -84.375442190466288, 33.590914400741326 ], [ -84.377027191428326, 33.590973400805396 ], [ -84.377930192324982, 33.590951400659364 ], [ -84.378562191263327, 33.591098400439904 ], [ -84.37990719202584, 33.591489400647639 ], [ -84.380439192303413, 33.591644400317954 ], [ -84.381625192158936, 33.591989401094693 ], [ -84.382758193209369, 33.592343400203653 ], [ -84.383418193533444, 33.592553401449088 ], [ -84.384112194192696, 33.592798401133486 ], [ -84.384380193981301, 33.592828401505145 ], [ -84.384683193031705, 33.592793400322208 ], [ -84.384907194235993, 33.592749400952911 ], [ -84.385235193400746, 33.592611401425039 ], [ -84.385414194399218, 33.592518401651176 ], [ -84.38561019421779, 33.592424400562898 ], [ -84.385645193479576, 33.592408400590358 ], [ -84.385888194052129, 33.5922824008899 ], [ -84.385897194272971, 33.592295400980348 ], [ -84.386536193782334, 33.593243400338082 ], [ -84.386718194255522, 33.593499400806024 ], [ -84.388221195201794, 33.595628401485769 ], [ -84.389017195070011, 33.596721401463661 ], [ -84.389724195249741, 33.597733402019884 ], [ -84.389732194747353, 33.597745401632864 ], [ -84.389815195486335, 33.597860402391184 ], [ -84.390098196241865, 33.598252401527027 ], [ -84.39043119632781, 33.598731402413904 ], [ -84.390899196132949, 33.599438402565113 ], [ -84.391184195639994, 33.599888402330905 ], [ -84.391547195863154, 33.600492402598576 ], [ -84.392587196128815, 33.602279402902873 ], [ -84.393146196170576, 33.603262403197988 ], [ -84.394483197435491, 33.605652403425786 ], [ -84.395208198056878, 33.606912403315548 ], [ -84.395359197669634, 33.607225403189169 ], [ -84.39548619699292, 33.607477403633766 ], [ -84.39578519764197, 33.608156404199491 ], [ -84.395923197734234, 33.608497403644243 ], [ -84.396169197781532, 33.609163403867591 ], [ -84.396353197904546, 33.609738404802656 ], [ -84.396517197936063, 33.610386404271878 ], [ -84.396655198028327, 33.610909404190117 ], [ -84.39674419861511, 33.611237404489515 ], [ -84.396773198029109, 33.611350404716461 ], [ -84.396844198174222, 33.611622404701642 ], [ -84.396933197862694, 33.611960404680978 ], [ -84.396960198525178, 33.612059405116746 ], [ -84.397215198793319, 33.612859404096085 ], [ -84.397616198651292, 33.614236405174175 ], [ -84.397789198005341, 33.614847405867266 ], [ -84.398155198601543, 33.616246405539648 ], [ -84.398224199096845, 33.616499405982204 ], [ -84.398507198954064, 33.617403405315713 ], [ -84.398300198366499, 33.61745740582974 ] ] ] ] } },
{ "type": "Feature", "properties": { "STATEFP": "13", "COUNTYFP": "063", "TRACTCE": "040525", "GEOID": "13063040525", "GEOIDFQ": "1400000US13063040525", "NAME": "405.25", "NAMELSAD": "Census Tract 405.25", "MTFCC": "G5020", "FUNCSTAT": "S", "ALAND": 2320310.0, "AWATER": 20086.0, "INTPTLAT": "+33.4980413", "INTPTLON": "-084.3954969", "OBJECTID": 370, "CensusTract": "13063040525", "State": "Georgia", "County": "Clayton County", "Urban": 1, "Pop2010": 2707, "OHU2010": 941, "GroupQuartersFlag": 0, "NUMGQTRS": 4, "PCTGQTRS": 0.147765054, "LILATracts_1And10": 1, "LILATracts_halfAnd10": 1, "LILATracts_1And20": 1, "LILATracts_Vehicle": 0, "Shape_Length": 10243.748224819825, "Shape_Area": 3374796.3600153578 }, "geometry": { "type": "MultiPolygon", "coordinates": [ [ [ [ -84.408834196426, 33.518395384038747 ], [ -84.405435195969702, 33.518344383922702 ], [ -84.40445819545323, 33.518329384279312 ], [ -84.403225195742024, 33.518312384230988 ], [ -84.401422194321782, 33.51827438481579 ], [ -84.401429194892799, 33.518257384007711 ], [ -84.401457194481878, 33.51813038412115 ], [ -84.401476194748454, 33.518001384387439 ], [ -84.401510194185335, 33.517870384048848 ], [ -84.401607194269715, 33.517611384527854 ], [ -84.401637194406931, 33.517477384089609 ], [ -84.401647194452693, 33.517342383605801 ], [ -84.401633194208983, 33.517157384181829 ], [ -84.401642194429812, 33.517068383390907 ], [ -84.401669194193985, 33.516979384006319 ], [ -84.401712194750019, 33.516898384023989 ], [ -84.401740195237409, 33.51686038398767 ], [ -84.401827194377745, 33.516763384134592 ], [ -84.401855194865149, 33.516723383599832 ], [ -84.401897194697952, 33.516641383531812 ], [ -84.401911194941647, 33.516598384150065 ], [ -84.401924194462126, 33.516508383685412 ], [ -84.401918194614339, 33.51641838387615 ], [ -84.401906194020441, 33.516368383941575 ], [ -84.401832194400598, 33.515934383895079 ], [ -84.401815194682172, 33.515347384351315 ], [ -84.401803194088288, 33.515257383334188 ], [ -84.401779194697156, 33.515170384059502 ], [ -84.401744193638734, 33.515085383676386 ], [ -84.40169719468139, 33.51500338355369 ], [ -84.401641194604906, 33.514927383297504 ], [ -84.401563194787087, 33.514845383025047 ], [ -84.401490194093839, 33.514779383553062 ], [ -84.401395193659297, 33.514670382941716 ], [ -84.401334193559933, 33.514579383597372 ], [ -84.401261193764995, 33.514410383705062 ], [ -84.401206194411728, 33.514235383490892 ], [ -84.401179193749229, 33.514102383690492 ], [ -84.401168193878561, 33.514024383639239 ], [ -84.401175194449578, 33.513799383471948 ], [ -84.401157194906219, 33.513672383781575 ], [ -84.40111619489835, 33.513609383807029 ], [ -84.401111193977172, 33.5133833826768 ], [ -84.401128194593923, 33.513294383246198 ], [ -84.401143193764227, 33.513250383064658 ], [ -84.401189194693274, 33.51317038322204 ], [ -84.401251194617558, 33.51309738326362 ], [ -84.40128819442748, 33.513064383241719 ], [ -84.401349194526858, 33.513025383131456 ], [ -84.401371194268165, 33.513010383314828 ], [ -84.401467194527612, 33.512969383403316 ], [ -84.40151219383516, 33.51294538308079 ], [ -84.401594193850926, 33.512887383522084 ], [ -84.401665193996038, 33.51281938277603 ], [ -84.401722194795752, 33.512743382848328 ], [ -84.401758194780768, 33.512675383487093 ], [ -84.401819194880133, 33.512433383101936 ], [ -84.402158193915525, 33.511880382661801 ], [ -84.402414194008557, 33.511398382572843 ], [ -84.402445193970706, 33.51130038268002 ], [ -84.402472194633205, 33.511168382771274 ], [ -84.402487193803509, 33.511033382928623 ], [ -84.402484194328778, 33.510853382311559 ], [ -84.402474194283016, 33.510762382697578 ], [ -84.402463194412377, 33.510695382443281 ], [ -84.402303194578806, 33.510277382614134 ], [ -84.402194193900542, 33.510121383034907 ], [ -84.402100194189217, 33.510011382624796 ], [ -84.401960193548803, 33.509876382475127 ], [ -84.401844194096185, 33.509782382806854 ], [ -84.400863194280049, 33.509092382164084 ], [ -84.400579193699599, 33.508879381883411 ], [ -84.400495193135697, 33.50876338177023 ], [ -84.400432194284832, 33.508639382742921 ], [ -84.400390193553719, 33.508508381711003 ], [ -84.400375194383415, 33.508418382568095 ], [ -84.400369193637317, 33.508324382065076 ], [ -84.400375194383415, 33.507765381889058 ], [ -84.400409193820295, 33.507340381714677 ], [ -84.400391194276935, 33.50716238156609 ], [ -84.400381193332876, 33.507101382756495 ], [ -84.400359193591569, 33.507030382086349 ], [ -84.400247193438574, 33.50665238249637 ], [ -84.400082193582136, 33.506396382244574 ], [ -84.399456193593252, 33.505148381689423 ], [ -84.399178192860575, 33.504591381193549 ], [ -84.399147193796765, 33.504503381695059 ], [ -84.399117192761224, 33.504453380867623 ], [ -84.399071193628771, 33.504404381496833 ], [ -84.398995192562467, 33.504340381527918 ], [ -84.398909193247079, 33.504286381400235 ], [ -84.398461193533407, 33.504070381301688 ], [ -84.398419192802294, 33.504062381370879 ], [ -84.398248193098084, 33.503994381180426 ], [ -84.398235192679294, 33.503976381319305 ], [ -84.398119192328323, 33.503963380668289 ], [ -84.39809319328738, 33.503946380793472 ], [ -84.398071192647762, 33.503955381476665 ], [ -84.398018192944306, 33.503958381454503 ], [ -84.397967192890675, 33.503945380800715 ], [ -84.397906192791325, 33.503896381142397 ], [ -84.397491192689614, 33.503734381325337 ], [ -84.396889192091862, 33.503343380827701 ], [ -84.396540192112411, 33.503110381333023 ], [ -84.396227192117962, 33.502778380651257 ], [ -84.395397191914569, 33.501723380385727 ], [ -84.395152191692176, 33.501284380925725 ], [ -84.3949281913862, 33.500847380794553 ], [ -84.39484819191857, 33.500647380099771 ], [ -84.394718192222228, 33.500320380631351 ], [ -84.394688191186688, 33.500282380805473 ], [ -84.394666191445381, 33.500241380107198 ], [ -84.394652191201672, 33.500197380779632 ], [ -84.394646191353885, 33.500153380680651 ], [ -84.394648191003711, 33.500108380522157 ], [ -84.394661192320811, 33.500057380863616 ], [ -84.394664190897245, 33.499967380423485 ], [ -84.394648191003711, 33.49983238033699 ], [ -84.394397190933546, 33.498796380367672 ], [ -84.394174191350771, 33.497980380345886 ], [ -84.394087191312153, 33.497645380017602 ], [ -84.393978191532213, 33.497335380124348 ], [ -84.393927190580257, 33.496874379999156 ], [ -84.393866190480907, 33.496702380509859 ], [ -84.393821191173359, 33.496525380286684 ], [ -84.393801191081877, 33.49641238033589 ], [ -84.393698191149724, 33.495525379948241 ], [ -84.393673191035361, 33.494946379830203 ], [ -84.393672190312117, 33.494304379791515 ], [ -84.393671190487225, 33.493937379757043 ], [ -84.393699190974644, 33.493758379653499 ], [ -84.393746191728596, 33.493581379404837 ], [ -84.393991191052677, 33.492942379343511 ], [ -84.39406219119779, 33.492736379130989 ], [ -84.394087191312153, 33.49269637872748 ], [ -84.394103191205673, 33.492652378561864 ], [ -84.394110190878379, 33.492607378999345 ], [ -84.39410919105346, 33.49256237866426 ], [ -84.394099191007726, 33.492526379428213 ], [ -84.393976190984077, 33.492351379161967 ], [ -84.394164191305038, 33.492056378747343 ], [ -84.394450190637002, 33.491554379413799 ], [ -84.394532190652754, 33.491346378619291 ], [ -84.394703190356992, 33.491076378319519 ], [ -84.394874191857838, 33.490789378465166 ], [ -84.395044190838831, 33.490356378398836 ], [ -84.395140191098307, 33.490069378405714 ], [ -84.395176191083323, 33.489984378092082 ], [ -84.395201191197671, 33.489896378728304 ], [ -84.39521419071815, 33.489807378369882 ], [ -84.395215191441366, 33.489725379019298 ], [ -84.395200191372751, 33.489497378132889 ], [ -84.395166191037561, 33.489365378685989 ], [ -84.395141190923198, 33.489185377958066 ], [ -84.395138191448481, 33.489033378483832 ], [ -84.395191191151923, 33.488734378079002 ], [ -84.395202191022577, 33.488534378620145 ], [ -84.395176191083323, 33.488400377360762 ], [ -84.395066191478449, 33.488013377988409 ], [ -84.395043191013926, 33.487972377473497 ], [ -84.395028190945297, 33.487929378082086 ], [ -84.395019190724469, 33.48788537849105 ], [ -84.395017191074643, 33.487840377949723 ], [ -84.395022191097524, 33.487795377385012 ], [ -84.395034191691394, 33.487750378295274 ], [ -84.395054190884579, 33.487709378405071 ], [ -84.395246191403501, 33.487435378019008 ], [ -84.395403191762341, 33.487257378145927 ], [ -84.395432191176354, 33.487218377645036 ], [ -84.395456191465797, 33.487179377875798 ], [ -84.395473191184223, 33.48713637734145 ], [ -84.395483190331646, 33.487091377909309 ], [ -84.395487190529607, 33.48704437807789 ], [ -84.395484191054891, 33.487001377476517 ], [ -84.395474191009143, 33.486958377602996 ], [ -84.395455191640878, 33.486916377897607 ], [ -84.395429190803299, 33.486876377802446 ], [ -84.395397191016244, 33.486840377701022 ], [ -84.395798190874245, 33.486635377400155 ], [ -84.396424190863144, 33.487410377924206 ], [ -84.396792191109157, 33.487716378168408 ], [ -84.397438191189536, 33.488098377989076 ], [ -84.398440191820399, 33.4886483785331 ], [ -84.399879192294236, 33.489531377560539 ], [ -84.400416193492973, 33.489934378617782 ], [ -84.400684193281592, 33.490277378521718 ], [ -84.401131193170329, 33.491048378850721 ], [ -84.402136193275894, 33.492665378664185 ], [ -84.403107193944621, 33.494479379107126 ], [ -84.403212193526613, 33.494859378864582 ], [ -84.403259194280579, 33.495655378817517 ], [ -84.403358194014771, 33.496740379659876 ], [ -84.403488193711112, 33.497998379955632 ], [ -84.403617193582562, 33.498877380065863 ], [ -84.403620193955604, 33.49901938049139 ], [ -84.403628194351512, 33.499339380807385 ], [ -84.403650194092819, 33.499639379842094 ], [ -84.403665194161448, 33.499841380698875 ], [ -84.40373219500691, 33.500009379791571 ], [ -84.403756194398028, 33.500117380855343 ], [ -84.403873193675594, 33.500334381114989 ], [ -84.404132194141681, 33.500671380087653 ], [ -84.404358194097497, 33.500852380187972 ], [ -84.404514193733078, 33.501108380358318 ], [ -84.405249195298566, 33.502089381108746 ], [ -84.405559194919945, 33.502517380879482 ], [ -84.406132194307091, 33.503327380831017 ], [ -84.406145195624191, 33.503366380817752 ], [ -84.40620619572357, 33.503541381290887 ], [ -84.406273194772396, 33.503730380595478 ], [ -84.40641219558789, 33.504216380657461 ], [ -84.406776194737645, 33.505907381780169 ], [ -84.407278195776286, 33.508401382070353 ], [ -84.40743819560987, 33.508832382644044 ], [ -84.40763919545131, 33.509291382138983 ], [ -84.407816195901646, 33.509695382520903 ], [ -84.408227195805367, 33.510405381962791 ], [ -84.408313196917419, 33.510861383112569 ], [ -84.408296195402343, 33.511072382438755 ], [ -84.408212196635063, 33.51214238255649 ], [ -84.408162195508055, 33.513142383409402 ], [ -84.408145195789615, 33.51332038324081 ], [ -84.408123196048294, 33.513689383243801 ], [ -84.408103195956812, 33.513944383763295 ], [ -84.40806419559874, 33.514248383347741 ], [ -84.408043195682339, 33.51435838286524 ], [ -84.408034196359836, 33.514452383554051 ], [ -84.407963197113048, 33.515049383321497 ], [ -84.408055196276237, 33.515659383857006 ], [ -84.408343196156309, 33.517012383283941 ], [ -84.408491196294321, 33.517463383383493 ], [ -84.408816196882654, 33.518327383877313 ], [ -84.408834196426, 33.518395384038747 ] ] ] ] } },
{ "type": "Feature", "properties": { "STATEFP": "13", "COUNTYFP": "063", "TRACTCE": "040521", "GEOID": "13063040521", "GEOIDFQ": "1400000US13063040521", "NAME": "405.21", "NAMELSAD": "Census Tract 405.21", "MTFCC": "G5020", "FUNCSTAT": "S", "ALAND": 2623911.0, "AWATER": 0.0, "INTPTLAT": "+33.5697564", "INTPTLON": "-084.3905399", "OBJECTID": 366, "CensusTract": "13063040521", "State": "Georgia", "County": "Clayton County", "Urban": 1, "Pop2010": 3054, "OHU2010": 998, "GroupQuartersFlag": 0, "NUMGQTRS": 0, "PCTGQTRS": 0.0, "LILATracts_1And10": 1, "LILATracts_halfAnd10": 1, "LILATracts_1And20": 1, "LILATracts_Vehicle": 0, "Shape_Length": 9233.3931294865106, "Shape_Area": 3789435.2990998807 }, "geometry": { "type": "MultiPolygon", "coordinates": [ [ [ [ -84.407260199826212, 33.572312396394388 ], [ -84.405784198644113, 33.572295396483987 ], [ -84.405263198237222, 33.572325395751271 ], [ -84.404778198713629, 33.572461395642186 ], [ -84.404543198536999, 33.572574395779299 ], [ -84.404156198024381, 33.572760396305533 ], [ -84.403259197873851, 33.573217395598661 ], [ -84.403024197697206, 33.573335395937008 ], [ -84.402017197043492, 33.573699396827152 ], [ -84.400800197225806, 33.574066396721804 ], [ -84.400682197225024, 33.574101396520113 ], [ -84.400176196886733, 33.574191396150226 ], [ -84.399748197264557, 33.574228395754702 ], [ -84.399146197565116, 33.574252396278617 ], [ -84.398911197388472, 33.574252396278617 ], [ -84.398032196781273, 33.574250396422322 ], [ -84.397691196299419, 33.574258396595624 ], [ -84.39736219641145, 33.574288395929266 ], [ -84.397077196006094, 33.574323397134471 ], [ -84.396752195417776, 33.574389396802445 ], [ -84.396520195614173, 33.574476397104149 ], [ -84.396154195916296, 33.574633397246025 ], [ -84.395654196324088, 33.574921396501779 ], [ -84.395304195621407, 33.575212396793077 ], [ -84.39499819529965, 33.575467396959418 ], [ -84.393216195592444, 33.576672397254718 ], [ -84.393050195012776, 33.57674639731465 ], [ -84.392494195344071, 33.576995398061776 ], [ -84.391512194804733, 33.57727339724164 ], [ -84.390065193934959, 33.577669397424074 ], [ -84.389022194194553, 33.577955397257433 ], [ -84.387036194272852, 33.578533397842932 ], [ -84.38688919306145, 33.578577397726377 ], [ -84.384937192576601, 33.579053398229135 ], [ -84.384206193005724, 33.577623397299583 ], [ -84.38356219257517, 33.576470396990686 ], [ -84.383410193137522, 33.576011397141592 ], [ -84.383507192323577, 33.575715396994433 ], [ -84.383622192849629, 33.575587397789633 ], [ -84.383756192743945, 33.575590397527563 ], [ -84.383901192508901, 33.575547397531444 ], [ -84.383970193004174, 33.575492397801042 ], [ -84.384017191961519, 33.575400396703984 ], [ -84.384012192836977, 33.575205396625265 ], [ -84.383977191778541, 33.574525397183834 ], [ -84.383968192456052, 33.574432397375418 ], [ -84.383915192752582, 33.574365397065087 ], [ -84.383817192843296, 33.574298397451138 ], [ -84.383587191791207, 33.574172396751706 ], [ -84.383329192048336, 33.573907397181316 ], [ -84.383168192389874, 33.573689396732753 ], [ -84.383064191734491, 33.573478396790541 ], [ -84.382963191452149, 33.573141396373614 ], [ -84.382849191649328, 33.572850396585288 ], [ -84.382656192203797, 33.572632396461238 ], [ -84.382343191311037, 33.572327396400638 ], [ -84.382015191247973, 33.572153396617068 ], [ -84.381608191542185, 33.571996396455468 ], [ -84.381388191434155, 33.571916396334856 ], [ -84.381303191943687, 33.571794396475909 ], [ -84.381251191166825, 33.571672396444548 ], [ -84.381135191714179, 33.571455397048666 ], [ -84.38102919140897, 33.571313396548547 ], [ -84.380801190905032, 33.571123396789652 ], [ -84.380585190994964, 33.570913395781709 ], [ -84.380436191032047, 33.570687396250577 ], [ -84.380342191320722, 33.570485396202074 ], [ -84.380332190376663, 33.570075395576758 ], [ -84.380291191267077, 33.569972396437194 ], [ -84.380328191077012, 33.569852396034719 ], [ -84.380377191480818, 33.569713396582635 ], [ -84.380472191017049, 33.569501396669587 ], [ -84.38066619118581, 33.569329396400029 ], [ -84.381063191744147, 33.569067396148995 ], [ -84.381357191472034, 33.568897396492147 ], [ -84.381460191404187, 33.568787395258973 ], [ -84.381507191259871, 33.568726396508453 ], [ -84.381530191724394, 33.5686963959905 ], [ -84.381546191617929, 33.56852939633503 ], [ -84.381602190796102, 33.568237395972943 ], [ -84.381638190781118, 33.568047395432536 ], [ -84.381815191231439, 33.56773439561222 ], [ -84.382057191979072, 33.567423395420192 ], [ -84.382341191661212, 33.567225395258255 ], [ -84.382646192158049, 33.567073395173701 ], [ -84.382849191649328, 33.566984395620409 ], [ -84.382940191885936, 33.566884395827927 ], [ -84.383024191551513, 33.566704395460434 ], [ -84.382992191764458, 33.566657395464873 ], [ -84.382909191923773, 33.566450394877421 ], [ -84.382757191587828, 33.566187395599329 ], [ -84.382719191952987, 33.56612139490052 ], [ -84.382669191724275, 33.565943395236822 ], [ -84.382729191100424, 33.565786395010235 ], [ -84.382769191283387, 33.565554395359015 ], [ -84.382808191641445, 33.565369395806677 ], [ -84.382742191519213, 33.565000395548232 ], [ -84.382550191898588, 33.564726395173984 ], [ -84.382499190946646, 33.564558394536363 ], [ -84.382549192073668, 33.564401394785726 ], [ -84.382726191625693, 33.564060395431078 ], [ -84.382982191718725, 33.563675395507168 ], [ -84.383020192251877, 33.563499395398004 ], [ -84.383025191376419, 33.563350394157609 ], [ -84.383081191452916, 33.562951394734412 ], [ -84.383372191706059, 33.56252039441938 ], [ -84.383419191561714, 33.562438394371227 ], [ -84.383413191713942, 33.562261394668162 ], [ -84.383339191195773, 33.562157394373251 ], [ -84.383265191575944, 33.562020393901491 ], [ -84.383314191081425, 33.561882393889533 ], [ -84.383371191881153, 33.561827394436257 ], [ -84.383396191097191, 33.561716394602811 ], [ -84.383673192004935, 33.561396393751593 ], [ -84.384109192023018, 33.560950394175777 ], [ -84.384467191325001, 33.560501393531744 ], [ -84.384492191439364, 33.560381393441112 ], [ -84.384475191720924, 33.560222394149648 ], [ -84.384512191530831, 33.560102394419999 ], [ -84.384627192056897, 33.559974393775953 ], [ -84.384984192432256, 33.559545393772368 ], [ -84.38545619243537, 33.559001393141251 ], [ -84.385800192391969, 33.558674393448221 ], [ -84.385880191859584, 33.558573393654513 ], [ -84.385907192522083, 33.558443393516434 ], [ -84.385957191852484, 33.558258392953796 ], [ -84.38597519229414, 33.558095393784683 ], [ -84.387555192334986, 33.558531393527673 ], [ -84.388050192802623, 33.558693393262843 ], [ -84.388407192279686, 33.558904393404966 ], [ -84.388613193042318, 33.559086393769789 ], [ -84.388980193463439, 33.559474393489467 ], [ -84.389329193442904, 33.559950394523014 ], [ -84.389560193421588, 33.56033539383629 ], [ -84.389731193125812, 33.560707394072011 ], [ -84.390577193222725, 33.562241394074171 ], [ -84.390640193870226, 33.562355394179264 ], [ -84.391701194052303, 33.564409394374671 ], [ -84.392130193499398, 33.565240394702791 ], [ -84.392339194635085, 33.565508395515423 ], [ -84.392551194347192, 33.565681395190417 ], [ -84.392731195170541, 33.565808394835088 ], [ -84.392897194851898, 33.565894394777175 ], [ -84.393483194657833, 33.566127395034194 ], [ -84.39389719493461, 33.566242395269853 ], [ -84.3957061953043, 33.566231394290611 ], [ -84.396473195758517, 33.566560395345405 ], [ -84.397168195344392, 33.566859394738955 ], [ -84.397609195385328, 33.567145395207696 ], [ -84.397819196345935, 33.567301395200239 ], [ -84.398417195847415, 33.567747395658429 ], [ -84.399101196460947, 33.568258395924246 ], [ -84.399639196586293, 33.568571394593562 ], [ -84.399733197195928, 33.568626395739464 ], [ -84.400520196843317, 33.56898039488707 ], [ -84.400745196974214, 33.569082395222054 ], [ -84.401018197683996, 33.569205395157617 ], [ -84.401320196909481, 33.569341395472598 ], [ -84.401351197769927, 33.569354395276847 ], [ -84.401324197107442, 33.569325395710798 ], [ -84.401564197306968, 33.569343395442615 ], [ -84.401914198009649, 33.569458395137339 ], [ -84.403022198047381, 33.569900395018131 ], [ -84.40410519797075, 33.570325396080186 ], [ -84.404454197950216, 33.570480395594615 ], [ -84.404739198355557, 33.570620395279008 ], [ -84.405696198780561, 33.571205395326601 ], [ -84.405771198225324, 33.571237395647287 ], [ -84.406432198374304, 33.571640395536612 ], [ -84.407151199147947, 33.572108395751407 ], [ -84.407260199826212, 33.572312396394388 ] ] ] ] } },
{ "type": "Feature", "properties": { "STATEFP": "13", "COUNTYFP": "063", "TRACTCE": "040203", "GEOID": "13063040203", "GEOIDFQ": "1400000US13063040203", "NAME": "402.03", "NAMELSAD": "Census Tract 402.03", "MTFCC": "G5020", "FUNCSTAT": "S", "ALAND": 2819594.0, "AWATER": 3884.0, "INTPTLAT": "+33.6075112", "INTPTLON": "-084.4529581", "OBJECTID": 338, "CensusTract": "13063040203", "State": "Georgia", "County": "Clayton County", "Urban": 1, "Pop2010": 3633, "OHU2010": 1400, "GroupQuartersFlag": 0, "NUMGQTRS": 0, "PCTGQTRS": 0.0, "LILATracts_1And10": 1, "LILATracts_halfAnd10": 1, "LILATracts_1And20": 1, "LILATracts_Vehicle": 0, "Shape_Length": 9566.3966685741634, "Shape_Area": 4080912.1704103136 }, "geometry": { "type": "MultiPolygon", "coordinates": [ [ [ [ -84.458182215006161, 33.596437399570064 ], [ -84.45817321568363, 33.599939399961386 ], [ -84.458134215325586, 33.606826401602369 ], [ -84.458111215759359, 33.60859840188035 ], [ -84.458095215865825, 33.613374402937922 ], [ -84.458095215865825, 33.613801402766036 ], [ -84.458093216216014, 33.614287402547326 ], [ -84.458089216018053, 33.615350403150408 ], [ -84.458081216520441, 33.616182403113029 ], [ -84.458077216322494, 33.616962403591515 ], [ -84.458072216299612, 33.617382403859907 ], [ -84.458067215378435, 33.617802403577542 ], [ -84.458063216977109, 33.618074403399838 ], [ -84.458062216253879, 33.618182404301237 ], [ -84.458061216428959, 33.61820740323688 ], [ -84.458061216428959, 33.618225403244111 ], [ -84.458062216253879, 33.618340403616799 ], [ -84.458053216033036, 33.618653403138467 ], [ -84.458051216383211, 33.618890403700135 ], [ -84.457207215936123, 33.618631404069596 ], [ -84.457133215417969, 33.618608404085016 ], [ -84.45603621525089, 33.618320403302839 ], [ -84.455556215750164, 33.618215403822418 ], [ -84.455161214841652, 33.618139403840807 ], [ -84.454778215425307, 33.618070403474626 ], [ -84.454391214912704, 33.618006403898754 ], [ -84.453833214695877, 33.617911403493878 ], [ -84.452955213913597, 33.617795403125236 ], [ -84.451061214053396, 33.617510403890925 ], [ -84.450234214223059, 33.617419404391001 ], [ -84.449776213565329, 33.617369403811033 ], [ -84.449823213421013, 33.617079403765054 ], [ -84.449883213695443, 33.616541404082547 ], [ -84.449888213718324, 33.616494403553055 ], [ -84.449883213695443, 33.61609140370701 ], [ -84.449879213497496, 33.616028403601618 ], [ -84.449829214167096, 33.615607404018625 ], [ -84.449769213892651, 33.615334403691016 ], [ -84.449752214174211, 33.615261403267823 ], [ -84.449721213313737, 33.615165403375457 ], [ -84.449708213793272, 33.615135403293714 ], [ -84.449618214279909, 33.6149214038536 ], [ -84.449484213487281, 33.61462140321261 ], [ -84.449391213600876, 33.614428403180924 ], [ -84.449266213927388, 33.614170403072087 ], [ -84.449050214017319, 33.613723402943101 ], [ -84.448298212733434, 33.612227403056984 ], [ -84.448238212458975, 33.612108402554831 ], [ -84.448197212451092, 33.612027402728849 ], [ -84.447690212287881, 33.611141403107801 ], [ -84.447512212910965, 33.610830402994068 ], [ -84.447366212422793, 33.610619401859466 ], [ -84.447034212161768, 33.610126402765559 ], [ -84.446913211787944, 33.609887402265947 ], [ -84.446819212076605, 33.609639402449389 ], [ -84.446716212144437, 33.609296401744544 ], [ -84.446656211869993, 33.609008402015974 ], [ -84.446570212554576, 33.608522402396453 ], [ -84.446536212219385, 33.608073402335833 ], [ -84.446483211617618, 33.606776401610851 ], [ -84.446433212287218, 33.605527400942314 ], [ -84.446414212020642, 33.605047401572726 ], [ -84.44641021182268, 33.604958401526908 ], [ -84.446392212279349, 33.604506401380803 ], [ -84.446376212385829, 33.604109401338889 ], [ -84.446373212012773, 33.604019401489836 ], [ -84.4463612123172, 33.603709401456953 ], [ -84.446354211746197, 33.603542400721473 ], [ -84.446345211525355, 33.603298401220364 ], [ -84.446342212050638, 33.603231400877725 ], [ -84.446239212118471, 33.601744400209959 ], [ -84.446222212400031, 33.6014064005807 ], [ -84.446217211478839, 33.601263400367515 ], [ -84.446214212004108, 33.601133400920197 ], [ -84.446201211585318, 33.60063540034924 ], [ -84.446168211075047, 33.600079400490735 ], [ -84.446166212323547, 33.599819400074992 ], [ -84.44620421195836, 33.599562400024674 ], [ -84.446278211578218, 33.599352400131203 ], [ -84.446561211435423, 33.598879399802108 ], [ -84.446640211976458, 33.598706400074626 ], [ -84.446737211162528, 33.598392399557397 ], [ -84.446801211634948, 33.59805539991067 ], [ -84.446813211330507, 33.597858400089031 ], [ -84.446696211154645, 33.596448399692434 ], [ -84.446684211459086, 33.596300399629023 ], [ -84.446692211855009, 33.596134399184983 ], [ -84.446704211550554, 33.595985399654751 ], [ -84.446738211885759, 33.595828399449395 ], [ -84.446791212487526, 33.595671399706532 ], [ -84.446946212298215, 33.595333398723028 ], [ -84.447104211583635, 33.595063399102202 ], [ -84.44721421208682, 33.594839399335115 ], [ -84.447273211638048, 33.594720399526203 ], [ -84.447298212650722, 33.594653399253417 ], [ -84.447319211668798, 33.594546399245992 ], [ -84.447329211714532, 33.594446399209936 ], [ -84.447321211318624, 33.594332399581162 ], [ -84.447292211904625, 33.593781398752569 ], [ -84.44721221153867, 33.59302539934648 ], [ -84.447099211560769, 33.592048398926913 ], [ -84.447106211233475, 33.591574398473689 ], [ -84.447182211401454, 33.591209398413078 ], [ -84.447423211425871, 33.590753398344717 ], [ -84.447496211220809, 33.590585398223922 ], [ -84.44769021138957, 33.589975398197168 ], [ -84.447928211040946, 33.589161398350051 ], [ -84.448134211803577, 33.589262397532181 ], [ -84.448550211730179, 33.589511398085591 ], [ -84.44869521239346, 33.58964239758938 ], [ -84.448949211938356, 33.589873397857666 ], [ -84.449428211614162, 33.590259397421327 ], [ -84.449628212529021, 33.590412398323302 ], [ -84.450120212623602, 33.590844397556424 ], [ -84.45019121187039, 33.590902397933121 ], [ -84.450225212205595, 33.590937398386693 ], [ -84.450283211931904, 33.591013398403376 ], [ -84.450401211932686, 33.591211398624694 ], [ -84.450515212633817, 33.591363398108335 ], [ -84.450647212878295, 33.591506397525706 ], [ -84.451019213322297, 33.591833398578387 ], [ -84.451055212408974, 33.591868398654228 ], [ -84.451470213408996, 33.592265398178455 ], [ -84.451568213318282, 33.592342398988542 ], [ -84.451843212779579, 33.592558397784501 ], [ -84.451896213381346, 33.592626398651504 ], [ -84.451988213442846, 33.59274439864226 ], [ -84.452135213755938, 33.592987398362084 ], [ -84.452199213330033, 33.593060398938682 ], [ -84.452284212820544, 33.593130398080469 ], [ -84.452388213475928, 33.593234398475083 ], [ -84.452475213514575, 33.593348398806718 ], [ -84.452488213035039, 33.593381398106651 ], [ -84.452509212951426, 33.593431399130637 ], [ -84.452533213240898, 33.593472399035768 ], [ -84.452562213553193, 33.593510399058204 ], [ -84.452630213325264, 33.593580398583171 ], [ -84.452669212785011, 33.593610399431107 ], [ -84.452793213531891, 33.593692398303489 ], [ -84.452818212747928, 33.593731398679708 ], [ -84.45288521359339, 33.593752398414523 ], [ -84.452912213357564, 33.593790398313608 ], [ -84.453018212764462, 33.593907398508271 ], [ -84.453140213861531, 33.594005398274142 ], [ -84.453190213191931, 33.594070398904982 ], [ -84.453822213926912, 33.594039399266393 ], [ -84.453872213257299, 33.594039399266393 ], [ -84.454581213985179, 33.594035398974313 ], [ -84.454802213918128, 33.594034398527121 ], [ -84.454938214360567, 33.594047398353482 ], [ -84.454999214459946, 33.594051398645057 ], [ -84.455261213502439, 33.594067398312859 ], [ -84.455584214440947, 33.594074399195442 ], [ -84.45569121367275, 33.594082398279291 ], [ -84.455796214153054, 33.594094399148567 ], [ -84.455903214283182, 33.594112398952682 ], [ -84.456007214040241, 33.594135398738558 ], [ -84.456109214147503, 33.594163398502097 ], [ -84.456307214514212, 33.594235398386878 ], [ -84.456402214948767, 33.59427739835423 ], [ -84.456497214485026, 33.594329398998148 ], [ -84.456593214744473, 33.594369398781438 ], [ -84.456694215026829, 33.594401398744367 ], [ -84.456798213885577, 33.594425398895851 ], [ -84.456904214190786, 33.594439398357537 ], [ -84.45701221414582, 33.594444399073389 ], [ -84.457119214275934, 33.594439398357537 ], [ -84.457226214406063, 33.594425398895851 ], [ -84.458046214563723, 33.594360398532523 ], [ -84.458154215417068, 33.594361398227633 ], [ -84.458214214793216, 33.594383399000506 ], [ -84.458182215006161, 33.596437399570064 ] ] ] ] } },
{ "type": "Feature", "properties": { "STATEFP": "13", "COUNTYFP": "063", "TRACTCE": "040417", "GEOID": "13063040417", "GEOIDFQ": "1400000US13063040417", "NAME": "404.17", "NAMELSAD": "Census Tract 404.17", "MTFCC": "G5020", "FUNCSTAT": "S", "ALAND": 5173234.0, "AWATER": 15500.0, "INTPTLAT": "+33.5614007", "INTPTLON": "-084.3536804", "OBJECTID": 355, "CensusTract": "13063040417", "State": "Georgia", "County": "Clayton County", "Urban": 1, "Pop2010": 5132, "OHU2010": 1848, "GroupQuartersFlag": 0, "NUMGQTRS": 0, "PCTGQTRS": 0.0, "LILATracts_1And10": 1, "LILATracts_halfAnd10": 1, "LILATracts_1And20": 1, "LILATracts_Vehicle": 0, "Shape_Length": 10922.893906415366, "Shape_Area": 7492430.7992371963 }, "geometry": { "type": "MultiPolygon", "coordinates": [ [ [ [ -84.371779188622739, 33.570641396147735 ], [ -84.371762188904299, 33.571287396779546 ], [ -84.371753188683456, 33.571665396738148 ], [ -84.371673188317516, 33.572736396863746 ], [ -84.371662188446876, 33.573102397168753 ], [ -84.369045187615086, 33.572998397207186 ], [ -84.364824187351331, 33.572819397555683 ], [ -84.362330186543176, 33.572700398062814 ], [ -84.361504185639447, 33.572641397479742 ], [ -84.360791185611916, 33.572590397184349 ], [ -84.358576185361343, 33.572359397053908 ], [ -84.357932184930775, 33.57229439803011 ], [ -84.357755184480482, 33.572276397416644 ], [ -84.355587184085564, 33.572057398134938 ], [ -84.354340183232338, 33.5719233982663 ], [ -84.354151183984769, 33.571903397664805 ], [ -84.353954183442966, 33.57188239785161 ], [ -84.35297718292648, 33.571777397211932 ], [ -84.351482183274442, 33.571581397223028 ], [ -84.351267183189293, 33.57157139763175 ], [ -84.35029818217042, 33.571525397999878 ], [ -84.350052182123108, 33.571513397733945 ], [ -84.349471182340068, 33.571486397316548 ], [ -84.349118182162655, 33.571469397991926 ], [ -84.348813182564115, 33.571455397797152 ], [ -84.348669181725768, 33.571448398073109 ], [ -84.347832181849668, 33.571428398110058 ], [ -84.347463181778735, 33.571420397674473 ], [ -84.346628181552475, 33.571401397666079 ], [ -84.345485181354647, 33.571375397923639 ], [ -84.343573180154451, 33.571283397678023 ], [ -84.343018180310665, 33.571301397750055 ], [ -84.342638180369079, 33.571314398007672 ], [ -84.342350180488992, 33.571315397969848 ], [ -84.342372180230285, 33.571094397817802 ], [ -84.342387180298914, 33.57078539768974 ], [ -84.342405179842245, 33.570207398363856 ], [ -84.342227179567033, 33.568380397037508 ], [ -84.342201180526075, 33.567825397391573 ], [ -84.342195179779978, 33.567495397407903 ], [ -84.342199179977953, 33.567207396581978 ], [ -84.342254180229517, 33.566890397405579 ], [ -84.342264179376954, 33.566797396857361 ], [ -84.342304179559918, 33.566200396626989 ], [ -84.342400179819393, 33.565775396966991 ], [ -84.342474180337561, 33.565504396894752 ], [ -84.343063179618213, 33.563345396131091 ], [ -84.343426179841359, 33.562046395712464 ], [ -84.343781180566921, 33.560685395941832 ], [ -84.344578180260044, 33.557560394846135 ], [ -84.3452101800967, 33.555273393743143 ], [ -84.345332180295443, 33.554639394201757 ], [ -84.345418180509157, 33.55427039451218 ], [ -84.345504179824573, 33.553857394262288 ], [ -84.345534180860128, 33.5533683941253 ], [ -84.345536180509939, 33.553263393431749 ], [ -84.345804180298543, 33.553252393793798 ], [ -84.346054180543788, 33.55323539387409 ], [ -84.346428180637616, 33.55320339436846 ], [ -84.346928180229824, 33.553157393935471 ], [ -84.347327181336311, 33.553166393240943 ], [ -84.347721181521607, 33.553164394393512 ], [ -84.3477931805933, 33.553164394393512 ], [ -84.34824918160119, 33.553162394048798 ], [ -84.350188181667235, 33.55320339436846 ], [ -84.351752181814561, 33.553236394045584 ], [ -84.352028181999088, 33.553242394325814 ], [ -84.352605182482478, 33.553250393451115 ], [ -84.353653182245765, 33.553309393808348 ], [ -84.35423718240186, 33.553368393376651 ], [ -84.355175182560288, 33.553450393801 ], [ -84.355299183307167, 33.553455393897423 ], [ -84.356810183751037, 33.553515394282918 ], [ -84.358022183545842, 33.553526393887431 ], [ -84.358345184484349, 33.553520393626933 ], [ -84.35877418393143, 33.553540393245918 ], [ -84.359787184432932, 33.553592393730945 ], [ -84.360278184702608, 33.553638393183668 ], [ -84.360467184848488, 33.553671394191916 ], [ -84.360883184775119, 33.553759393824329 ], [ -84.361056185027451, 33.553806394101727 ], [ -84.361407184656741, 33.553900393831157 ], [ -84.36175018478842, 33.554017393455048 ], [ -84.362185184981598, 33.554175393527416 ], [ -84.362609185304123, 33.554348393445892 ], [ -84.363037184926299, 33.554541393902348 ], [ -84.363221185947637, 33.554620393495462 ], [ -84.363408185545381, 33.554705393194943 ], [ -84.363552185485432, 33.554771393634901 ], [ -84.363601184990898, 33.554793393271325 ], [ -84.36471118557678, 33.555297393546994 ], [ -84.365004185479762, 33.555397393281808 ], [ -84.365256185374832, 33.555504393917865 ], [ -84.365280185664275, 33.555509393146771 ], [ -84.365813186665065, 33.555617393788069 ], [ -84.366354186265127, 33.555651393435255 ], [ -84.366471186441004, 33.555657394296361 ], [ -84.366809186549816, 33.555659393834688 ], [ -84.367115186871573, 33.555665393197998 ], [ -84.367513187254815, 33.555670393914774 ], [ -84.36754518704187, 33.555670393914774 ], [ -84.368561187018102, 33.555665393197998 ], [ -84.368904187149781, 33.55565739354774 ], [ -84.36907218737926, 33.555653393722338 ], [ -84.370528187571551, 33.555578393405732 ], [ -84.370550187312872, 33.555576393865529 ], [ -84.370968188685922, 33.558815394415454 ], [ -84.371141188039971, 33.559879394573052 ], [ -84.371149187537569, 33.559998394519404 ], [ -84.371194187743413, 33.560535394999285 ], [ -84.371207188162202, 33.56142939479016 ], [ -84.3711711881772, 33.561993395006752 ], [ -84.371132187819143, 33.562634394904734 ], [ -84.371104188230049, 33.563417395530877 ], [ -84.371080187940592, 33.564112394822615 ], [ -84.371102188580224, 33.564734395481302 ], [ -84.371157188831802, 33.565353395308833 ], [ -84.371204187789161, 33.56577839629734 ], [ -84.371211188360164, 33.565832395454215 ], [ -84.371420187699229, 33.567313396051638 ], [ -84.37149918824025, 33.567872396002841 ], [ -84.371522188704787, 33.568025395429636 ], [ -84.371537187875091, 33.568167396098232 ], [ -84.371614187867976, 33.568628396474551 ], [ -84.371676188690572, 33.568911396353279 ], [ -84.371733188591989, 33.569308396709168 ], [ -84.37177118822683, 33.569718396486017 ], [ -84.371793188866434, 33.570034395781363 ], [ -84.371779188622739, 33.570641396147735 ] ] ] ] } },
{ "type": "Feature", "properties": { "STATEFP": "13", "COUNTYFP": "067", "TRACTCE": "031409", "GEOID": "13067031409", "GEOIDFQ": "1400000US13067031409", "NAME": "314.09", "NAMELSAD": "Census Tract 314.09", "MTFCC": "G5020", "FUNCSTAT": "S", "ALAND": 13498216.0, "AWATER": 11929.0, "INTPTLAT": "+33.8372094", "INTPTLON": "-084.6426281", "OBJECTID": 501, "CensusTract": "13067031409", "State": "Georgia", "County": "Cobb County", "Urban": 1, "Pop2010": 5112, "OHU2010": 1892, "GroupQuartersFlag": 0, "NUMGQTRS": 0, "PCTGQTRS": 0.0, "LILATracts_1And10": 1, "LILATracts_halfAnd10": 1, "LILATracts_1And20": 1, "LILATracts_Vehicle": 0, "Shape_Length": 19176.247005675796, "Shape_Area": 19631300.384235147 }, "geometry": { "type": "MultiPolygon", "coordinates": [ [ [ [ -84.666241288353973, 33.846522444900017 ], [ -84.661318287035044, 33.849537445129464 ], [ -84.658192286390218, 33.851432446041812 ], [ -84.656525286310739, 33.852443446490383 ], [ -84.65517428570044, 33.853232446884036 ], [ -84.655008286019083, 33.853386447204812 ], [ -84.654138284734401, 33.853910447127149 ], [ -84.650175284213503, 33.856139447502819 ], [ -84.648682284211304, 33.855899447555046 ], [ -84.646241283106605, 33.855545447575999 ], [ -84.643953283061123, 33.85517444767342 ], [ -84.641590281774228, 33.85476144740646 ], [ -84.641221281703295, 33.854709447643145 ], [ -84.639099280440817, 33.854408446841731 ], [ -84.638565281411758, 33.854340447896746 ], [ -84.638028280212993, 33.854292447248525 ], [ -84.63759728021779, 33.854266447974048 ], [ -84.637058280267524, 33.854251447155214 ], [ -84.635855279795223, 33.85429544770944 ], [ -84.63477627917149, 33.854335447379768 ], [ -84.63260227982714, 33.854444447841011 ], [ -84.630117278341501, 33.854538448140801 ], [ -84.629335277818683, 33.854502447927104 ], [ -84.628575277935497, 33.854341448298491 ], [ -84.62781227767924, 33.854073448378031 ], [ -84.625555276697582, 33.853248447550357 ], [ -84.623337276972279, 33.852409447734537 ], [ -84.62241327615925, 33.85207744793783 ], [ -84.626914276805479, 33.848940447134957 ], [ -84.62894827820439, 33.84872744704694 ], [ -84.629576277843128, 33.847517446511553 ], [ -84.62936027793306, 33.847200446175485 ], [ -84.629265278396801, 33.847038445726078 ], [ -84.629137277451974, 33.846765445807407 ], [ -84.628815278135008, 33.845851446229261 ], [ -84.628622277791166, 33.845328445874735 ], [ -84.628489276823458, 33.844964446213623 ], [ -84.628425277249349, 33.844810446378034 ], [ -84.628324276967007, 33.844547445997605 ], [ -84.628261277217817, 33.844409445494051 ], [ -84.628133277171301, 33.844135445606959 ], [ -84.627626277008105, 33.8427824458551 ], [ -84.627194277187968, 33.841527445238754 ], [ -84.626897276188714, 33.840640444357739 ], [ -84.626640276270777, 33.83973744525278 ], [ -84.62650727620138, 33.839346444989523 ], [ -84.626295276489273, 33.838838444908689 ], [ -84.625964276053182, 33.838180445065284 ], [ -84.625861276121014, 33.837949444029974 ], [ -84.625756276539036, 33.83775244398776 ], [ -84.625546275578415, 33.837399444772409 ], [ -84.624890275452302, 33.836168444772042 ], [ -84.624595275899523, 33.835587443897595 ], [ -84.624032275659829, 33.834486443641495 ], [ -84.623939275773409, 33.834306443452384 ], [ -84.62384527606207, 33.834093443447905 ], [ -84.623811274828569, 33.833944443640682 ], [ -84.623789275087262, 33.833846444231874 ], [ -84.623767275345955, 33.833751443654585 ], [ -84.623704275596765, 33.833393443334565 ], [ -84.623666275961924, 33.833228443117868 ], [ -84.623567275329407, 33.832801443267464 ], [ -84.623298275715896, 33.831642443794884 ], [ -84.623262274832584, 33.831485443315195 ], [ -84.62293427476952, 33.830076442944616 ], [ -84.622815274943832, 33.829561442622506 ], [ -84.622663274607859, 33.828692442876815 ], [ -84.62264827453923, 33.828531442372331 ], [ -84.622722275057413, 33.828412442096564 ], [ -84.622944274815254, 33.828063442220127 ], [ -84.623020274983233, 33.827966442003628 ], [ -84.623139274808921, 33.827815442032247 ], [ -84.623204274207936, 33.827725442797195 ], [ -84.623318274909082, 33.827567442617465 ], [ -84.623712275094363, 33.827089441920663 ], [ -84.62372327496503, 33.827076442249947 ], [ -84.623797274584874, 33.826977442454421 ], [ -84.623852274836466, 33.826902441990228 ], [ -84.623906274364813, 33.826803441993178 ], [ -84.623952275293888, 33.826721442270639 ], [ -84.623981275606198, 33.826664441962144 ], [ -84.624022275614081, 33.826582442106293 ], [ -84.624045275180308, 33.826521441780308 ], [ -84.624097275058844, 33.826380442071361 ], [ -84.624106275279658, 33.826298441943152 ], [ -84.624126275371154, 33.826100441928247 ], [ -84.624146274564325, 33.825822441593239 ], [ -84.624159274983114, 33.82556244245918 ], [ -84.624156275508383, 33.825176441517414 ], [ -84.624168275203957, 33.824673441565203 ], [ -84.624165274830901, 33.82441744119965 ], [ -84.624163275181076, 33.824274441737508 ], [ -84.624283274831669, 33.824232442157914 ], [ -84.624398274459409, 33.824186441777393 ], [ -84.624642275755178, 33.824079442289019 ], [ -84.624895275475183, 33.823934441492391 ], [ -84.625020275148657, 33.82384444190361 ], [ -84.625270275393916, 33.823648441459738 ], [ -84.625543276103699, 33.823343440869301 ], [ -84.625648275685691, 33.823228440914811 ], [ -84.624445275213375, 33.82112344060927 ], [ -84.622543274058941, 33.819420439901315 ], [ -84.622242273760079, 33.815659439372418 ], [ -84.623052273871977, 33.81543243987398 ], [ -84.625315274701435, 33.814867439532563 ], [ -84.625667275053928, 33.814772439511543 ], [ -84.626576275798371, 33.814526439084617 ], [ -84.627958275472494, 33.814141439208285 ], [ -84.628373275574191, 33.814042439365153 ], [ -84.6286692758502, 33.813980438922592 ], [ -84.629110275891165, 33.813903438743708 ], [ -84.630442276234888, 33.813715438956066 ], [ -84.63144127649268, 33.813608439801591 ], [ -84.632211277319939, 33.813525439235256 ], [ -84.632275276894035, 33.813514438515668 ], [ -84.632328277495802, 33.813521438702317 ], [ -84.633261277631334, 33.813486439256025 ], [ -84.633313276611574, 33.813484438988695 ], [ -84.633805277604466, 33.813466438819674 ], [ -84.634317277790544, 33.813463439164309 ], [ -84.634738277740027, 33.813466438819674 ], [ -84.635075278023933, 33.813482438721309 ], [ -84.635337277066427, 33.813500438887019 ], [ -84.635581277463885, 33.813532438674635 ], [ -84.635928277793539, 33.813606439537061 ], [ -84.63613327783294, 33.813662439461382 ], [ -84.636817277548147, 33.813879439381402 ], [ -84.637767278300473, 33.814208439414024 ], [ -84.638528278906875, 33.814473438599663 ], [ -84.640846279089601, 33.815335438763682 ], [ -84.640914278861672, 33.815359439210219 ], [ -84.643096279500284, 33.816133439364904 ], [ -84.643368280385161, 33.816228439367038 ], [ -84.645040280487507, 33.816810439048908 ], [ -84.645359280329728, 33.816921439796552 ], [ -84.645712280507155, 33.817052439256429 ], [ -84.646239280761833, 33.817246438965384 ], [ -84.647074280988107, 33.817534438937493 ], [ -84.647660280794028, 33.817736439717905 ], [ -84.649048281214235, 33.818259439492401 ], [ -84.649306281855417, 33.818350439065128 ], [ -84.649965282354586, 33.818582438653237 ], [ -84.651174282674674, 33.819033439525938 ], [ -84.652835282906366, 33.819635439270236 ], [ -84.653235283837773, 33.819762439556449 ], [ -84.654133282914913, 33.820098439745031 ], [ -84.654001283568746, 33.820152439785495 ], [ -84.653669283307721, 33.820311439540795 ], [ -84.653511283123976, 33.820401439862671 ], [ -84.653210283723411, 33.820594439387712 ], [ -84.653067282709969, 33.820700440202181 ], [ -84.652800283644581, 33.820933440178869 ], [ -84.652674282349565, 33.821060439283869 ], [ -84.652443283269193, 33.821331440627787 ], [ -84.652337282963998, 33.82147343974713 ], [ -84.652132282924569, 33.821758440300485 ], [ -84.652032282467161, 33.821901439492351 ], [ -84.651827283326057, 33.822189440953949 ], [ -84.651609282867867, 33.822475440642286 ], [ -84.65149328251691, 33.822619440154632 ], [ -84.651425282744839, 33.822697439975826 ], [ -84.655161284383325, 33.826770441222429 ], [ -84.656039284267294, 33.826970440384031 ], [ -84.656374284901375, 33.82730544063687 ], [ -84.657076285058238, 33.828008441241558 ], [ -84.657396284725394, 33.829173441178348 ], [ -84.658095284509201, 33.829850442105787 ], [ -84.658370284868809, 33.830115441328438 ], [ -84.65864128503047, 33.832174441332413 ], [ -84.660062285062665, 33.834361441871458 ], [ -84.661112286272399, 33.834763442781522 ], [ -84.662899286900796, 33.835480442261733 ], [ -84.662947287479682, 33.835803442035676 ], [ -84.663000287183124, 33.83627144234709 ], [ -84.663003287556165, 33.836941442516157 ], [ -84.663004287381085, 33.837151442568334 ], [ -84.662993286612121, 33.838717442888651 ], [ -84.662993286612121, 33.838788442590094 ], [ -84.662988286589254, 33.839472443029393 ], [ -84.663021287099525, 33.840306443953125 ], [ -84.663031287145259, 33.841123444438978 ], [ -84.663029286597123, 33.841273444223837 ], [ -84.663004287381085, 33.842935444333826 ], [ -84.66308628649854, 33.842990443915099 ], [ -84.663182286758001, 33.843090444351809 ], [ -84.66325528745125, 33.843161444150574 ], [ -84.663306287504881, 33.843211444656596 ], [ -84.663344287139708, 33.843251443548041 ], [ -84.663602287780876, 33.843528444124622 ], [ -84.663712287385749, 33.843653444424717 ], [ -84.663951287760341, 33.843896443792516 ], [ -84.664141287731141, 33.84412144427661 ], [ -84.664377287732705, 33.844368444387811 ], [ -84.665277288256291, 33.845398444053501 ], [ -84.665954288298806, 33.846178444607482 ], [ -84.666116288680513, 33.846362444901558 ], [ -84.666241288353973, 33.846522444900017 ] ] ] ] } },
{ "type": "Feature", "properties": { "STATEFP": "13", "COUNTYFP": "067", "TRACTCE": "030412", "GEOID": "13067030412", "GEOIDFQ": "1400000US13067030412", "NAME": "304.12", "NAMELSAD": "Census Tract 304.12", "MTFCC": "G5020", "FUNCSTAT": "S", "ALAND": 2000219.0, "AWATER": 5818.0, "INTPTLAT": "+33.9279372", "INTPTLON": "-084.5038913", "OBJECTID": 450, "CensusTract": "13067030412", "State": "Georgia", "County": "Cobb County", "Urban": 1, "Pop2010": 3776, "OHU2010": 1572, "GroupQuartersFlag": 0, "NUMGQTRS": 123, "PCTGQTRS": 3.257415254, "LILATracts_1And10": 1, "LILATracts_halfAnd10": 1, "LILATracts_1And20": 1, "LILATracts_Vehicle": 1, "Shape_Length": 8246.4848656570648, "Shape_Area": 2921325.7985741748 }, "geometry": { "type": "MultiPolygon", "coordinates": [ [ [ [ -84.515485250211782, 33.941591470662253 ], [ -84.514466248964197, 33.941192470214709 ], [ -84.513801249515566, 33.940916470043689 ], [ -84.513246249671766, 33.940695470428196 ], [ -84.51251924850223, 33.94045247020221 ], [ -84.5121572490023, 33.940271471242362 ], [ -84.511645248816222, 33.940045470732784 ], [ -84.511418249035501, 33.939920470767014 ], [ -84.51135424856308, 33.939901470273185 ], [ -84.510749248490583, 33.939636470514422 ], [ -84.510293248381018, 33.939483470261194 ], [ -84.510107248608165, 33.939437470116665 ], [ -84.509934248355819, 33.939404470402778 ], [ -84.509792248065594, 33.93937747008529 ], [ -84.50930924819184, 33.939318470162192 ], [ -84.509204247711537, 33.93930547043891 ], [ -84.508895247915049, 33.939287470704159 ], [ -84.508643248019965, 33.939288470855139 ], [ -84.508404247645359, 33.939307470740481 ], [ -84.50817324766669, 33.939350470504515 ], [ -84.507912247550792, 33.939387470838717 ], [ -84.507774247458514, 33.939438470265941 ], [ -84.507537247632044, 33.938696470342506 ], [ -84.507348247486149, 33.938241470305762 ], [ -84.507122247530347, 33.937974470264265 ], [ -84.506796248015448, 33.937706469961213 ], [ -84.506710246903381, 33.937650470136198 ], [ -84.506497247366369, 33.937514469981913 ], [ -84.506048246929495, 33.937277469922712 ], [ -84.505610246363261, 33.937001469729879 ], [ -84.505056247242706, 33.936555469736248 ], [ -84.504475246561356, 33.936052470068631 ], [ -84.504321246575557, 33.935875469972203 ], [ -84.504256246278217, 33.935801469961817 ], [ -84.503894245879962, 33.935366469577332 ], [ -84.503734246944717, 33.935116469884306 ], [ -84.503521246509393, 33.934822469461146 ], [ -84.503459246585109, 33.934725469796028 ], [ -84.503144246042538, 33.934259470079283 ], [ -84.502957245546469, 33.934070468926642 ], [ -84.502773246321766, 33.933926469541511 ], [ -84.502683245910077, 33.933860469555597 ], [ -84.502277245130884, 33.933633469699124 ], [ -84.502051246073407, 33.933520469653317 ], [ -84.501221244971688, 33.93313446931581 ], [ -84.500512245142119, 33.932805469014006 ], [ -84.500428244578217, 33.932772469711018 ], [ -84.499822244680814, 33.932534468893635 ], [ -84.499320244540471, 33.932317469322349 ], [ -84.498629244254275, 33.932066469386207 ], [ -84.498301244191211, 33.931941469631965 ], [ -84.498103243824474, 33.931858469276428 ], [ -84.497917244051649, 33.931736469190739 ], [ -84.497686244072966, 33.931554469348896 ], [ -84.49757524374489, 33.931444468764546 ], [ -84.496639243236288, 33.930547468825758 ], [ -84.496546243349854, 33.93046746862079 ], [ -84.496006243574698, 33.929942468998071 ], [ -84.49519224416315, 33.929272469052457 ], [ -84.494546243184459, 33.928739468809148 ], [ -84.494348242817736, 33.92856846933612 ], [ -84.493407242286239, 33.927799468347288 ], [ -84.493012242276052, 33.927441468096781 ], [ -84.492866242686176, 33.927287468000856 ], [ -84.492671242692509, 33.92708446887201 ], [ -84.492550242318686, 33.926907468770459 ], [ -84.492514242333684, 33.926855468249585 ], [ -84.492332241860481, 33.926515468705929 ], [ -84.49220124233922, 33.926259468039937 ], [ -84.492165242354204, 33.926137468133113 ], [ -84.492055241851048, 33.925474468028696 ], [ -84.492005242520648, 33.923984468326587 ], [ -84.492048242178356, 33.922806467148405 ], [ -84.492038242132622, 33.922620467709557 ], [ -84.494011242533858, 33.922617467414689 ], [ -84.4950502429746, 33.92263046744926 ], [ -84.495227243424935, 33.922632467397044 ], [ -84.495399242954065, 33.922634467344828 ], [ -84.496263243492635, 33.922623467258852 ], [ -84.496279243386169, 33.922623467258852 ], [ -84.496309243523385, 33.922624466860164 ], [ -84.49757524374489, 33.922631467050437 ], [ -84.498306244214092, 33.922642467135319 ], [ -84.498582244398591, 33.922636467292506 ], [ -84.499247244745547, 33.922624466860164 ], [ -84.49938324428966, 33.922631467050437 ], [ -84.500121244431568, 33.922644467082876 ], [ -84.500831244086029, 33.922657467113268 ], [ -84.501016244932288, 33.922663466954667 ], [ -84.501075244483516, 33.92266546690167 ], [ -84.502368245367506, 33.922677467328235 ], [ -84.502981244937601, 33.922678467674288 ], [ -84.503721245627617, 33.922671466742443 ], [ -84.503901245552669, 33.922653467218794 ], [ -84.504103246117353, 33.922634467344828 ], [ -84.504422245061264, 33.922583467544307 ], [ -84.504631246196951, 33.922537467215754 ], [ -84.504928245399554, 33.922449466388336 ], [ -84.505090245781247, 33.922391467013078 ], [ -84.505155246078587, 33.922494467161627 ], [ -84.505244245767059, 33.922597467185639 ], [ -84.505454245829327, 33.922973467873533 ], [ -84.505510246804135, 33.923062467010368 ], [ -84.505701246599855, 33.923389467002224 ], [ -84.506328246413645, 33.924519466921211 ], [ -84.506463247031178, 33.92477946739357 ], [ -84.506763246606837, 33.925357467080005 ], [ -84.506792246919147, 33.92540946776996 ], [ -84.507140247073693, 33.926033468355676 ], [ -84.507283247188838, 33.926290467023058 ], [ -84.507553246627268, 33.926765467559804 ], [ -84.507644246863862, 33.926939467813781 ], [ -84.507846247428532, 33.927325467905185 ], [ -84.508092246577519, 33.927761467909043 ], [ -84.508305247012842, 33.928187468085653 ], [ -84.508353247591728, 33.928268468476503 ], [ -84.508734247358262, 33.928961467678278 ], [ -84.509284247179167, 33.930003468484379 ], [ -84.509509247310049, 33.930429468627587 ], [ -84.510437248321054, 33.932132469271842 ], [ -84.510790248498466, 33.932862468525293 ], [ -84.510931248963786, 33.933106469022434 ], [ -84.511015247731066, 33.933234468478318 ], [ -84.511142248850973, 33.933456469046419 ], [ -84.511759248619029, 33.934638469095667 ], [ -84.512286248873721, 33.935602469544293 ], [ -84.512507248806671, 33.936056470079151 ], [ -84.512595248670223, 33.936193469768448 ], [ -84.512794248861837, 33.936546470323968 ], [ -84.513365249497468, 33.937595470445217 ], [ -84.513602249323924, 33.93805246979354 ], [ -84.513947249105414, 33.938774469955646 ], [ -84.514299249457935, 33.939442470117392 ], [ -84.515027250452405, 33.94071047020779 ], [ -84.515485250211782, 33.941591470662253 ] ] ] ] } },
{ "type": "Feature", "properties": { "STATEFP": "13", "COUNTYFP": "067", "TRACTCE": "030411", "GEOID": "13067030411", "GEOIDFQ": "1400000US13067030411", "NAME": "304.11", "NAMELSAD": "Census Tract 304.11", "MTFCC": "G5020", "FUNCSTAT": "S", "ALAND": 1997458.0, "AWATER": 3160.0, "INTPTLAT": "+33.9371615", "INTPTLON": "-084.5025541", "OBJECTID": 449, "CensusTract": "13067030411", "State": "Georgia", "County": "Cobb County", "Urban": 1, "Pop2010": 4214, "OHU2010": 1622, "GroupQuartersFlag": 0, "NUMGQTRS": 0, "PCTGQTRS": 0.0, "LILATracts_1And10": 1, "LILATracts_halfAnd10": 1, "LILATracts_1And20": 1, "LILATracts_Vehicle": 1, "Shape_Length": 11816.127391959293, "Shape_Area": 2913880.0139252236 }, "geometry": { "type": "MultiPolygon", "coordinates": [ [ [ [ -84.520522252231871, 33.950896472732936 ], [ -84.51976725147324, 33.950868472319783 ], [ -84.518659251435494, 33.950835472566126 ], [ -84.518300251410295, 33.950832472520162 ], [ -84.51736925092456, 33.950800472768265 ], [ -84.517004251051574, 33.950806472117215 ], [ -84.516470251124204, 33.950791472626356 ], [ -84.516166250452272, 33.950789472594643 ], [ -84.516121250246414, 33.950409473175171 ], [ -84.516017250489355, 33.949914472112191 ], [ -84.515828250343475, 33.949431472278576 ], [ -84.515621250654235, 33.948976472239039 ], [ -84.515314250507572, 33.948505472066223 ], [ -84.515051249843523, 33.948177472336518 ], [ -84.515004249987854, 33.948119471852884 ], [ -84.514880250139299, 33.947984472077451 ], [ -84.514676250823115, 33.947760472772543 ], [ -84.514231249685864, 33.947385472031023 ], [ -84.513701249956441, 33.947008471752405 ], [ -84.513414249002949, 33.946834472264335 ], [ -84.512954249593733, 33.946549471910473 ], [ -84.512240248842971, 33.946105471403186 ], [ -84.511213248996086, 33.945456472107224 ], [ -84.510012249071934, 33.944730471628603 ], [ -84.509038248928491, 33.944069471890437 ], [ -84.508570248225027, 33.943752471055191 ], [ -84.508381248079147, 33.94362347166097 ], [ -84.508095247848885, 33.943449471960349 ], [ -84.507491247601294, 33.943081470856697 ], [ -84.506487247320635, 33.942469471347032 ], [ -84.504446246249017, 33.941201471371713 ], [ -84.504250246430445, 33.941076470867493 ], [ -84.501130245633405, 33.939098471023321 ], [ -84.500571245591658, 33.938749471243568 ], [ -84.498889244545268, 33.937700470434216 ], [ -84.49728824458802, 33.936685470333245 ], [ -84.495763243900456, 33.935718470387208 ], [ -84.494946243217527, 33.935228469849491 ], [ -84.494059244011055, 33.934677469651902 ], [ -84.493433243123832, 33.934242470233315 ], [ -84.492858242290254, 33.933799469850619 ], [ -84.492443243086882, 33.93344447013844 ], [ -84.491778242739926, 33.932837470313437 ], [ -84.491504243103549, 33.93258846938798 ], [ -84.490983241798332, 33.932045469648997 ], [ -84.490404241665104, 33.931383469564977 ], [ -84.48991524194355, 33.930789469491387 ], [ -84.489795241394631, 33.930623469435325 ], [ -84.489437242092663, 33.930129469850925 ], [ -84.48909624161081, 33.929649468864909 ], [ -84.488739242133747, 33.929024469155628 ], [ -84.488591241097424, 33.928743469163244 ], [ -84.488458241926352, 33.928489469040848 ], [ -84.488336240829298, 33.928255469302393 ], [ -84.487420241310502, 33.926613468332164 ], [ -84.487296241461948, 33.926392468118003 ], [ -84.4858662403106, 33.923867468312991 ], [ -84.485347239553533, 33.922894468352425 ], [ -84.48523924049681, 33.922693467645892 ], [ -84.48553724042263, 33.92269246804544 ], [ -84.486181240853185, 33.922724467181332 ], [ -84.487590240291496, 33.92271946843529 ], [ -84.489478242100546, 33.922674467780844 ], [ -84.490740242124076, 33.922634467344828 ], [ -84.492038242132622, 33.922620467709557 ], [ -84.492048242178356, 33.922806467148405 ], [ -84.492005242520648, 33.923984468326587 ], [ -84.492055241851048, 33.925474468028696 ], [ -84.492165242354204, 33.926137468133113 ], [ -84.49220124233922, 33.926259468039937 ], [ -84.492332241860481, 33.926515468705929 ], [ -84.492514242333684, 33.926855468249585 ], [ -84.492550242318686, 33.926907468770459 ], [ -84.492671242692509, 33.92708446887201 ], [ -84.492866242686176, 33.927287468000856 ], [ -84.493012242276052, 33.927441468096781 ], [ -84.493407242286239, 33.927799468347288 ], [ -84.494348242817736, 33.92856846933612 ], [ -84.494546243184459, 33.928739468809148 ], [ -84.49519224416315, 33.929272469052457 ], [ -84.496006243574698, 33.929942468998071 ], [ -84.496546243349854, 33.93046746862079 ], [ -84.496639243236288, 33.930547468825758 ], [ -84.49757524374489, 33.931444468764546 ], [ -84.497686244072966, 33.931554469348896 ], [ -84.497917244051649, 33.931736469190739 ], [ -84.498103243824474, 33.931858469276428 ], [ -84.498301244191211, 33.931941469631965 ], [ -84.498629244254275, 33.932066469386207 ], [ -84.499320244540471, 33.932317469322349 ], [ -84.499822244680814, 33.932534468893635 ], [ -84.500428244578217, 33.932772469711018 ], [ -84.500512245142119, 33.932805469014006 ], [ -84.501221244971688, 33.93313446931581 ], [ -84.502051246073407, 33.933520469653317 ], [ -84.502277245130884, 33.933633469699124 ], [ -84.502683245910077, 33.933860469555597 ], [ -84.502773246321766, 33.933926469541511 ], [ -84.502957245546469, 33.934070468926642 ], [ -84.503144246042538, 33.934259470079283 ], [ -84.503459246585109, 33.934725469796028 ], [ -84.503521246509393, 33.934822469461146 ], [ -84.503734246944717, 33.935116469884306 ], [ -84.503894245879962, 33.935366469577332 ], [ -84.504256246278217, 33.935801469961817 ], [ -84.504321246575557, 33.935875469972203 ], [ -84.504475246561356, 33.936052470068631 ], [ -84.505056247242706, 33.936555469736248 ], [ -84.505610246363261, 33.937001469729879 ], [ -84.506048246929495, 33.937277469922712 ], [ -84.506497247366369, 33.937514469981913 ], [ -84.506710246903381, 33.937650470136198 ], [ -84.506796248015448, 33.937706469961213 ], [ -84.507122247530347, 33.937974470264265 ], [ -84.507348247486149, 33.938241470305762 ], [ -84.507537247632044, 33.938696470342506 ], [ -84.507774247458514, 33.939438470265941 ], [ -84.507912247550792, 33.939387470838717 ], [ -84.50817324766669, 33.939350470504515 ], [ -84.508404247645359, 33.939307470740481 ], [ -84.508643248019965, 33.939288470855139 ], [ -84.508895247915049, 33.939287470704159 ], [ -84.509204247711537, 33.93930547043891 ], [ -84.50930924819184, 33.939318470162192 ], [ -84.509792248065594, 33.93937747008529 ], [ -84.509934248355819, 33.939404470402778 ], [ -84.510107248608165, 33.939437470116665 ], [ -84.510293248381018, 33.939483470261194 ], [ -84.510749248490583, 33.939636470514422 ], [ -84.51135424856308, 33.939901470273185 ], [ -84.511418249035501, 33.939920470767014 ], [ -84.511645248816222, 33.940045470732784 ], [ -84.5121572490023, 33.940271471242362 ], [ -84.51251924850223, 33.94045247020221 ], [ -84.513246249671766, 33.940695470428196 ], [ -84.513801249515566, 33.940916470043689 ], [ -84.514466248964197, 33.941192470214709 ], [ -84.515485250211782, 33.941591470662253 ], [ -84.515611250608487, 33.941815470551525 ], [ -84.515728250784363, 33.942060470850045 ], [ -84.516102249979852, 33.942725470980648 ], [ -84.516225250003501, 33.942949470867013 ], [ -84.516916251188022, 33.944209471634338 ], [ -84.517554250872479, 33.945367471034864 ], [ -84.518198251303033, 33.946556471624682 ], [ -84.518956251536409, 33.947938471310188 ], [ -84.519018251460707, 33.948067472362169 ], [ -84.519754251054437, 33.949458471642707 ], [ -84.520045251307579, 33.949992472624388 ], [ -84.520522252231871, 33.950896472732936 ] ] ] ] } },
{ "type": "Feature", "properties": { "STATEFP": "13", "COUNTYFP": "135", "TRACTCE": "050541", "GEOID": "13135050541", "GEOIDFQ": "1400000US13135050541", "NAME": "505.41", "NAMELSAD": "Census Tract 505.41", "MTFCC": "G5020", "FUNCSTAT": "S", "ALAND": 1265672.0, "AWATER": 16095.0, "INTPTLAT": "+33.9477158", "INTPTLON": "-084.1068074", "OBJECTID": 1244, "CensusTract": "13135050541", "State": "Georgia", "County": "Gwinnett County", "Urban": 1, "Pop2010": 5061, "OHU2010": 1923, "GroupQuartersFlag": 0, "NUMGQTRS": 0, "PCTGQTRS": 0.0, "LILATracts_1And10": 1, "LILATracts_halfAnd10": 1, "LILATracts_1And20": 1, "LILATracts_Vehicle": 1, "Shape_Length": 6539.6211631207489, "Shape_Area": 1867338.7574661856 }, "geometry": { "type": "MultiPolygon", "coordinates": [ [ [ [ -84.117556134795123, 33.944444486496181 ], [ -84.11753413505383, 33.944682486067627 ], [ -84.117481135350374, 33.945265485960576 ], [ -84.117424135448957, 33.945571487020153 ], [ -84.117365134999417, 33.945893485919569 ], [ -84.117148135264458, 33.946352487063329 ], [ -84.116725135665135, 33.947015487078076 ], [ -84.115949134091792, 33.948232486801537 ], [ -84.115757134471181, 33.948541487008782 ], [ -84.115599134287436, 33.948795486932241 ], [ -84.115374135054836, 33.949145486547124 ], [ -84.114937134313536, 33.949490487547969 ], [ -84.114800134046178, 33.94956148749182 ], [ -84.114263134644062, 33.94984248733936 ], [ -84.113144133837352, 33.950435487112436 ], [ -84.11182913411038, 33.951127487712839 ], [ -84.111619133149773, 33.951227488096663 ], [ -84.111172133261036, 33.951441487882434 ], [ -84.110698133608096, 33.951668487947927 ], [ -84.11036413369726, 33.951749488356519 ], [ -84.110337133034761, 33.951748488351946 ], [ -84.11008113294173, 33.951742487579118 ], [ -84.109933133702043, 33.95169548809271 ], [ -84.109566133280907, 33.951577488142092 ], [ -84.109073133361406, 33.951457488011904 ], [ -84.108933132721006, 33.951433487816551 ], [ -84.107591132331564, 33.951200487803455 ], [ -84.10697313273856, 33.951128488469877 ], [ -84.106012132115609, 33.951015488544385 ], [ -84.104600131405945, 33.950775488020135 ], [ -84.103986132010945, 33.950721488628588 ], [ -84.103501131589042, 33.950739488181185 ], [ -84.103471131451812, 33.950748487583517 ], [ -84.103224131579609, 33.950832488168679 ], [ -84.102824130648216, 33.950966487883782 ], [ -84.102742131530761, 33.951004487653371 ], [ -84.102517130501539, 33.951121488386512 ], [ -84.10225313091091, 33.951227488096663 ], [ -84.101972130703516, 33.951376488070551 ], [ -84.101798130626236, 33.951476488161781 ], [ -84.101513131119177, 33.951787488521646 ], [ -84.101266130348677, 33.951725488243518 ], [ -84.101101130492225, 33.951684488034765 ], [ -84.100746130664987, 33.951597488271545 ], [ -84.100419130426857, 33.951502488360028 ], [ -84.100347130456825, 33.951485488231306 ], [ -84.100208130539642, 33.951453487979826 ], [ -84.100131129648432, 33.951424488486708 ], [ -84.098966129709282, 33.951131488505411 ], [ -84.098776129738496, 33.951078487861899 ], [ -84.096257128815992, 33.9504774879425 ], [ -84.095371129434426, 33.950228487935071 ], [ -84.095088128678881, 33.950122487725785 ], [ -84.094938128891073, 33.950039488699986 ], [ -84.095012128510916, 33.949928488125593 ], [ -84.09513012851167, 33.949876488249821 ], [ -84.095355128642581, 33.949826488396575 ], [ -84.095793129208829, 33.949809487933109 ], [ -84.095837129589754, 33.949810487960455 ], [ -84.096380129737966, 33.949816488124334 ], [ -84.09666112904705, 33.949809487933109 ], [ -84.097002129528889, 33.949762488124335 ], [ -84.097177129431074, 33.949711487430413 ], [ -84.097262129819882, 33.949680488031134 ], [ -84.097336129439725, 33.949653487992244 ], [ -84.097489129600618, 33.949525487884522 ], [ -84.097794129199144, 33.949305487552373 ], [ -84.097930129641583, 33.949178488446421 ], [ -84.098032129748816, 33.949111487580197 ], [ -84.098432129781912, 33.949017487910957 ], [ -84.098640130194383, 33.948960488037116 ], [ -84.098842129860728, 33.948888488298849 ], [ -84.098875130371013, 33.948876487839769 ], [ -84.098985129975858, 33.948803487991263 ], [ -84.099095130479043, 33.948716487518411 ], [ -84.099256129239194, 33.948603487370967 ], [ -84.099375129963192, 33.948495488032904 ], [ -84.099452129956106, 33.948435487679063 ], [ -84.099569130131968, 33.948376488072277 ], [ -84.099720130643021, 33.948325488038186 ], [ -84.099821130027038, 33.948279487455231 ], [ -84.099939130027835, 33.948192487191932 ], [ -84.100145130790452, 33.947970487787238 ], [ -84.100308130098767, 33.947787487570636 ], [ -84.100369130198132, 33.947692487877227 ], [ -84.100431130122402, 33.947577487753506 ], [ -84.100508130115287, 33.947503487481583 ], [ -84.100609130397643, 33.947443487918768 ], [ -84.100695130611356, 33.947363487193911 ], [ -84.100780130101882, 33.947275487427525 ], [ -84.100865130490675, 33.947215486958775 ], [ -84.100942130483588, 33.947141487117278 ], [ -84.101059130659436, 33.947096487444071 ], [ -84.101200131124756, 33.947071487449719 ], [ -84.101448130821865, 33.947084487477525 ], [ -84.102059130742148, 33.947092487207016 ], [ -84.102373131459828, 33.947085487536903 ], [ -84.102697131324916, 33.947038487714217 ], [ -84.103064130847713, 33.94693648750247 ], [ -84.103299131024357, 33.946845487108028 ], [ -84.103484131870601, 33.946740487219948 ], [ -84.103601131148153, 33.946708486674694 ], [ -84.103711131651323, 33.946642487654628 ], [ -84.103779130525069, 33.946574486962227 ], [ -84.103856130517968, 33.94651448674454 ], [ -84.103964131371313, 33.946489487324463 ], [ -84.10411413115915, 33.946438486904889 ], [ -84.104232131159904, 33.946365487200964 ], [ -84.104367130879126, 33.94629248743437 ], [ -84.104452131267948, 33.946218487535624 ], [ -84.10448913107787, 33.946194487353232 ], [ -84.104688131269498, 33.946066486514646 ], [ -84.104841131430376, 33.945979486970103 ], [ -84.104992131043105, 33.945907487690903 ], [ -84.105144131379078, 33.945814486792969 ], [ -84.105255131707153, 33.945714486755783 ], [ -84.105359131464226, 33.945565486556951 ], [ -84.105432132157475, 33.945353487059847 ], [ -84.105503131404276, 33.945210486717741 ], [ -84.105610132432716, 33.94497148704793 ], [ -84.105760132220524, 33.94469248694309 ], [ -84.105902131612453, 33.944407486124199 ], [ -84.105991131300897, 33.944216486445455 ], [ -84.106164131553271, 33.943993487007958 ], [ -84.106327131759883, 33.943804485850954 ], [ -84.10655213189078, 33.943513485922487 ], [ -84.106649131975175, 33.943322486473541 ], [ -84.106704131328428, 33.943179485700391 ], [ -84.106794131740102, 33.942974486231485 ], [ -84.106923131611552, 33.942798486475375 ], [ -84.107070131924644, 33.942629486392519 ], [ -84.107141132069756, 33.942467486024604 ], [ -84.107174131681717, 33.942357486868708 ], [ -84.10726013189543, 33.942200486567124 ], [ -84.107437132345751, 33.941959486404762 ], [ -84.107592132156455, 33.941736485526178 ], [ -84.107701131936395, 33.941549486314237 ], [ -84.107893131557034, 33.94113348570923 ], [ -84.109225131900757, 33.941661486015128 ], [ -84.109499132435445, 33.941764485962672 ], [ -84.110383133065511, 33.942109485580978 ], [ -84.111097132917962, 33.942387485839589 ], [ -84.111683132723869, 33.942556485657668 ], [ -84.112103133746757, 33.942650486500455 ], [ -84.112440133132353, 33.94267248596919 ], [ -84.112848133561343, 33.942674485446339 ], [ -84.113275133358599, 33.942619486019922 ], [ -84.114599134204724, 33.942449486213079 ], [ -84.114900133605289, 33.942419485773542 ], [ -84.115069134558013, 33.942402485321054 ], [ -84.115195134056393, 33.942389486068684 ], [ -84.115469134591081, 33.942346485603871 ], [ -84.115614134356036, 33.942329485882063 ], [ -84.116554134164289, 33.942221486035642 ], [ -84.116685134583847, 33.942550486472449 ], [ -84.117370135022298, 33.94375948664922 ], [ -84.117478134977333, 33.943949486511926 ], [ -84.117552134597162, 33.944207486352489 ], [ -84.117556134795123, 33.944444486496181 ] ] ] ] } },
{ "type": "Feature", "properties": { "STATEFP": "13", "COUNTYFP": "089", "TRACTCE": "023802", "GEOID": "13089023802", "GEOIDFQ": "1400000US13089023802", "NAME": "238.02", "NAMELSAD": "Census Tract 238.02", "MTFCC": "G5020", "FUNCSTAT": "S", "ALAND": 9618900.0, "AWATER": 62861.0, "INTPTLAT": "+33.6940064", "INTPTLON": "-084.3356621", "OBJECTID": 736, "CensusTract": "13089023802", "State": "Georgia", "County": "DeKalb County", "Urban": 1, "Pop2010": 4392, "OHU2010": 1238, "GroupQuartersFlag": 0, "NUMGQTRS": 1237, "PCTGQTRS": 28.16484517, "LILATracts_1And10": 1, "LILATracts_halfAnd10": 1, "LILATracts_1And20": 1, "LILATracts_Vehicle": 1, "Shape_Length": 26227.071069890309, "Shape_Area": 14022752.698630325 }, "geometry": { "type": "MultiPolygon", "coordinates": [ [ [ [ -84.349674188119565, 33.682962421584733 ], [ -84.349668188271764, 33.683657421529958 ], [ -84.349645188705551, 33.684735422294587 ], [ -84.34950118786719, 33.689435423365268 ], [ -84.34951318846106, 33.690162423564466 ], [ -84.349515189009225, 33.691386423229481 ], [ -84.349511188811249, 33.692199423621581 ], [ -84.349512188636155, 33.692623423298969 ], [ -84.349486188696886, 33.6937334234131 ], [ -84.349582188956362, 33.695313423583883 ], [ -84.349585188431092, 33.695519424127561 ], [ -84.349614189641713, 33.697203424774258 ], [ -84.349550189169307, 33.69816542484989 ], [ -84.349527188704769, 33.698516424902252 ], [ -84.349520189032077, 33.698727424386256 ], [ -84.349512189534465, 33.699036425444156 ], [ -84.349493189267903, 33.699827425211936 ], [ -84.349488189245022, 33.700589425676611 ], [ -84.349491189618078, 33.700625425613772 ], [ -84.349484189047061, 33.700854425068371 ], [ -84.349481188674019, 33.701277426182642 ], [ -84.349506188788382, 33.703475426324786 ], [ -84.349504189138557, 33.704126426272055 ], [ -84.349504189138557, 33.704412426368528 ], [ -84.349504189138557, 33.704703426552769 ], [ -84.349517189557346, 33.70833342700552 ], [ -84.349515189907535, 33.709272427569701 ], [ -84.34951219043279, 33.71403442818167 ], [ -84.34951219043279, 33.714184428750428 ], [ -84.349505189861773, 33.715539428464602 ], [ -84.349505189861773, 33.715549428534636 ], [ -84.349504190036882, 33.715689428645888 ], [ -84.349502189488732, 33.715883429308676 ], [ -84.349501189663812, 33.715947428583796 ], [ -84.349500189838921, 33.716036428967598 ], [ -84.349499189115676, 33.716143428215382 ], [ -84.349484189945372, 33.717656429199572 ], [ -84.349330189959602, 33.717659429221406 ], [ -84.349029190559023, 33.717630428756422 ], [ -84.348852190108715, 33.717579429100041 ], [ -84.348549189261689, 33.717430428992763 ], [ -84.348271189427336, 33.717269429233056 ], [ -84.348196189084263, 33.717205429448931 ], [ -84.348154189251474, 33.717122428863952 ], [ -84.34814018990609, 33.717033429605948 ], [ -84.348187189761759, 33.716860429650829 ], [ -84.348125189837475, 33.716787428658172 ], [ -84.347938189341406, 33.716758429392975 ], [ -84.347728189279124, 33.716767428805269 ], [ -84.347625190245282, 33.716795429046329 ], [ -84.347499189848577, 33.71681642940797 ], [ -84.347362189581233, 33.716820429227205 ], [ -84.347151189694031, 33.716815428892716 ], [ -84.347079189724028, 33.716749428485343 ], [ -84.346997189708262, 33.716690428655646 ], [ -84.346895189601, 33.716664429414358 ], [ -84.34678918839748, 33.7166774286624 ], [ -84.346684189713798, 33.716697429283442 ], [ -84.346591189827393, 33.716742429356181 ], [ -84.346520188783956, 33.716809428789823 ], [ -84.346432189818728, 33.716862428438617 ], [ -84.346126188598674, 33.716949429088167 ], [ -84.346005189123147, 33.716980428568284 ], [ -84.345769189121597, 33.717009429252876 ], [ -84.345661188268238, 33.717008428739931 ], [ -84.345555188861354, 33.716994429028837 ], [ -84.345453188754107, 33.716966428852665 ], [ -84.345279188676813, 33.716900428561431 ], [ -84.345190188090058, 33.716871429334397 ], [ -84.345126189414273, 33.716856429086235 ], [ -84.34494518876599, 33.716616429242542 ], [ -84.344798189351224, 33.716468429477722 ], [ -84.344682188101942, 33.716339428893995 ], [ -84.344617188702927, 33.716256429713468 ], [ -84.344557188428482, 33.71618242843185 ], [ -84.344464188542062, 33.716026428954237 ], [ -84.344416187963162, 33.715834428920729 ], [ -84.344420188161124, 33.71569942869845 ], [ -84.344381188701377, 33.715562428698725 ], [ -84.344398188419802, 33.7153544288266 ], [ -84.34439318839695, 33.715172428898789 ], [ -84.344354188038878, 33.715045428934097 ], [ -84.34423818858626, 33.714924429016605 ], [ -84.34415518784725, 33.714805428511504 ], [ -84.344127188258156, 33.7146594282002 ], [ -84.344130188631212, 33.714560428446717 ], [ -84.344100188493982, 33.714477429040898 ], [ -84.344139187953729, 33.714270427832545 ], [ -84.344276188221073, 33.714037428330123 ], [ -84.344303188883572, 33.713874428581313 ], [ -84.344364188982951, 33.713658428423798 ], [ -84.344381188701377, 33.713450427675518 ], [ -84.344429188381966, 33.713297427892023 ], [ -84.344520188618546, 33.713032428032228 ], [ -84.344596188786525, 33.712878428437335 ], [ -84.344808188498632, 33.712592428136624 ], [ -84.344912189154016, 33.712487428584069 ], [ -84.345053187822714, 33.712364427663964 ], [ -84.345239188493849, 33.712363427844096 ], [ -84.345371188738355, 33.7122754287048 ], [ -84.345453188754107, 33.712096428444966 ], [ -84.345500188609762, 33.711961428323676 ], [ -84.345430188289569, 33.711778428102654 ], [ -84.345369188190205, 33.711650428520734 ], [ -84.345405188175206, 33.711542427580817 ], [ -84.345377188586127, 33.711396428446804 ], [ -84.345294188745441, 33.711258427726825 ], [ -84.345277188128691, 33.711104427939517 ], [ -84.345211188006459, 33.710803427897439 ], [ -84.34515018790708, 33.710675428356737 ], [ -84.345141188584577, 33.710612427981502 ], [ -84.345057188020675, 33.710528427160192 ], [ -84.34492918887247, 33.710458427782932 ], [ -84.344831188064859, 33.710446427435635 ], [ -84.344644187568804, 33.710542427925489 ], [ -84.344521188443466, 33.710657428254251 ], [ -84.344378188328335, 33.71072742746923 ], [ -84.344288188814957, 33.710843427387836 ], [ -84.344263187802298, 33.710951428459573 ], [ -84.344312188206089, 33.711106428355833 ], [ -84.344418188511312, 33.711208427855262 ], [ -84.344510187674501, 33.711364427866378 ], [ -84.344461188168992, 33.711571427860406 ], [ -84.344349188914322, 33.711669428243042 ], [ -84.344195188030227, 33.711738427553243 ], [ -84.344043187694254, 33.711744428010498 ], [ -84.343935188637531, 33.711741427781917 ], [ -84.34380918824084, 33.71160342761636 ], [ -84.343747187418259, 33.711493428451881 ], [ -84.343740188643878, 33.71137542825408 ], [ -84.343678187821268, 33.711264427470347 ], [ -84.34357418806421, 33.711117428029254 ], [ -84.343410188032664, 33.710815428194849 ], [ -84.343316188321339, 33.71070442743455 ], [ -84.34334218736231, 33.710559428211205 ], [ -84.343453187690386, 33.710471427223247 ], [ -84.343708187958512, 33.710286427875253 ], [ -84.343798188370187, 33.710207428201954 ], [ -84.343921187495539, 33.710087428038861 ], [ -84.343930187716353, 33.709779427724527 ], [ -84.343902187228949, 33.709652427256295 ], [ -84.343806187867784, 33.709586428068519 ], [ -84.343688187867031, 33.709538427676307 ], [ -84.343313187948297, 33.709403427270047 ], [ -84.343164187087055, 33.709300427265752 ], [ -84.343104187710921, 33.709145427099003 ], [ -84.342999188128942, 33.709034427916556 ], [ -84.342980187862366, 33.708952427512784 ], [ -84.343047187809503, 33.708881427737879 ], [ -84.343104187710921, 33.708801427658038 ], [ -84.343161187612338, 33.708684427360346 ], [ -84.343158188137593, 33.708439427019009 ], [ -84.343066187177769, 33.708274427371379 ], [ -84.342908186994009, 33.708108426790041 ], [ -84.342920187587907, 33.707718426763783 ], [ -84.3428501872677, 33.707535427216008 ], [ -84.34275618755639, 33.707406426663411 ], [ -84.342596186824494, 33.707312426909198 ], [ -84.342502187113169, 33.707202427479558 ], [ -84.34240818740183, 33.70708242685415 ], [ -84.342367187393947, 33.70700842738129 ], [ -84.342239187347431, 33.706960427042844 ], [ -84.341943187071422, 33.707045427499338 ], [ -84.341861187055642, 33.707251426814899 ], [ -84.341668187610125, 33.707519427702508 ], [ -84.341470187243402, 33.707633427720637 ], [ -84.341271187051774, 33.707728427744684 ], [ -84.341108187743458, 33.707761427311524 ], [ -84.340824187163037, 33.707836426755506 ], [ -84.34069218691856, 33.707879427244109 ], [ -84.34058018676555, 33.70800342773321 ], [ -84.340436186825514, 33.708091427513679 ], [ -84.340349186786881, 33.708107426920613 ], [ -84.340239186283696, 33.708159427588015 ], [ -84.340055187059008, 33.708128427165178 ], [ -84.339884186456473, 33.708065427910633 ], [ -84.33966818744473, 33.708042427910314 ], [ -84.339550187443933, 33.707985427817931 ], [ -84.339411186628439, 33.707928427687776 ], [ -84.339305186323244, 33.707844427230341 ], [ -84.33932218604167, 33.707645426966458 ], [ -84.339454187184472, 33.707231426982844 ], [ -84.339491186994394, 33.707078427328611 ], [ -84.339507186887914, 33.706915426327484 ], [ -84.339511187085876, 33.706806427021284 ], [ -84.339451186811417, 33.706642426364795 ], [ -84.339445186963644, 33.706488426520366 ], [ -84.339449187161605, 33.706334426399835 ], [ -84.339497185943856, 33.706190427163151 ], [ -84.339490187169474, 33.70608142693689 ], [ -84.33929018625463, 33.705868427041572 ], [ -84.339130186421059, 33.705774427098774 ], [ -84.338979186808317, 33.705753427025897 ], [ -84.338762186175018, 33.70575742736046 ], [ -84.338609186014153, 33.705799427499052 ], [ -84.338310186263399, 33.705992427444848 ], [ -84.338122185942424, 33.706124426809573 ], [ -84.338045185949525, 33.706158426884826 ], [ -84.337810185772895, 33.706380427309135 ], [ -84.337610185756347, 33.706548426521678 ], [ -84.337467185641216, 33.706626426684949 ], [ -84.337367186082091, 33.706697427576763 ], [ -84.337204185875493, 33.70670242700583 ], [ -84.33705218643783, 33.706717427533171 ], [ -84.336964185675967, 33.706751427373682 ], [ -84.336844185127063, 33.706776427489643 ], [ -84.3367191863519, 33.706782426798974 ], [ -84.336703186458394, 33.706766427145212 ], [ -84.336561186168154, 33.706769427547592 ], [ -84.336393185040336, 33.706807426905854 ], [ -84.336312185747815, 33.706812427075832 ], [ -84.336227185359007, 33.706810427306799 ], [ -84.336151186089339, 33.706757427432066 ], [ -84.336128185624801, 33.706643426998582 ], [ -84.336117185754148, 33.706494427344445 ], [ -84.33607718557117, 33.706164426984635 ], [ -84.336071185723398, 33.705967427100745 ], [ -84.336052185456822, 33.705860427129991 ], [ -84.336086184893702, 33.705734426742083 ], [ -84.336214185838529, 33.705451427011958 ], [ -84.336297184780889, 33.705185426951573 ], [ -84.336464186083774, 33.704822426857703 ], [ -84.336564185642899, 33.704488426406442 ], [ -84.336578185886594, 33.704289426587451 ], [ -84.336614185871611, 33.704085426726337 ], [ -84.336568185840846, 33.703878426624819 ], [ -84.336449186015173, 33.703627426496858 ], [ -84.336224184985966, 33.703199426111489 ], [ -84.336037185388193, 33.702753426318523 ], [ -84.336001185403191, 33.702460426383965 ], [ -84.335975185463923, 33.702335426176646 ], [ -84.335882185577503, 33.702234426539867 ], [ -84.335781185295161, 33.702132426098096 ], [ -84.335533185598038, 33.7019534263708 ], [ -84.335506184935554, 33.701871425932765 ], [ -84.335346185101969, 33.701507426087524 ], [ -84.335285185002604, 33.70132542596015 ], [ -84.335205184636678, 33.701249426113172 ], [ -84.335035184757359, 33.701220426832336 ], [ -84.334525184221107, 33.701340425931853 ], [ -84.333646184512233, 33.701595425797265 ], [ -84.333225184562735, 33.701735426236745 ], [ -84.332994184584052, 33.701767425920828 ], [ -84.332858185039939, 33.701826425540609 ], [ -84.332665184696097, 33.701797426454611 ], [ -84.332474184002066, 33.701725426800117 ], [ -84.332308184320709, 33.701547426170556 ], [ -84.332165184205579, 33.701351426108729 ], [ -84.332125184022601, 33.701284425824895 ], [ -84.331941183899588, 33.701536426018784 ], [ -84.331696183677209, 33.701842426861901 ], [ -84.331460183675645, 33.70204342625108 ], [ -84.331159184275108, 33.702238426290968 ], [ -84.330902183458818, 33.702386426665832 ], [ -84.330507183448617, 33.702555426150866 ], [ -84.329961182927363, 33.702763426382845 ], [ -84.329236183204259, 33.703045426820061 ], [ -84.328501183435435, 33.703336426403993 ], [ -84.327897183187858, 33.703601426289815 ], [ -84.327782182661792, 33.703657427128356 ], [ -84.327288182917385, 33.703899426408753 ], [ -84.32691318299868, 33.704064426987863 ], [ -84.327052182915835, 33.705514426689248 ], [ -84.327105183517602, 33.70581242764456 ], [ -84.327197182680791, 33.706102426929512 ], [ -84.327433182682341, 33.706428427224466 ], [ -84.327657182988332, 33.706692427400093 ], [ -84.328022183759629, 33.707146428204986 ], [ -84.328272183106577, 33.707415427803149 ], [ -84.328619183436189, 33.707695428165152 ], [ -84.329018183644365, 33.708035427324141 ], [ -84.329249183623062, 33.708224427257065 ], [ -84.329494183845426, 33.708424427539718 ], [ -84.3297591841593, 33.70873242748258 ], [ -84.330018183727091, 33.709068427587134 ], [ -84.330126184580422, 33.709310428062416 ], [ -84.330150183971554, 33.709459428062161 ], [ -84.330150183971554, 33.709627427977544 ], [ -84.330118184184499, 33.709751428184653 ], [ -84.330049184587537, 33.709927427809617 ], [ -84.329939183186042, 33.710181428492206 ], [ -84.32976018398422, 33.710476428674419 ], [ -84.329636184135666, 33.710756428771319 ], [ -84.329573183488165, 33.710970429083808 ], [ -84.329494183845426, 33.711553428692937 ], [ -84.329438183768943, 33.712049428531962 ], [ -84.32930518369956, 33.712884428067674 ], [ -84.329274184635722, 33.713149429131406 ], [ -84.3292871841562, 33.713296428830276 ], [ -84.329315183745294, 33.713580429416517 ], [ -84.329407184705119, 33.713923428593361 ], [ -84.329687184189297, 33.71475042950329 ], [ -84.329767183656912, 33.715072429201172 ], [ -84.329849184570989, 33.716478429439555 ], [ -84.329884183832789, 33.717058428970248 ], [ -84.329882184182964, 33.717231430020838 ], [ -84.327313183930059, 33.717216429835574 ], [ -84.326674183522385, 33.717228429983983 ], [ -84.326529182859119, 33.717239429620399 ], [ -84.326423183452206, 33.717257429837595 ], [ -84.326320183520039, 33.717282429883888 ], [ -84.326219183237697, 33.717315429515438 ], [ -84.326123182978236, 33.717355429708498 ], [ -84.326029183266911, 33.717410429289636 ], [ -84.325941182505048, 33.717495429863668 ], [ -84.325720183470423, 33.717254429801649 ], [ -84.325649182427, 33.717186430204343 ], [ -84.325571182609195, 33.717124429887299 ], [ -84.325487182943604, 33.717068429610585 ], [ -84.325396182707024, 33.717019429151755 ], [ -84.324819183121932, 33.716772429889716 ], [ -84.324719182664495, 33.716737429764422 ], [ -84.32462318240502, 33.716698429800068 ], [ -84.324529182693695, 33.716653429704266 ], [ -84.324439182282021, 33.71660342998527 ], [ -84.324275183148799, 33.716493429753761 ], [ -84.324095182325436, 33.716366429501385 ], [ -84.323814183016353, 33.716088429317004 ], [ -84.32357018261888, 33.715744430041497 ], [ -84.323699182490301, 33.715688429611966 ], [ -84.32385018300134, 33.71554542940342 ], [ -84.323988183093618, 33.715468429652347 ], [ -84.324153182051745, 33.715401429172267 ], [ -84.324312182958707, 33.715372429438986 ], [ -84.324392182426351, 33.715336429704905 ], [ -84.324393183149581, 33.715279429970536 ], [ -84.324460182198422, 33.715126428962662 ], [ -84.324774182916087, 33.714817428996888 ], [ -84.324851182908972, 33.714706429673541 ], [ -84.324928182003561, 33.71456642945396 ], [ -84.324982183328544, 33.714454429263363 ], [ -84.325008182369487, 33.714347428657959 ], [ -84.325056182948401, 33.714249429089918 ], [ -84.325169182926302, 33.714070429208881 ], [ -84.325139182789059, 33.713754429059072 ], [ -84.325102182080826, 33.7136784290009 ], [ -84.325089182560347, 33.713560429563849 ], [ -84.325064182445999, 33.71346542926598 ], [ -84.325021182788291, 33.713379428630361 ], [ -84.324932182201522, 33.713340428635235 ], [ -84.32490618316055, 33.713278428529925 ], [ -84.324782182413685, 33.713092429439726 ], [ -84.324722183037537, 33.713043428953519 ], [ -84.32456018265583, 33.713002428433676 ], [ -84.324491183058868, 33.713038429146323 ], [ -84.32438918295162, 33.713055428937906 ], [ -84.324175182691377, 33.713050429131407 ], [ -84.323797182399602, 33.713070429102864 ], [ -84.323650182086496, 33.713096429432447 ], [ -84.323500182298673, 33.713219428556826 ], [ -84.323448182420137, 33.713251429193171 ], [ -84.323290182236391, 33.713252429749971 ], [ -84.323199181999797, 33.713274428545674 ], [ -84.323125182379954, 33.713305429352637 ], [ -84.323007182379172, 33.71348442933396 ], [ -84.322944181731657, 33.713511428597442 ], [ -84.322866181913852, 33.713500429230628 ], [ -84.322743181890218, 33.713450428422767 ], [ -84.322705181357065, 33.713416428992581 ], [ -84.322683182514083, 33.713383429356973 ], [ -84.322674182293241, 33.713321429282644 ], [ -84.322676181943066, 33.713260428973051 ], [ -84.322672181745105, 33.713194429569207 ], [ -84.322672181745105, 33.713020428791886 ], [ -84.322630181912317, 33.712939429018355 ], [ -84.322548181896536, 33.712862429172034 ], [ -84.322489181446997, 33.712767428849205 ], [ -84.322458181484862, 33.712677428996976 ], [ -84.322369182694715, 33.712628429021159 ], [ -84.322270182062198, 33.71255542891388 ], [ -84.322244182122944, 33.712479428541762 ], [ -84.322183182023565, 33.712445428727101 ], [ -84.322003181200202, 33.712450429316085 ], [ -84.321929181580344, 33.712477428904691 ], [ -84.32188318244792, 33.712485428947183 ], [ -84.321800181708909, 33.712432429585661 ], [ -84.321718181693143, 33.71236942900488 ], [ -84.321635181852471, 33.71232042885331 ], [ -84.321563181882439, 33.712266428821678 ], [ -84.321503181607994, 33.712204428688125 ], [ -84.321513182552039, 33.712091428582625 ], [ -84.321544181615877, 33.711988428813243 ], [ -84.321596181494414, 33.711928428128864 ], [ -84.321671180939177, 33.711897429066539 ], [ -84.321828181298002, 33.711905429163117 ], [ -84.32193018140525, 33.711893428270756 ], [ -84.322011181596125, 33.711829428962979 ], [ -84.322064181299567, 33.711750429214533 ], [ -84.322179181825604, 33.711658428640327 ], [ -84.322262181666275, 33.711558428586599 ], [ -84.32237318109604, 33.711425428775634 ], [ -84.322549181721456, 33.711198428774154 ], [ -84.322557182117379, 33.711118428610909 ], [ -84.322571181462763, 33.711034428284549 ], [ -84.322548181896536, 33.710983428446625 ], [ -84.322534181652856, 33.710953428132179 ], [ -84.322530181454866, 33.710892429129473 ], [ -84.322512181911534, 33.710755428932728 ], [ -84.322527181980149, 33.710614428409279 ], [ -84.322503181690692, 33.710500428611738 ], [ -84.322569181812938, 33.710351428176331 ], [ -84.32261118164574, 33.710272427815489 ], [ -84.322694182384723, 33.710137427815823 ], [ -84.322772182202527, 33.709979428122317 ], [ -84.322827181555795, 33.709653427855017 ], [ -84.322843181449329, 33.709338427746076 ], [ -84.322959181800286, 33.709232428842114 ], [ -84.323118181808937, 33.709193428458164 ], [ -84.323227182487202, 33.709130428490255 ], [ -84.323249181330198, 33.709042427532559 ], [ -84.323259182274256, 33.709003427809563 ], [ -84.323239182182775, 33.708923428590651 ], [ -84.323168182037648, 33.708846427385168 ], [ -84.323109182486419, 33.708765428158245 ], [ -84.323100182265591, 33.708670428533964 ], [ -84.323070182128362, 33.708561427718621 ], [ -84.323084182372057, 33.708453428124926 ], [ -84.323143181923299, 33.708393427959834 ], [ -84.323167182212742, 33.708333428500119 ], [ -84.323214182068412, 33.708273428251182 ], [ -84.323221181741104, 33.708216428312163 ], [ -84.323152181245803, 33.708081428069661 ], [ -84.323086182021896, 33.70802742761434 ], [ -84.32292418164019, 33.707981428334442 ], [ -84.322694181486412, 33.707976428232584 ], [ -84.322598182125262, 33.707979427845387 ], [ -84.322541182223844, 33.708001427991917 ], [ -84.322490181271903, 33.708014427804137 ], [ -84.322451180913845, 33.707995428020432 ], [ -84.322328181788521, 33.707959428182797 ], [ -84.322285182130813, 33.707939427768295 ], [ -84.322010181771205, 33.70785842768597 ], [ -84.321712180947046, 33.707668427820394 ], [ -84.32163018182959, 33.707577427979771 ], [ -84.321604181890336, 33.707345427383189 ], [ -84.321602181342215, 33.707209427386331 ], [ -84.321560181509398, 33.70711942768763 ], [ -84.321517180953393, 33.707056427692962 ], [ -84.321462181600111, 33.706994427534418 ], [ -84.321206181507094, 33.706894428028207 ], [ -84.320821181542613, 33.706789427487223 ], [ -84.320591181388849, 33.706752428006205 ], [ -84.320439181052876, 33.706748427717983 ], [ -84.320322181775325, 33.706717428280477 ], [ -84.320153180822601, 33.706704427524684 ], [ -84.319992181164125, 33.706654427990941 ], [ -84.31982318110974, 33.706636427793001 ], [ -84.319677181519864, 33.70663342813328 ], [ -84.319435180772217, 33.706616427817671 ], [ -84.319203180968614, 33.706484428461799 ], [ -84.319164180610557, 33.706444428435766 ], [ -84.319143180694155, 33.706421428001349 ], [ -84.319110181082181, 33.706204427888338 ], [ -84.319126180975729, 33.706044427898192 ], [ -84.319186181250174, 33.705937428023319 ], [ -84.319217180313998, 33.705830427267884 ], [ -84.319293180481992, 33.705761427694817 ], [ -84.319379180695705, 33.705706427378061 ], [ -84.320032180448777, 33.705730427153775 ], [ -84.320845180933745, 33.705488427800738 ], [ -84.321286180974695, 33.705253427832019 ], [ -84.321639181152122, 33.705117427511887 ], [ -84.321955181519627, 33.705110427434626 ], [ -84.322195181719124, 33.704988427064201 ], [ -84.322271181887118, 33.704886427650585 ], [ -84.322314181544812, 33.704788427748198 ], [ -84.322299181476211, 33.704713427137335 ], [ -84.322246181772755, 33.704617426857716 ], [ -84.322232181529046, 33.70453742654275 ], [ -84.322206181589777, 33.704452427340868 ], [ -84.322258181468328, 33.704227426673569 ], [ -84.322245181049524, 33.704159427222876 ], [ -84.322224181133123, 33.704052426494478 ], [ -84.322131181246718, 33.70395642697072 ], [ -84.322038181360298, 33.703883426965291 ], [ -84.322043181383179, 33.703525426961725 ], [ -84.322063181474647, 33.703062427095112 ], [ -84.322057181626874, 33.703038426573947 ], [ -84.321952181146557, 33.702650426560048 ], [ -84.321847180666268, 33.702427427022535 ], [ -84.321854181237285, 33.702361426766885 ], [ -84.321840181891886, 33.702266426785442 ], [ -84.321820181800405, 33.702181426830997 ], [ -84.321835180970709, 33.702069426929647 ], [ -84.321866180932844, 33.701970426861898 ], [ -84.32193018140525, 33.701901427177525 ], [ -84.322225180958043, 33.701496425930621 ], [ -84.322212181437564, 33.701345426420076 ], [ -84.322235181003776, 33.700795426275704 ], [ -84.322234182077196, 33.700639425751341 ], [ -84.322209181064508, 33.700549426642198 ], [ -84.322130181421798, 33.700364426101409 ], [ -84.32204318048484, 33.700272426035561 ], [ -84.321932181055075, 33.700223426455814 ], [ -84.321770180673383, 33.700163426520596 ], [ -84.32174018143445, 33.700066426424492 ], [ -84.321757181152904, 33.699830426604017 ], [ -84.321759180802715, 33.699807425893297 ], [ -84.321739180711234, 33.69971742665998 ], [ -84.321680181160019, 33.699636426297751 ], [ -84.32156918173024, 33.699572426077488 ], [ -84.321241180768865, 33.699424426833566 ], [ -84.321120181293338, 33.699356425822963 ], [ -84.320953180888765, 33.699286426309044 ], [ -84.320820180819382, 33.69919842572881 ], [ -84.320659180262581, 33.699120426294193 ], [ -84.320543180809935, 33.699047425915985 ], [ -84.320439181052876, 33.698964425717804 ], [ -84.320333180747667, 33.698924425926819 ], [ -84.320131180182983, 33.698901425720926 ], [ -84.320046180692472, 33.698937426365354 ], [ -84.319960180478759, 33.698982426028685 ], [ -84.319908180600223, 33.699019425867078 ], [ -84.319812180340762, 33.699012426040269 ], [ -84.319756181162589, 33.699027426415824 ], [ -84.31969418033998, 33.698997426409477 ], [ -84.319667180575806, 33.698969426344284 ], [ -84.319615180697269, 33.698822426039172 ], [ -84.319555180422796, 33.698773426379802 ], [ -84.319471179858894, 33.698748426176763 ], [ -84.31939818006397, 33.698760426663711 ], [ -84.319268180367629, 33.698762426620156 ], [ -84.319173180831385, 33.698755426025087 ], [ -84.319117179856576, 33.698721426756435 ], [ -84.319068180351081, 33.698678426167469 ], [ -84.319030180716254, 33.698635426304314 ], [ -84.318998180030889, 33.698563426241932 ], [ -84.318994180731252, 33.698512425725255 ], [ -84.318984179787179, 33.698474425686967 ], [ -84.318896180821952, 33.698420425918329 ], [ -84.318653180249385, 33.698245425867391 ], [ -84.318509180309348, 33.698171426255406 ], [ -84.318273180307798, 33.697983426611131 ], [ -84.317882180495559, 33.697696426046718 ], [ -84.317613179085399, 33.697486426265925 ], [ -84.317552179884345, 33.697433425870003 ], [ -84.31753717981573, 33.697381425435687 ], [ -84.31752117992221, 33.697357426316906 ], [ -84.317505180028675, 33.697319426515172 ], [ -84.317456180523195, 33.697266425268836 ], [ -84.317384179654866, 33.697241426122091 ], [ -84.317106178922188, 33.697103425828033 ], [ -84.317046179546054, 33.697045425952432 ], [ -84.316987179994825, 33.696964426060596 ], [ -84.317015179583919, 33.696235425840271 ], [ -84.31693917941594, 33.695951426196345 ], [ -84.316886179712483, 33.69586942600872 ], [ -84.316767179886796, 33.695709425453806 ], [ -84.316706179787431, 33.695665424837912 ], [ -84.316645179688052, 33.695636425914422 ], [ -84.316465178864689, 33.69562342572376 ], [ -84.316324179297695, 33.695643426016282 ], [ -84.316256179525638, 33.695637425929007 ], [ -84.316151179045335, 33.695583425872158 ], [ -84.316084179098183, 33.695553425410637 ], [ -84.316034178869458, 33.695543426001883 ], [ -84.315944179356094, 33.695545426033206 ], [ -84.315875179759118, 33.695582425856891 ], [ -84.315813178936537, 33.695590425230925 ], [ -84.315780178426252, 33.69556142553472 ], [ -84.315730179095851, 33.695555425441718 ], [ -84.315685178890007, 33.695535425876123 ], [ -84.315621179315897, 33.695421425497884 ], [ -84.315585178432571, 33.695321425225124 ], [ -84.315525179056436, 33.695254424723132 ], [ -84.315403178857707, 33.695190425723119 ], [ -84.315202179016254, 33.695120425057247 ], [ -84.315130179046221, 33.69510442547363 ], [ -84.314873179128284, 33.695035425506703 ], [ -84.314746178906674, 33.694938425600334 ], [ -84.314594178570715, 33.694944424988996 ], [ -84.314498178311226, 33.694965425461973 ], [ -84.314442178234742, 33.694941424921012 ], [ -84.314077178361771, 33.694900425476135 ], [ -84.313987177950068, 33.694903424798198 ], [ -84.313926178749014, 33.694887425174123 ], [ -84.313891178588932, 33.694929425395436 ], [ -84.313800178352324, 33.694946425034267 ], [ -84.313720177986383, 33.694967425506739 ], [ -84.313543178434387, 33.695062425337859 ], [ -84.313525177992716, 33.695086425845069 ], [ -84.313418178760898, 33.695079424950428 ], [ -84.313341178768013, 33.695044425700502 ], [ -84.313218178744364, 33.69500442557937 ], [ -84.313129178157595, 33.694983425115879 ], [ -84.313054177814536, 33.69501242575457 ], [ -84.312986178940776, 33.695048425786325 ], [ -84.31293517798882, 33.695052425871971 ], [ -84.312890178681315, 33.695036425528279 ], [ -84.312818177812971, 33.695002425535456 ], [ -84.312741177820072, 33.694958426052303 ], [ -84.312426177277501, 33.694946425034267 ], [ -84.312151178714501, 33.695096426054413 ], [ -84.311976178812316, 33.695097426075279 ], [ -84.311858177913251, 33.695103425452842 ], [ -84.311667177219221, 33.695090425928946 ], [ -84.311438177788673, 33.695193425782413 ], [ -84.311323178160947, 33.695275425120343 ], [ -84.311202177787109, 33.695346425677918 ], [ -84.310894177815541, 33.695315425115368 ], [ -84.31064117719724, 33.695219425544487 ], [ -84.310294177765925, 33.695053425893356 ], [ -84.310027176903901, 33.694939425623048 ], [ -84.309876177291173, 33.694884425104149 ], [ -84.309759177115311, 33.694848425751026 ], [ -84.309654177533318, 33.694794425945759 ], [ -84.309515177616149, 33.69473542523383 ], [ -84.309388177394538, 33.694661425588464 ], [ -84.309338177165841, 33.694618425209725 ], [ -84.309204177271539, 33.694608425692174 ], [ -84.309152176494663, 33.694635425657559 ], [ -84.309063176806234, 33.694609425718731 ], [ -84.308870177360689, 33.694459425343283 ], [ -84.308374177068131, 33.694312425543458 ], [ -84.307761176599712, 33.694087425225504 ], [ -84.30761517611154, 33.694069425383908 ], [ -84.30751917675039, 33.694072425482339 ], [ -84.307429177237012, 33.694098425583597 ], [ -84.307339175927012, 33.694087425225504 ], [ -84.307073176686544, 33.693938425468048 ], [ -84.306952176312734, 33.693943425639659 ], [ -84.306932176221224, 33.693944425673948 ], [ -84.306693175846632, 33.694033425689355 ], [ -84.306523175967314, 33.694048425439377 ], [ -84.30632117719928, 33.694034425722599 ], [ -84.306062176733192, 33.694043426021246 ], [ -84.305983176192157, 33.694055425670605 ], [ -84.305698175786802, 33.694331426111354 ], [ -84.305607176448532, 33.694362425534116 ], [ -84.305416175754502, 33.694358425416297 ], [ -84.305342176134658, 33.694375425915567 ], [ -84.305300176301856, 33.694440425551107 ], [ -84.305293175730853, 33.69450642591265 ], [ -84.305223176308957, 33.694570426169463 ], [ -84.304962176193044, 33.694624426115567 ], [ -84.304878176527467, 33.694617425930694 ], [ -84.304735176412336, 33.694703425920181 ], [ -84.304658176419437, 33.694805425465923 ], [ -84.304600175794803, 33.694860426035397 ], [ -84.304441175786152, 33.694904425568673 ], [ -84.304107175875316, 33.694967425506739 ], [ -84.303930175424981, 33.695007425645151 ], [ -84.303824176018097, 33.694900426223562 ], [ -84.304216175655256, 33.69449742566249 ], [ -84.304401175603189, 33.694219426440149 ], [ -84.304546176266456, 33.693978426085401 ], [ -84.3046351759549, 33.693814425603328 ], [ -84.304671175939916, 33.693706425406575 ], [ -84.304722175993561, 33.693453425376177 ], [ -84.305013176246689, 33.692389424814536 ], [ -84.305140175569974, 33.69204042525859 ], [ -84.305283175685091, 33.691700425576848 ], [ -84.305444175343581, 33.691365424871584 ], [ -84.305852176670896, 33.690635424913637 ], [ -84.30624517613299, 33.689907424897029 ], [ -84.30638817624812, 33.689745425034012 ], [ -84.306531176363237, 33.689611424999626 ], [ -84.30668717599886, 33.689486424037305 ], [ -84.306855176228339, 33.689373424691183 ], [ -84.306900176434183, 33.689347423907833 ], [ -84.307034176328486, 33.689273424107441 ], [ -84.307180175918347, 33.689205424780177 ], [ -84.30722217575115, 33.68918542448413 ], [ -84.307419176292953, 33.689111423796852 ], [ -84.307622176682543, 33.689051425071511 ], [ -84.307830176196688, 33.689005424600275 ], [ -84.30804317663204, 33.688975424084667 ], [ -84.308448176687989, 33.688948424583366 ], [ -84.309146177545202, 33.688941423936136 ], [ -84.309359177082243, 33.688920424233388 ], [ -84.309463176839301, 33.688897424339494 ], [ -84.309966177702847, 33.688754424373691 ], [ -84.310085177528549, 33.68871142402908 ], [ -84.310760177022928, 33.688279424431308 ], [ -84.310891177442485, 33.688146424455383 ], [ -84.311039177580497, 33.688323424344333 ], [ -84.311225177353336, 33.688464424831139 ], [ -84.311404177453483, 33.688564424113814 ], [ -84.311592177774457, 33.688652424372954 ], [ -84.31178817759303, 33.688726423960503 ], [ -84.311992177807554, 33.688786424407603 ], [ -84.312200177321699, 33.688832424248645 ], [ -84.312306178525205, 33.688849424346181 ], [ -84.312471177483332, 33.688869424720352 ], [ -84.313140178028249, 33.688876423878568 ], [ -84.314698178327788, 33.68883942415728 ], [ -84.321524180626085, 33.688941423936136 ], [ -84.321541180344525, 33.687321423255433 ], [ -84.321575179781377, 33.686772423157123 ], [ -84.321566180458873, 33.685983423062957 ], [ -84.321545180542486, 33.685574423250507 ], [ -84.321482179894971, 33.685404423868917 ], [ -84.321074180364278, 33.68407442343451 ], [ -84.321061179945488, 33.684031422991069 ], [ -84.32094317994472, 33.683786423356977 ], [ -84.321005180767315, 33.683408423192525 ], [ -84.321144179786174, 33.683277422723975 ], [ -84.321022180485741, 33.682803422578949 ], [ -84.321226179801926, 33.682477423091285 ], [ -84.321234180197848, 33.682150422195896 ], [ -84.321014180089819, 33.681881421983086 ], [ -84.321026179785392, 33.68180742248272 ], [ -84.321045180051954, 33.681705422460936 ], [ -84.321156180380044, 33.681733422918654 ], [ -84.321434180214396, 33.681760421696211 ], [ -84.32194917987519, 33.681708422243446 ], [ -84.322573180214277, 33.681562422490451 ], [ -84.323273180721316, 33.681385422882371 ], [ -84.323620180152645, 33.681282422178306 ], [ -84.32418818041522, 33.681222422473375 ], [ -84.324693180928591, 33.681247422542384 ], [ -84.325245181297632, 33.681357422311308 ], [ -84.325815181210046, 33.681487421788809 ], [ -84.326174182133556, 33.681574422387349 ], [ -84.32633118069576, 33.681662421580057 ], [ -84.326525181762833, 33.681659422543426 ], [ -84.326636182090908, 33.681657422188941 ], [ -84.326851182176071, 33.681662421580057 ], [ -84.327066182261234, 33.681680421777578 ], [ -84.327278181973327, 33.68171442255565 ], [ -84.32738518120513, 33.681711422025828 ], [ -84.327491181510354, 33.68169542218844 ], [ -84.327594182340832, 33.681667421718345 ], [ -84.327701181572635, 33.681657422188941 ], [ -84.32780718187783, 33.681673422033413 ], [ -84.327905181787145, 33.681709422420099 ], [ -84.328009181544203, 33.681731422565903 ], [ -84.328116181674332, 33.68174242151543 ], [ -84.32822418162938, 33.681738422305351 ], [ -84.32832918210967, 33.681720421372432 ], [ -84.328423181820995, 33.681676422564557 ], [ -84.328499181988988, 33.681612422423527 ], [ -84.328605182294183, 33.681600422531993 ], [ -84.32870818222635, 33.681624421565921 ], [ -84.328814181633234, 33.68164142159398 ], [ -84.328913182265751, 33.681676422564557 ], [ -84.329003181779129, 33.681725422254878 ], [ -84.329326182717622, 33.681737422129032 ], [ -84.329648182034603, 33.681760421696211 ], [ -84.329747181768809, 33.681726421683805 ], [ -84.3298381829037, 33.681677422741579 ], [ -84.330031182349231, 33.681596422567708 ], [ -84.330121182760934, 33.681548421487378 ], [ -84.330206183149741, 33.681492421937271 ], [ -84.330283183142626, 33.681429421839177 ], [ -84.330353182564522, 33.681361422286649 ], [ -84.330414182663887, 33.681286422157193 ], [ -84.330488182283744, 33.681221421543512 ], [ -84.330570182299496, 33.681162421978968 ], [ -84.330659182886265, 33.681112422531704 ], [ -84.330755183145726, 33.681071422469856 ], [ -84.330856182529772, 33.681039421806332 ], [ -84.330948182591257, 33.680992422095024 ], [ -84.331035182629904, 33.680940421430208 ], [ -84.331117182645684, 33.680881421672808 ], [ -84.331193182813664, 33.6808174216875 ], [ -84.331261183484031, 33.680747421275264 ], [ -84.33132318250999, 33.680673421546345 ], [ -84.331377182936677, 33.68059542174295 ], [ -84.331440182685867, 33.680522422073672 ], [ -84.331581182252862, 33.680386422227606 ], [ -84.331657182420841, 33.680322421873811 ], [ -84.331738182611701, 33.680262421498846 ], [ -84.331888183297821, 33.680133421859054 ], [ -84.332028183039924, 33.679996421948566 ], [ -84.332282182584834, 33.679705421812734 ], [ -84.332712182755131, 33.679186421121656 ], [ -84.332846182649433, 33.679045421861872 ], [ -84.332991183312714, 33.678912421054562 ], [ -84.333150183321365, 33.678790421611296 ], [ -84.33318218310842, 33.678769421671262 ], [ -84.333321183025575, 33.67868042080066 ], [ -84.333556183202219, 33.678549421350681 ], [ -84.333795183576825, 33.678470420901085 ], [ -84.333899183333898, 33.678446420986731 ], [ -84.334005183639107, 33.678428420859618 ], [ -84.334539184464816, 33.678365420758986 ], [ -84.334751184176923, 33.678334420799317 ], [ -84.33507118384405, 33.678294421124185 ], [ -84.335286183929213, 33.678279420867455 ], [ -84.335501184014348, 33.678273421063011 ], [ -84.335716184099525, 33.678281421300525 ], [ -84.335930183461457, 33.678304421792241 ], [ -84.336010183827398, 33.678365420758986 ], [ -84.336059184231189, 33.678444420557511 ], [ -84.336073184474898, 33.678533420924843 ], [ -84.336052184558497, 33.67862142098749 ], [ -84.336098184589247, 33.67870142076243 ], [ -84.336184183904663, 33.678754421497395 ], [ -84.336290184209872, 33.678768421460411 ], [ -84.336391184492214, 33.6787394205734 ], [ -84.336498183724018, 33.678736420687251 ], [ -84.336598184181454, 33.678767421249546 ], [ -84.336690184242968, 33.678813421966851 ], [ -84.336768184060773, 33.67887542078212 ], [ -84.336871183992912, 33.678899421324324 ], [ -84.336976184473215, 33.678879420872931 ], [ -84.337057183765765, 33.678822420869253 ], [ -84.337117184040224, 33.678747421515055 ], [ -84.337191184558378, 33.678682421224408 ], [ -84.337278184597025, 33.678629421192618 ], [ -84.337375184681392, 33.67858942090718 ], [ -84.337478184613545, 33.678564420812762 ], [ -84.337585183845363, 33.678556421349143 ], [ -84.337692184873802, 33.678566421239211 ], [ -84.337795184805955, 33.6785934210113 ], [ -84.337903184761004, 33.678599420793404 ], [ -84.338010184891132, 33.67859442122419 ], [ -84.338116184298016, 33.678580420485282 ], [ -84.338220184953414, 33.678555421135812 ], [ -84.338319184687606, 33.678520421137314 ], [ -84.338632184682041, 33.678451421312069 ], [ -84.338738184987264, 33.678434421400809 ], [ -84.339273184739568, 33.67837942153291 ], [ -84.339381184694588, 33.678384421114572 ], [ -84.339487184999797, 33.678399421352999 ], [ -84.339590185830289, 33.678424420747824 ], [ -84.339689184666156, 33.678460420999905 ], [ -84.339777185428034, 33.678512420922033 ], [ -84.3398741855124, 33.678551421029923 ], [ -84.339982184569124, 33.678580420485282 ], [ -84.340223185491865, 33.678707421284507 ], [ -84.340597185585679, 33.678887421054057 ], [ -84.340683185799406, 33.678940420926864 ], [ -84.340764185091942, 33.679000421476857 ], [ -84.340858185701578, 33.679044421654226 ], [ -84.340959185085609, 33.679075421357915 ], [ -84.341064185565898, 33.679094420809044 ], [ -84.341164186023335, 33.679128421114825 ], [ -84.341350185796173, 33.679219421185394 ], [ -84.341531185546145, 33.679317421096201 ], [ -84.341883185898652, 33.679526420967598 ], [ -84.341977185609977, 33.679570421623332 ], [ -84.342075185519263, 33.679607421596629 ], [ -84.342168185405697, 33.679652420916462 ], [ -84.342256186167546, 33.679704421612762 ], [ -84.342337186358392, 33.679763421430316 ], [ -84.34241118597825, 33.679828420903675 ], [ -84.342478185925401, 33.679900421712077 ], [ -84.342578185484498, 33.67993242130445 ], [ -84.342674185743988, 33.679973421161947 ], [ -84.342858185867001, 33.680067420925447 ], [ -84.342952185578312, 33.680111421304318 ], [ -84.343145185922168, 33.680190420993604 ], [ -84.343445186396139, 33.680292421317795 ], [ -84.344059185791167, 33.680461420899633 ], [ -84.344165186994672, 33.680477420966689 ], [ -84.344273186051396, 33.680483421364805 ], [ -84.34438018707985, 33.680476420775697 ], [ -84.344595187164998, 33.680488421571674 ], [ -84.344702186396788, 33.680501421061649 ], [ -84.344810187250147, 33.680498421237026 ], [ -84.344915186832139, 33.680481420982964 ], [ -84.345023186787159, 33.680475421332247 ], [ -84.345131186742208, 33.680474421141234 ], [ -84.345238186872322, 33.680479421348622 ], [ -84.345345186104126, 33.680489421762516 ], [ -84.345453186957457, 33.68049142064914 ], [ -84.345561186912505, 33.680488421571674 ], [ -84.345775186274452, 33.680470421872108 ], [ -84.346052187182195, 33.680455421247459 ], [ -84.346233186932167, 33.680438420984892 ], [ -84.346312187473188, 33.680431421887199 ], [ -84.346415187405341, 33.680406421580841 ], [ -84.34652118681224, 33.680391421692569 ], [ -84.346629187665584, 33.680386421480065 ], [ -84.346737187620619, 33.680390421500583 ], [ -84.346952187705782, 33.680382421459363 ], [ -84.3471661870677, 33.680360420968292 ], [ -84.347274187921073, 33.680354420561585 ], [ -84.347381187152848, 33.680353421864254 ], [ -84.347596187238011, 33.680365421182358 ], [ -84.347703188266451, 33.680378420690928 ], [ -84.347811187323188, 33.680385421288022 ], [ -84.347918188351613, 33.680385421288022 ], [ -84.348026187408337, 33.680378420690928 ], [ -84.348133187538451, 33.680366421374636 ], [ -84.34824018766858, 33.680360420968292 ], [ -84.348456187578648, 33.680358420583588 ], [ -84.348777187070695, 33.680374420669807 ], [ -84.348993187879074, 33.680374420669807 ], [ -84.349418188026519, 33.68035242167182 ], [ -84.349532188727636, 33.680346421264495 ], [ -84.349583187882942, 33.680363420797768 ], [ -84.34964018778436, 33.680341421049377 ], [ -84.349697187685777, 33.680340420856808 ], [ -84.349674188119565, 33.682962421584733 ] ] ] ] } },
{ "type": "Feature", "properties": { "STATEFP": "13", "COUNTYFP": "121", "TRACTCE": "007001", "GEOID": "13121007001", "GEOIDFQ": "1400000US13121007001", "NAME": "70.01", "NAMELSAD": "Census Tract 70.01", "MTFCC": "G5020", "FUNCSTAT": "S", "ALAND": 4513673.0, "AWATER": 1209.0, "INTPTLAT": "+33.6915165", "INTPTLON": "-084.3868055", "OBJECTID": 978, "CensusTract": "13121007001", "State": "Georgia", "County": "Fulton County", "Urban": 1, "Pop2010": 3943, "OHU2010": 1352, "GroupQuartersFlag": 0, "NUMGQTRS": 19, "PCTGQTRS": 0.481866599, "LILATracts_1And10": 1, "LILATracts_halfAnd10": 1, "LILATracts_1And20": 1, "LILATracts_Vehicle": 1, "Shape_Length": 10970.237188505669, "Shape_Area": 6538614.1817733422 }, "geometry": { "type": "MultiPolygon", "coordinates": [ [ [ [ -84.404745205389872, 33.696622421938606 ], [ -84.40470820468164, 33.696863422351633 ], [ -84.404681204917466, 33.697000422285058 ], [ -84.404656204803103, 33.697126422030934 ], [ -84.404337204062557, 33.697221423212014 ], [ -84.403967204166705, 33.697346422639121 ], [ -84.403714204446729, 33.697412423010718 ], [ -84.402757204021725, 33.697692422347274 ], [ -84.402395204521767, 33.697793422839595 ], [ -84.402012204207139, 33.697881423364159 ], [ -84.40165020380887, 33.697951422528085 ], [ -84.401369204499801, 33.697996422707845 ], [ -84.401318203547859, 33.69800442260447 ], [ -84.401052204307405, 33.69803542294423 ], [ -84.400526203877618, 33.698084423024497 ], [ -84.399540203140305, 33.698135423047837 ], [ -84.399009203585976, 33.698151422814455 ], [ -84.397112202454394, 33.698159422696641 ], [ -84.396635202428413, 33.698170423280821 ], [ -84.396111202546791, 33.69822342322211 ], [ -84.395861202301532, 33.69825342349872 ], [ -84.395658202810253, 33.698277423114568 ], [ -84.395058201862312, 33.698334423670083 ], [ -84.393818201580103, 33.698461422936163 ], [ -84.393302201196065, 33.698515423426407 ], [ -84.392983202252154, 33.698753423079012 ], [ -84.392800201055735, 33.698914423920868 ], [ -84.39265720094059, 33.699017422927163 ], [ -84.392403201395695, 33.699214423055388 ], [ -84.392221201820817, 33.699349423034164 ], [ -84.391464201412361, 33.69975342397305 ], [ -84.39119320035239, 33.699875423557543 ], [ -84.390987201386395, 33.699940423516601 ], [ -84.390512201010239, 33.700078423737978 ], [ -84.388794199978804, 33.700579423864561 ], [ -84.387924200490758, 33.700832423838563 ], [ -84.387235199854359, 33.701008423803486 ], [ -84.387116200028672, 33.701039424553976 ], [ -84.386731200064219, 33.701158424703365 ], [ -84.386647200398627, 33.701209424396666 ], [ -84.386245199817395, 33.701454424435404 ], [ -84.385519199371089, 33.701875424206051 ], [ -84.385379199629, 33.701856424559075 ], [ -84.385238200061991, 33.701857424501263 ], [ -84.385098199421606, 33.701875424206051 ], [ -84.384964199527303, 33.701911424351671 ], [ -84.384798198947635, 33.701985424478977 ], [ -84.384520200011607, 33.7021684246413 ], [ -84.384305199926459, 33.702289424595747 ], [ -84.384134198425585, 33.702367424889879 ], [ -84.384003198904352, 33.702398424402666 ], [ -84.383848199093663, 33.702400424274416 ], [ -84.383584199502991, 33.702361424524838 ], [ -84.383243199021152, 33.702311424705066 ], [ -84.382580198324021, 33.702246424297947 ], [ -84.382075198708961, 33.702194424534675 ], [ -84.381458198940905, 33.70210342412598 ], [ -84.381474198834425, 33.701685424557908 ], [ -84.381545198081213, 33.701191424552334 ], [ -84.381566197997614, 33.699216423748638 ], [ -84.381555199025271, 33.699089424103846 ], [ -84.381496198575732, 33.698800424288983 ], [ -84.381489198004715, 33.698005423338877 ], [ -84.380342197608911, 33.698005423338877 ], [ -84.380361197875487, 33.696965423817595 ], [ -84.379047197075124, 33.696956423077609 ], [ -84.378122197335486, 33.696948423830811 ], [ -84.376150196759156, 33.696930423841131 ], [ -84.373860196165538, 33.69691042384818 ], [ -84.373818195434424, 33.696778423030509 ], [ -84.37380219554089, 33.696646423504838 ], [ -84.373819195259316, 33.695563424070862 ], [ -84.37383319640135, 33.694662423372208 ], [ -84.37384919629487, 33.693700422941781 ], [ -84.373884195556656, 33.691515422426008 ], [ -84.373901195275096, 33.690462421863536 ], [ -84.37392819593758, 33.688834422193814 ], [ -84.374193195353143, 33.688826422190878 ], [ -84.374263195673336, 33.688817422093315 ], [ -84.375933196125871, 33.688829421724932 ], [ -84.37614819621102, 33.688808421994807 ], [ -84.376341196554861, 33.688762421393456 ], [ -84.376485196494926, 33.688710421691489 ], [ -84.37662019621412, 33.688643421267308 ], [ -84.376925196710971, 33.688436422081125 ], [ -84.377147196468812, 33.688266421632719 ], [ -84.37720319654531, 33.688223421791427 ], [ -84.377771196807885, 33.687741421906736 ], [ -84.378174196315697, 33.687385421388583 ], [ -84.378301197435619, 33.687234421745913 ], [ -84.378404196469475, 33.687072421329468 ], [ -84.378805197225773, 33.686291421238735 ], [ -84.37961719698751, 33.684705420288587 ], [ -84.379676196538753, 33.684611420363744 ], [ -84.379796197087657, 33.684478420692152 ], [ -84.379944197225669, 33.68436642088772 ], [ -84.380104197059225, 33.684283420711623 ], [ -84.380321196794199, 33.684209421036392 ], [ -84.382078198183692, 33.683638420097161 ], [ -84.382392198003032, 33.683479420099175 ], [ -84.384040197815949, 33.682134420197677 ], [ -84.384179197733133, 33.682003420030263 ], [ -84.384237198357752, 33.681895419941867 ], [ -84.384304198304903, 33.681636419959169 ], [ -84.384330198244186, 33.6813524199124 ], [ -84.38432819769605, 33.68104541992269 ], [ -84.387637199537281, 33.681080419640899 ], [ -84.388771199514281, 33.681094419972652 ], [ -84.390287199981017, 33.68110041958024 ], [ -84.393067200121124, 33.681112420289104 ], [ -84.393712200376569, 33.681115419344813 ], [ -84.396333201406321, 33.681121419698407 ], [ -84.397870201789473, 33.681124419501288 ], [ -84.398379202500792, 33.681125419684733 ], [ -84.398409201739724, 33.681120419514919 ], [ -84.398428202006301, 33.681161419553405 ], [ -84.398429201831192, 33.681182419656679 ], [ -84.39856620209855, 33.682039419531279 ], [ -84.398623201999953, 33.682369419860805 ], [ -84.398639202791784, 33.683813419994806 ], [ -84.398664202007836, 33.68446542030852 ], [ -84.398638202966893, 33.685085420257053 ], [ -84.398699203066272, 33.685872420862758 ], [ -84.398708202388761, 33.685981420566634 ], [ -84.398783202731849, 33.686448420277358 ], [ -84.3989902033194, 33.687197421317826 ], [ -84.399134202361111, 33.687616420467144 ], [ -84.399338203473931, 33.687993420710448 ], [ -84.399601202341358, 33.688371420894164 ], [ -84.400115203075572, 33.68905942131623 ], [ -84.401770203459478, 33.69119842069891 ], [ -84.402202204177925, 33.691757421526304 ], [ -84.40355620516128, 33.693437422492522 ], [ -84.404279204336234, 33.694557422080493 ], [ -84.404489205296841, 33.695008421930055 ], [ -84.404633204338552, 33.695332421688256 ], [ -84.404618205168262, 33.695402422181424 ], [ -84.404732204971083, 33.695814422348185 ], [ -84.404764205656448, 33.696231422072742 ], [ -84.404745205389872, 33.696622421938606 ] ] ] ] } },
{ "type": "Feature", "properties": { "STATEFP": "13", "COUNTYFP": "121", "TRACTCE": "007805", "GEOID": "13121007805", "GEOIDFQ": "1400000US13121007805", "NAME": "78.05", "NAMELSAD": "Census Tract 78.05", "MTFCC": "G5020", "FUNCSTAT": "S", "ALAND": 15066111.0, "AWATER": 219715.0, "INTPTLAT": "+33.7538409", "INTPTLON": "-084.5381827", "OBJECTID": 993, "CensusTract": "13121007805", "State": "Georgia", "County": "Fulton County", "Urban": 1, "Pop2010": 3449, "OHU2010": 1408, "GroupQuartersFlag": 0, "NUMGQTRS": 152, "PCTGQTRS": 4.407074514, "LILATracts_1And10": 1, "LILATracts_halfAnd10": 1, "LILATracts_1And20": 1, "LILATracts_Vehicle": 1, "Shape_Length": 27326.808951302432, "Shape_Area": 22169014.473626792 }, "geometry": { "type": "MultiPolygon", "coordinates": [ [ [ [ -84.573487256455167, 33.745546426813391 ], [ -84.573430256553749, 33.745585427114051 ], [ -84.57341725613496, 33.74560142700242 ], [ -84.573338255593924, 33.745627426441224 ], [ -84.573286255715402, 33.745654426798183 ], [ -84.573225255616023, 33.745698427195613 ], [ -84.573210256445719, 33.745707426561147 ], [ -84.573198256750175, 33.745714427062964 ], [ -84.573141256848757, 33.745744426432637 ], [ -84.573085255873934, 33.745781427035084 ], [ -84.5730252564978, 33.745829426581651 ], [ -84.573002256033263, 33.745851426738305 ], [ -84.572932255713056, 33.745898427563375 ], [ -84.572902256474165, 33.745912427041311 ], [ -84.57286525666423, 33.745934427176671 ], [ -84.572815255537193, 33.745972427125537 ], [ -84.572785256298275, 33.745998426451862 ], [ -84.572766256031699, 33.746022426914728 ], [ -84.572745256115311, 33.746026426866756 ], [ -84.572673256145293, 33.746083427096117 ], [ -84.572634256685532, 33.746126427099945 ], [ -84.57261625624389, 33.74613742676739 ], [ -84.572575256235993, 33.746167426736072 ], [ -84.572507255565625, 33.74620942727217 ], [ -84.572456256410305, 33.746247427099192 ], [ -84.572426255374751, 33.74627342634215 ], [ -84.572389255564843, 33.746311426887829 ], [ -84.572366255998617, 33.746334427091973 ], [ -84.572339256234443, 33.746366427333228 ], [ -84.572203255792019, 33.746498427362027 ], [ -84.572183255700509, 33.746515427249101 ], [ -84.572168255631894, 33.746525426697751 ], [ -84.572073255197367, 33.746570426816753 ], [ -84.572038255935553, 33.746606426894935 ], [ -84.571982255859069, 33.746636427446468 ], [ -84.571925255957652, 33.746691426936529 ], [ -84.571893256170611, 33.746736427715327 ], [ -84.571840255568858, 33.746784426727352 ], [ -84.571806256131978, 33.746819426550289 ], [ -84.571781255119305, 33.74685042719242 ], [ -84.571754256253442, 33.746872427087148 ], [ -84.571723255392968, 33.746888427482439 ], [ -84.57166925586462, 33.746933426663951 ], [ -84.571635255529429, 33.746968427172973 ], [ -84.571582255826002, 33.74702742710236 ], [ -84.571553255513678, 33.747044427631543 ], [ -84.571489255041257, 33.747092426471177 ], [ -84.571444255733738, 33.747120427275789 ], [ -84.571374255413531, 33.747183427745576 ], [ -84.571334255230553, 33.747227426611644 ], [ -84.571283256075233, 33.747290427002831 ], [ -84.571248255915151, 33.74732842709782 ], [ -84.571202255884387, 33.747366427176026 ], [ -84.571143255434848, 33.747408427124867 ], [ -84.571104255975101, 33.747440426965433 ], [ -84.571047255175372, 33.747500426727633 ], [ -84.571004255517664, 33.747526427084594 ], [ -84.570917255479046, 33.747609427395787 ], [ -84.570888255166707, 33.747655427101662 ], [ -84.570865255600495, 33.747684427130892 ], [ -84.570849255706975, 33.747699427219416 ], [ -84.570757255645461, 33.747775427030149 ], [ -84.570736255729074, 33.747798426841655 ], [ -84.570617255903386, 33.747900427555173 ], [ -84.570560255103658, 33.747962427299804 ], [ -84.570486255483814, 33.748012427422637 ], [ -84.570437255080009, 33.748055427206218 ], [ -84.570423255734624, 33.748073427682456 ], [ -84.570355255064243, 33.748131427448399 ], [ -84.570325255825338, 33.748171427470183 ], [ -84.570274255771707, 33.748224427171479 ], [ -84.57023425558873, 33.748259427153606 ], [ -84.570165255093443, 33.748308427702106 ], [ -84.570133255306388, 33.748333427666331 ], [ -84.570095255671561, 33.748377426689316 ], [ -84.570026255176259, 33.748409427662146 ], [ -84.569958255404217, 33.748478427314978 ], [ -84.569938255312721, 33.748488428028637 ], [ -84.569887255259104, 33.748527427738345 ], [ -84.56984125522834, 33.748567427575409 ], [ -84.569783255502031, 33.748628428187331 ], [ -84.569725255775722, 33.74867342720276 ], [ -84.569702255311171, 33.748711427431857 ], [ -84.569627255866422, 33.748758427436442 ], [ -84.569567255591963, 33.748801427592845 ], [ -84.569550255873523, 33.748821428196784 ], [ -84.569488255050942, 33.748851427226548 ], [ -84.569462255111659, 33.748891427659373 ], [ -84.569408255583298, 33.748929427791936 ], [ -84.56935325533172, 33.748957427996736 ], [ -84.569301254554873, 33.749012427492083 ], [ -84.569278255886957, 33.749040426922846 ], [ -84.569244254653455, 33.749073427787451 ], [ -84.569218255612498, 33.749094427719896 ], [ -84.569160254987878, 33.749149427874315 ], [ -84.56913325522369, 33.749169427650138 ], [ -84.569092255215807, 33.749206427521827 ], [ -84.569062255078592, 33.749234426889238 ], [ -84.569009254476825, 33.749269427953024 ], [ -84.568956254773369, 33.749313427242647 ], [ -84.568918255138527, 33.749347428138186 ], [ -84.568857255039148, 33.749390427252301 ], [ -84.568799254414529, 33.749437427631669 ], [ -84.568727255342822, 33.749490427297459 ], [ -84.568670255441432, 33.749532427699961 ], [ -84.568621255037613, 33.749574428081843 ], [ -84.568579255204824, 33.749618427961906 ], [ -84.568550254892514, 33.749651427857131 ], [ -84.568504254861764, 33.7496834276076 ], [ -84.568408254602275, 33.749756428254145 ], [ -84.568357255446969, 33.74981842815076 ], [ -84.568285255476951, 33.749867427808432 ], [ -84.568197254715088, 33.74994542819659 ], [ -84.568151254684338, 33.749985428119153 ], [ -84.568116254524242, 33.750018427873144 ], [ -84.568051255125226, 33.750098427631457 ], [ -84.567979254256898, 33.750151427635686 ], [ -84.567930254751388, 33.75020542847998 ], [ -84.567870255375254, 33.750235427772502 ], [ -84.567803254529792, 33.750305428321624 ], [ -84.56777925513866, 33.750342428450075 ], [ -84.567700255495936, 33.750399428051502 ], [ -84.567657254939903, 33.75045442811583 ], [ -84.567624254429646, 33.750506427777552 ], [ -84.567614254383912, 33.75052242749473 ], [ -84.567578255297207, 33.750577428227039 ], [ -84.567534254916268, 33.75060242752977 ], [ -84.567503254954133, 33.750641427771882 ], [ -84.567455254375247, 33.750685427851373 ], [ -84.567423254588192, 33.750718427335975 ], [ -84.567361254663894, 33.75078142815012 ], [ -84.56730525458741, 33.750838428206592 ], [ -84.567228254594525, 33.750942428526564 ], [ -84.567132255233375, 33.751032427839789 ], [ -84.567035255148994, 33.751141428499906 ], [ -84.566964254105571, 33.751212428423656 ], [ -84.56684925447783, 33.751314428063928 ], [ -84.566758254241236, 33.751412428629209 ], [ -84.566606254803588, 33.751540427918393 ], [ -84.566545254704224, 33.751587428613085 ], [ -84.566522254239686, 33.751617428168977 ], [ -84.566431254901417, 33.751675427778622 ], [ -84.56635925403306, 33.751764428455431 ], [ -84.566294254634059, 33.751821428605375 ], [ -84.566217254641174, 33.751874428291487 ], [ -84.566146254496061, 33.751935428044725 ], [ -84.566088253871413, 33.752001429026706 ], [ -84.566028254495279, 33.752038428423319 ], [ -84.565971253695551, 33.75208542809812 ], [ -84.565910253596186, 33.752150428114483 ], [ -84.565861254090692, 33.752200428036048 ], [ -84.565786254645943, 33.752246428266844 ], [ -84.565630254112008, 33.752340428109562 ], [ -84.565570254735874, 33.752417428388625 ], [ -84.565553254119123, 33.752464428602593 ], [ -84.565481254149091, 33.752512428142964 ], [ -84.565370253821015, 33.752616428673214 ], [ -84.56514825406316, 33.75278142897551 ], [ -84.565027254587662, 33.75288342824313 ], [ -84.56500525394803, 33.752930428948552 ], [ -84.564861254007994, 33.753066428953545 ], [ -84.56478725438815, 33.753091429024344 ], [ -84.564694254501731, 33.75316642844615 ], [ -84.56467325458533, 33.753200428560731 ], [ -84.564465253274562, 33.75337842889671 ], [ -84.564433253487508, 33.753430428278975 ], [ -84.56432525443077, 33.753528428666357 ], [ -84.564178254117678, 33.753625428855678 ], [ -84.563964253857435, 33.753816429400494 ], [ -84.563738253901633, 33.7540194290047 ], [ -84.563561254349636, 33.754129428188428 ], [ -84.563351254287355, 33.754342429323138 ], [ -84.563251253829918, 33.754405428968276 ], [ -84.563109253539693, 33.754556429257022 ], [ -84.562961254300006, 33.754691429596662 ], [ -84.562858253469543, 33.754799429267166 ], [ -84.562808253240803, 33.754863429395037 ], [ -84.562753252989239, 33.754914428552432 ], [ -84.562698253635972, 33.754975429130297 ], [ -84.562603253201402, 33.75504542954409 ], [ -84.562477252804698, 33.75516342870386 ], [ -84.562329253565025, 33.755302429100752 ], [ -84.561997253304, 33.755539428854753 ], [ -84.561823253226734, 33.75573942942323 ], [ -84.56149225368894, 33.756019429733932 ], [ -84.561246253641642, 33.756208429314682 ], [ -84.560981253327768, 33.756439429232216 ], [ -84.560746253151123, 33.756616429514054 ], [ -84.560616253454782, 33.756678429678317 ], [ -84.560448252326978, 33.756822429356653 ], [ -84.560404252844364, 33.75686642925163 ], [ -84.560148252751318, 33.757036429074965 ], [ -84.559995253488765, 33.757172429288417 ], [ -84.559770252459543, 33.757305429903511 ], [ -84.559673252375177, 33.757394429964016 ], [ -84.559454252092067, 33.757541430054687 ], [ -84.559409252784519, 33.757565429527318 ], [ -84.559236253430498, 33.75771343010998 ], [ -84.558992252134701, 33.757886429856569 ], [ -84.558922252712804, 33.757941429599228 ], [ -84.55888025288003, 33.757982430307813 ], [ -84.558851252567706, 33.758002430263836 ], [ -84.558737252764885, 33.758078429904742 ], [ -84.558619252764103, 33.758166429876511 ], [ -84.558573252733353, 33.758213429926244 ], [ -84.558486252694721, 33.758257429854126 ], [ -84.558392252983396, 33.758332429984634 ], [ -84.558291252701039, 33.758422429755896 ], [ -84.558202253012595, 33.758498429771301 ], [ -84.558114252250732, 33.758548430471869 ], [ -84.558051252501542, 33.758613430816226 ], [ -84.557845252637222, 33.758804430704117 ], [ -84.557580252323348, 33.758983430631154 ], [ -84.557516252749252, 33.759087430033233 ], [ -84.557335252100955, 33.759191430055992 ], [ -84.557231251445572, 33.759295430699375 ], [ -84.557139252282383, 33.759377430054919 ], [ -84.557029252677523, 33.759472429565406 ], [ -84.556921251824178, 33.75954343080528 ], [ -84.556871252493778, 33.759604430329887 ], [ -84.556787251929876, 33.75967943077557 ], [ -84.556700252789554, 33.759731430070161 ], [ -84.556560252149154, 33.759799430306529 ], [ -84.556536251859711, 33.759860430395804 ], [ -84.556438251950411, 33.759935430617446 ], [ -84.55642225205689, 33.759966430251787 ], [ -84.556347252612142, 33.760002429933486 ], [ -84.556318251401493, 33.759998430633466 ], [ -84.556195252276169, 33.760039430358198 ], [ -84.556064251856611, 33.760126430547047 ], [ -84.556032252069542, 33.760190430432147 ], [ -84.555993251711485, 33.760270431154872 ], [ -84.555974252343233, 33.760309430733322 ], [ -84.555920251916547, 33.760355430347317 ], [ -84.55588725140629, 33.760392429872802 ], [ -84.555810251413405, 33.760428430122438 ], [ -84.55572925122253, 33.760487430498856 ], [ -84.555655251602687, 33.760549430103858 ], [ -84.555561251891362, 33.76060343037372 ], [ -84.555494251045886, 33.760670430661257 ], [ -84.555425251448909, 33.76071643082836 ], [ -84.555357252575178, 33.760765430232347 ], [ -84.555289251904796, 33.760810431093049 ], [ -84.55520825171395, 33.760884430482079 ], [ -84.555155252010493, 33.76094743054739 ], [ -84.554995251278598, 33.761036430560722 ], [ -84.554835251445041, 33.761125431228486 ], [ -84.554766251848065, 33.761171430404566 ], [ -84.554711251596473, 33.761231430266932 ], [ -84.554628251755801, 33.761284430857231 ], [ -84.554570252029492, 33.761304431536495 ], [ -84.554451251305466, 33.761402431137874 ], [ -84.554319251959313, 33.761490430684461 ], [ -84.554247251090985, 33.76153843114588 ], [ -84.554149251181684, 33.761593430785815 ], [ -84.554116251569724, 33.761627430545545 ], [ -84.554051251272398, 33.76165643107678 ], [ -84.553988251523208, 33.761706430682075 ], [ -84.553836252085574, 33.761787430727566 ], [ -84.55374325130083, 33.761840430974047 ], [ -84.553607250858391, 33.76189643040982 ], [ -84.553492251230651, 33.761957431247176 ], [ -84.553390251123403, 33.762022431246891 ], [ -84.553259250703832, 33.762115430839131 ], [ -84.5531432512512, 33.762183430677808 ], [ -84.553041251143952, 33.762242430593005 ], [ -84.552883250960207, 33.762304431168985 ], [ -84.552679251644008, 33.762415431654482 ], [ -84.552422250827746, 33.762577431075613 ], [ -84.552252250948428, 33.762654431121881 ], [ -84.552230251207135, 33.762690430421443 ], [ -84.552126250551737, 33.76275843129757 ], [ -84.551961251593625, 33.762853430794884 ], [ -84.551856251113321, 33.762923431496965 ], [ -84.55177425019923, 33.762967431247546 ], [ -84.551685251409097, 33.763036431133393 ], [ -84.551567250510004, 33.763104430988243 ], [ -84.551461250204795, 33.763171431561162 ], [ -84.551360249922439, 33.763227431620884 ], [ -84.551249250492688, 33.763313431588067 ], [ -84.551153250233213, 33.76335143204971 ], [ -84.55104925047614, 33.763427431428859 ], [ -84.550879250596836, 33.763517431078128 ], [ -84.550792250558189, 33.763575431598653 ], [ -84.550694250648903, 33.763685431216103 ], [ -84.550614251181273, 33.76373743181442 ], [ -84.550428250510123, 33.763853431771579 ], [ -84.550236249991187, 33.763973431433328 ], [ -84.550185250835881, 33.764013431532184 ], [ -84.550099250622168, 33.764041431291503 ], [ -84.550053249693079, 33.764089431817879 ], [ -84.549855251123006, 33.764226432005444 ], [ -84.549759250863531, 33.764306431948249 ], [ -84.549597250481824, 33.764410431612944 ], [ -84.549465250237347, 33.764512431233349 ], [ -84.549381250571756, 33.764610431647462 ], [ -84.549349250784701, 33.764645431661528 ], [ -84.549239250281531, 33.764691431935638 ], [ -84.54915924991559, 33.76474143126395 ], [ -84.54910925058519, 33.764796431088861 ], [ -84.548892249951905, 33.764923432097625 ], [ -84.548847249746046, 33.764977431852138 ], [ -84.548629250186167, 33.765102431941486 ], [ -84.548432250542675, 33.765244432502932 ], [ -84.548257250640475, 33.765358432015546 ], [ -84.548114249627048, 33.765439432343555 ], [ -84.54793124932894, 33.765549431808957 ], [ -84.547815249876308, 33.76559043186549 ], [ -84.54771324976906, 33.765693431520326 ], [ -84.547629250103455, 33.765691432376485 ], [ -84.54753824896855, 33.765796431798115 ], [ -84.547455250026204, 33.765839432370505 ], [ -84.547358249941809, 33.76590543235605 ], [ -84.547234250093254, 33.765977431942886 ], [ -84.547150249529352, 33.766024432190285 ], [ -84.547053249444971, 33.766084431642412 ], [ -84.54695724918551, 33.766147431619288 ], [ -84.546860249101115, 33.766215431992883 ], [ -84.546787249306192, 33.766290431881082 ], [ -84.546756250242368, 33.766319431581287 ], [ -84.54665224958697, 33.766377431699034 ], [ -84.546551249304628, 33.766437431650807 ], [ -84.546528249738401, 33.766463432239185 ], [ -84.546336249219479, 33.76658343198023 ], [ -84.54630724980548, 33.766658432293156 ], [ -84.546097248844887, 33.766697431951947 ], [ -84.545873249437207, 33.766853431903392 ], [ -84.545737249893079, 33.766981432034392 ], [ -84.545560249442772, 33.767042432239577 ], [ -84.545275249037402, 33.767227432449417 ], [ -84.544954249545356, 33.767371432328261 ], [ -84.544801249384491, 33.767467432610928 ], [ -84.544130248291424, 33.767686432246393 ], [ -84.543528248591983, 33.767971432703675 ], [ -84.543114248315206, 33.768084432405118 ], [ -84.542604247778954, 33.768294432723259 ], [ -84.54238524839414, 33.768368432371368 ], [ -84.54222524856057, 33.768443432615527 ], [ -84.542117247707225, 33.768512432573104 ], [ -84.541898248322426, 33.768603432767655 ], [ -84.541501247764074, 33.768898432988415 ], [ -84.54058924844324, 33.769310432882968 ], [ -84.539839247707462, 33.769671433728739 ], [ -84.539764247364403, 33.769751433069054 ], [ -84.539647248086851, 33.769809433104164 ], [ -84.539487247354955, 33.769891432854998 ], [ -84.539435247476433, 33.769917433142133 ], [ -84.539402247864473, 33.769937433300115 ], [ -84.538847247122376, 33.770285432913028 ], [ -84.538215248184002, 33.770868433511204 ], [ -84.53796124774081, 33.771162433519869 ], [ -84.537458246877236, 33.771908433703132 ], [ -84.537024247407274, 33.772675433494499 ], [ -84.536448246748805, 33.774009434100407 ], [ -84.536416246961736, 33.774107434107279 ], [ -84.536293246938087, 33.774491434273237 ], [ -84.536199247226762, 33.774765434023934 ], [ -84.536202247599817, 33.774888434346423 ], [ -84.535956246654195, 33.775471434237772 ], [ -84.535791246797771, 33.775762434648499 ], [ -84.535429246399502, 33.776644435027691 ], [ -84.535227246733129, 33.777079435177654 ], [ -84.535119246778109, 33.777208434776831 ], [ -84.535009247173249, 33.777455434758082 ], [ -84.534888246799426, 33.777637434720816 ], [ -84.5346812471102, 33.777928435240433 ], [ -84.534547247215897, 33.778223435461157 ], [ -84.534320246536865, 33.778718435371275 ], [ -84.534268246658328, 33.778844435366793 ], [ -84.534109246649663, 33.778981435110126 ], [ -84.533997246496682, 33.77906743569271 ], [ -84.533754245924101, 33.779228435205525 ], [ -84.533163246993624, 33.778910435788255 ], [ -84.53116824595277, 33.777750435114434 ], [ -84.528831245503483, 33.776434435014387 ], [ -84.528377245043714, 33.776157435158879 ], [ -84.528228245080797, 33.776045435475133 ], [ -84.527840244743274, 33.775795434186186 ], [ -84.527622245183395, 33.775656434916144 ], [ -84.527384244633694, 33.775526434642629 ], [ -84.526723244484714, 33.775085435059673 ], [ -84.526122244610178, 33.774644435446625 ], [ -84.525553243624373, 33.774265434446221 ], [ -84.52466124439502, 33.773603434264309 ], [ -84.52300924258752, 33.772340434402906 ], [ -84.520768242397693, 33.770612433469331 ], [ -84.520527242373262, 33.770425434066745 ], [ -84.520251242188749, 33.770242433824926 ], [ -84.520066242240816, 33.770146433664181 ], [ -84.519855242353628, 33.770055434361531 ], [ -84.519698241994803, 33.76999243352396 ], [ -84.519209241374938, 33.770262433907106 ], [ -84.518765241859242, 33.770528434630741 ], [ -84.518157241413689, 33.77096043407446 ], [ -84.517203241361742, 33.771575434352847 ], [ -84.516159240898105, 33.772279434982401 ], [ -84.515922241071635, 33.772447434371031 ], [ -84.515513240817725, 33.772752434921649 ], [ -84.515377241273612, 33.772853434458284 ], [ -84.515048240487317, 33.773126434362098 ], [ -84.514926241186885, 33.773017434775582 ], [ -84.51461424101737, 33.772598434238297 ], [ -84.51453524047632, 33.772475435108326 ], [ -84.514477240750011, 33.772344433873734 ], [ -84.514334240634881, 33.771883434639996 ], [ -84.513970240586801, 33.770146434410947 ], [ -84.513880240175112, 33.769856434236807 ], [ -84.513779240791109, 33.769591434313746 ], [ -84.51365524004423, 33.769311434279601 ], [ -84.513444240157014, 33.768896433919352 ], [ -84.51341924004268, 33.768855433951003 ], [ -84.513220239851037, 33.768525433673595 ], [ -84.512953239887352, 33.768177433633596 ], [ -84.51248823955693, 33.767568433150004 ], [ -84.512270239997051, 33.767283433592695 ], [ -84.512225239791206, 33.767233434253896 ], [ -84.511988239066426, 33.766970433547527 ], [ -84.511701239011245, 33.766650432820455 ], [ -84.511387239191876, 33.766245433150921 ], [ -84.511078239395417, 33.765844433581861 ], [ -84.510845238868598, 33.765533433402624 ], [ -84.510711238974295, 33.765354433712183 ], [ -84.50990623888525, 33.764300432926014 ], [ -84.509517238722822, 33.763790433095515 ], [ -84.508644238861734, 33.762642432845603 ], [ -84.508319238273415, 33.762256432630146 ], [ -84.507976238141723, 33.761891431955341 ], [ -84.508048238111755, 33.76183843248716 ], [ -84.508131237952426, 33.761797432129335 ], [ -84.508214238691409, 33.761773433094739 ], [ -84.508318238448481, 33.761762432445828 ], [ -84.514078239643524, 33.761852432349862 ], [ -84.514257239743671, 33.761881432058189 ], [ -84.514541239425796, 33.761996432298481 ], [ -84.514729240645082, 33.762029431910349 ], [ -84.515574240018779, 33.762042432500792 ], [ -84.517090241383826, 33.76206543296604 ], [ -84.517297241073081, 33.76204543246439 ], [ -84.517516241356191, 33.761989431632379 ], [ -84.517675241364856, 33.761923432365123 ], [ -84.517819240406581, 33.761838431740387 ], [ -84.518534240982234, 33.761296432310886 ], [ -84.519294241763745, 33.760716432321992 ], [ -84.518779241204626, 33.760207432085657 ], [ -84.518400241087932, 33.759823431387488 ], [ -84.518324240919952, 33.759714432056434 ], [ -84.518266240295318, 33.759589431577204 ], [ -84.518227240835586, 33.759388431756733 ], [ -84.518236241056414, 33.758821431885671 ], [ -84.519168241367055, 33.75883843157019 ], [ -84.519391241848126, 33.758876431775334 ], [ -84.519601241012097, 33.758949431316303 ], [ -84.519740241827577, 33.758752430847174 ], [ -84.519810241249473, 33.75856643173266 ], [ -84.519826241142979, 33.758444431162715 ], [ -84.519820241295207, 33.757909431437035 ], [ -84.51981524127234, 33.757305431397256 ], [ -84.519829240617739, 33.757169431394814 ], [ -84.519862242026321, 33.757052431307926 ], [ -84.519915241729763, 33.756939430504332 ], [ -84.519986240976564, 33.756833431386383 ], [ -84.520062241144544, 33.756748430942167 ], [ -84.520248241815693, 33.75660543119082 ], [ -84.520777241720211, 33.75632443124573 ], [ -84.521029241615281, 33.756126430662114 ], [ -84.521164241334503, 33.755981431249793 ], [ -84.521291241556099, 33.755799430847119 ], [ -84.521376241944921, 33.75562943155834 ], [ -84.5214372420443, 33.755451431414443 ], [ -84.521470241656246, 33.755270430700421 ], [ -84.521477242227263, 33.75508643014404 ], [ -84.521403241709095, 33.754562430455024 ], [ -84.521781242000884, 33.754511430341338 ], [ -84.522754241421097, 33.75437743054249 ], [ -84.523132242611183, 33.754308430408265 ], [ -84.523328242429756, 33.754257430143497 ], [ -84.523504242156847, 33.754196430548511 ], [ -84.523952242768829, 33.754010430511521 ], [ -84.524969242569966, 33.753545430147398 ], [ -84.528297243779463, 33.752027429512779 ], [ -84.528206243542868, 33.751846429786106 ], [ -84.528142243070448, 33.751653429116033 ], [ -84.528115243306274, 33.751502429689815 ], [ -84.528090244090237, 33.751202430268393 ], [ -84.528103243610701, 33.750958429656258 ], [ -84.528132243923025, 33.750817429448176 ], [ -84.528183243078317, 33.750664429055433 ], [ -84.528206243542868, 33.750452429363499 ], [ -84.528213243215561, 33.750168429786292 ], [ -84.528191243474254, 33.749885429398127 ], [ -84.528081242971069, 33.749573429442371 ], [ -84.527964242795221, 33.749295428520568 ], [ -84.527896243921475, 33.74905142920425 ], [ -84.527916243114646, 33.748674428840502 ], [ -84.528016242673758, 33.748136428945983 ], [ -84.52805224355707, 33.747796428774365 ], [ -84.528071243823646, 33.747148428071256 ], [ -84.528009243001051, 33.746243428651447 ], [ -84.525356242184273, 33.746229429227533 ], [ -84.524317241743503, 33.7462954286258 ], [ -84.524184241674092, 33.746321428601121 ], [ -84.523966242114213, 33.746408428518833 ], [ -84.523784242539335, 33.746541429398611 ], [ -84.522489241107223, 33.742953428745622 ], [ -84.522501240802768, 33.742701427605319 ], [ -84.522501240802768, 33.742488427433557 ], [ -84.522436241403767, 33.742386428500211 ], [ -84.522381241152203, 33.742294427893519 ], [ -84.522381241152203, 33.742173428293228 ], [ -84.522399241593845, 33.742034428276227 ], [ -84.52251024102361, 33.741969428062006 ], [ -84.522640241618276, 33.741951427798625 ], [ -84.522723241458962, 33.741905427274325 ], [ -84.522816241345367, 33.741803428394647 ], [ -84.522890240965211, 33.741747427786414 ], [ -84.522973241704221, 33.741692427366907 ], [ -84.523057241369784, 33.741618427846895 ], [ -84.523205241507796, 33.741553427317434 ], [ -84.523307241615043, 33.741497427292948 ], [ -84.523362240968325, 33.741460427830347 ], [ -84.523399241676543, 33.741442427460143 ], [ -84.523409241722305, 33.741386428110189 ], [ -84.523479241144173, 33.741288428039347 ], [ -84.523698241427297, 33.741043427372368 ], [ -84.523840241717508, 33.740876427172203 ], [ -84.524027241315267, 33.740721427245688 ], [ -84.524182242024281, 33.740669427626898 ], [ -84.524337241834971, 33.740656427530531 ], [ -84.524563241790787, 33.740637427500999 ], [ -84.524795242492686, 33.740559426864095 ], [ -84.525008242029713, 33.74042442743292 ], [ -84.525130241330118, 33.740334427445084 ], [ -84.52523424198553, 33.740256427279689 ], [ -84.52537624227574, 33.740147426977579 ], [ -84.525427241431061, 33.740121427371655 ], [ -84.525690242095109, 33.73988542708291 ], [ -84.525395242542317, 33.739881426844541 ], [ -84.52513924155096, 33.739778426804584 ], [ -84.524976241344348, 33.739582426611761 ], [ -84.524887241655875, 33.73943242709931 ], [ -84.524810241662991, 33.739317427220719 ], [ -84.524780241525761, 33.739210426980932 ], [ -84.52474624119057, 33.739106427373933 ], [ -84.524673241395647, 33.739000427127571 ], [ -84.524654242027381, 33.738990427548586 ], [ -84.524643241258431, 33.738984426754811 ], [ -84.524622242240355, 33.738970427640133 ], [ -84.524609241821551, 33.738964426844959 ], [ -84.524472241554193, 33.738898427034627 ], [ -84.524352241005275, 33.738855427142248 ], [ -84.524267241514778, 33.738799427597442 ], [ -84.524237241377563, 33.738735427432658 ], [ -84.524199241742707, 33.738643427392311 ], [ -84.524164241582611, 33.738560427368597 ], [ -84.524147241864185, 33.738402426948632 ], [ -84.524121241026592, 33.738290427231107 ], [ -84.52408324139175, 33.738209427397706 ], [ -84.523997242076362, 33.738154426950693 ], [ -84.52386524093356, 33.738141426473177 ], [ -84.523809240857062, 33.738141426473177 ], [ -84.523603241891053, 33.738110427165417 ], [ -84.523450241730174, 33.738119426579992 ], [ -84.523304241242002, 33.738068427145478 ], [ -84.523172240997525, 33.737961427588878 ], [ -84.523095241004611, 33.737841427375827 ], [ -84.522997241095339, 33.7377004272658 ], [ -84.522958241635592, 33.737602426719079 ], [ -84.522747241748391, 33.737287426818071 ], [ -84.522437241228687, 33.736895426554533 ], [ -84.522078241203474, 33.736769426889822 ], [ -84.521202240969345, 33.736428426940236 ], [ -84.519869239902377, 33.735908426469351 ], [ -84.518780240131221, 33.735494426809083 ], [ -84.518216240066621, 33.735258426491242 ], [ -84.518119239982227, 33.735207426850096 ], [ -84.518065239555568, 33.73517042691568 ], [ -84.517728239271662, 33.734904426291486 ], [ -84.517457239110016, 33.734630426117484 ], [ -84.517364239223596, 33.734518426705073 ], [ -84.517314238994871, 33.734444426226034 ], [ -84.517234238628944, 33.73428942663098 ], [ -84.517220239283546, 33.734251426735732 ], [ -84.517192239694467, 33.734206426130278 ], [ -84.517115238803243, 33.734018426931357 ], [ -84.517061239274895, 33.733846426413351 ], [ -84.516994239327744, 33.733272426463174 ], [ -84.517009239396359, 33.732997425980273 ], [ -84.517051239229147, 33.732778425886266 ], [ -84.517210239237812, 33.73238542560545 ], [ -84.51732723941366, 33.732181426004644 ], [ -84.517350238979887, 33.732143425922906 ], [ -84.517413238729077, 33.7320274263949 ], [ -84.517462239132882, 33.731936425476853 ], [ -84.517498239117899, 33.731845425956486 ], [ -84.517589239354479, 33.731614425533692 ], [ -84.51762823881424, 33.731467425823787 ], [ -84.517638239758284, 33.731393425701746 ], [ -84.517668238997203, 33.731182425790777 ], [ -84.517683239065832, 33.730963425546925 ], [ -84.517647239080816, 33.730606425987872 ], [ -84.517640239408109, 33.730529425551282 ], [ -84.517609239445974, 33.73037542596515 ], [ -84.517580239133665, 33.730285425147585 ], [ -84.517478239026403, 33.730031425668187 ], [ -84.517396239010637, 33.729872424867317 ], [ -84.517298239101351, 33.729716424866531 ], [ -84.517208239587973, 33.729586425147311 ], [ -84.516704238899507, 33.729007425465845 ], [ -84.516396238927939, 33.728663424914849 ], [ -84.516183238492602, 33.728432424891601 ], [ -84.515700238618848, 33.727857425694573 ], [ -84.515410238190626, 33.727559425039409 ], [ -84.515134238006084, 33.727267424963117 ], [ -84.514921238469071, 33.727027425087925 ], [ -84.514881238286108, 33.726975425387671 ], [ -84.514823238559785, 33.726897425031019 ], [ -84.514717238254576, 33.726747425007908 ], [ -84.514550237850003, 33.726480424766514 ], [ -84.514509237842105, 33.726397424930759 ], [ -84.514470238382373, 33.726278425386312 ], [ -84.514313238023547, 33.725855424137919 ], [ -84.514215238114232, 33.725098424307397 ], [ -84.515040238294773, 33.725469424191047 ], [ -84.517589238456168, 33.726623424691319 ], [ -84.517686238540549, 33.726666424737068 ], [ -84.518151238870971, 33.726871424398247 ], [ -84.518481238583846, 33.727059425060268 ], [ -84.518769239362257, 33.727244424876567 ], [ -84.519431240234468, 33.727705424331397 ], [ -84.520351239951239, 33.728460425063368 ], [ -84.520559240363696, 33.728608425072402 ], [ -84.520742239763493, 33.728716425463141 ], [ -84.520925240061572, 33.728804424933912 ], [ -84.521117239682212, 33.728879424674808 ], [ -84.521342240711419, 33.728952424349693 ], [ -84.521505240019721, 33.729006425092685 ], [ -84.521516240788699, 33.729010425838112 ], [ -84.523043241126089, 33.729509425289756 ], [ -84.52326524088393, 33.729614425689675 ], [ -84.523367240991192, 33.729680425170898 ], [ -84.523786240392539, 33.73001242477978 ], [ -84.524114241353914, 33.730271425360542 ], [ -84.524503241516328, 33.730580424984659 ], [ -84.525904241457027, 33.731689425059947 ], [ -84.526266241855282, 33.731933425953933 ], [ -84.526589241895465, 33.732107425751259 ], [ -84.526844242163605, 33.732225425842387 ], [ -84.527077242690424, 33.732332425081992 ], [ -84.527657242648544, 33.732584425305355 ], [ -84.527691242085425, 33.732599425046324 ], [ -84.527952242201323, 33.732712425799484 ], [ -84.527985242711623, 33.732726425935311 ], [ -84.529738243004815, 33.73348842582778 ], [ -84.529925243500884, 33.733546425744414 ], [ -84.530296243221642, 33.733621425823223 ], [ -84.531668242850017, 33.733872425679849 ], [ -84.531867243939985, 33.733908425110911 ], [ -84.53230624433111, 33.733994426097951 ], [ -84.532745243823939, 33.734080426251765 ], [ -84.533094243803404, 33.734149425478847 ], [ -84.533745244804976, 33.734300425575235 ], [ -84.535460244565016, 33.734698426089594 ], [ -84.535704244064178, 33.734730425442663 ], [ -84.535963244530251, 33.734730425442663 ], [ -84.536141244805506, 33.734708425421793 ], [ -84.53625924480626, 33.734676426060581 ], [ -84.536776245015218, 33.734466425567469 ], [ -84.537284245003335, 33.734265425873382 ], [ -84.537766245950493, 33.734097425611758 ], [ -84.538292245481969, 33.733939425937052 ], [ -84.538817246086822, 33.733807426004709 ], [ -84.539549245482604, 33.733637424954985 ], [ -84.539628246023653, 33.733619425184465 ], [ -84.540022246208949, 33.733546425744414 ], [ -84.540481245793259, 33.733492425617221 ], [ -84.541096246809815, 33.733460425055412 ], [ -84.542665246081683, 33.733424425436318 ], [ -84.54333324680168, 33.733439425030404 ], [ -84.543575247549342, 33.733466425488494 ], [ -84.543812247375797, 33.733492425617221 ], [ -84.545714247631906, 33.733799424960893 ], [ -84.546098247771468, 33.733834424852844 ], [ -84.546424248184721, 33.733837425056329 ], [ -84.546668247683883, 33.733818425010753 ], [ -84.546930248523012, 33.733779425336401 ], [ -84.547413248396779, 33.733668425131953 ], [ -84.547435248138072, 33.736413425627596 ], [ -84.547945248674324, 33.736744425795955 ], [ -84.549435248303482, 33.737713425569076 ], [ -84.551628249711072, 33.738444426057953 ], [ -84.551748250259976, 33.738484426115456 ], [ -84.552042249089524, 33.738502426359396 ], [ -84.552479249830839, 33.738553425535905 ], [ -84.552615249374966, 33.738694425737961 ], [ -84.552656249382849, 33.738793426043337 ], [ -84.552773249558712, 33.739005426169577 ], [ -84.552874249841054, 33.739208426472494 ], [ -84.552970250100515, 33.739298426147641 ], [ -84.553078250055563, 33.739530426302522 ], [ -84.553078250055563, 33.739693426634929 ], [ -84.552974250298476, 33.740204426632005 ], [ -84.552987249818955, 33.740483425888009 ], [ -84.553038249872586, 33.740562426085454 ], [ -84.553128250284274, 33.740613427025288 ], [ -84.553320249904885, 33.740653426071411 ], [ -84.553524251017706, 33.740647426888003 ], [ -84.553812250897806, 33.740468426031406 ], [ -84.554637250180008, 33.740414426525952 ], [ -84.556474251037102, 33.741053426711986 ], [ -84.556713251411722, 33.741274427059643 ], [ -84.556764250567028, 33.741381426218908 ], [ -84.55677325078787, 33.741440426256737 ], [ -84.556809250772858, 33.741674426298381 ], [ -84.556735251153015, 33.741917426958764 ], [ -84.556606250383268, 33.742002426418651 ], [ -84.556527251638869, 33.742053426502309 ], [ -84.556481251608119, 33.742205426352058 ], [ -84.556803250925071, 33.742397426406377 ], [ -84.557283251324108, 33.742521427084483 ], [ -84.557889252119821, 33.742545426279385 ], [ -84.558799251790859, 33.74382142708928 ], [ -84.558936252058203, 33.744013426514044 ], [ -84.559230251786076, 33.743954426752083 ], [ -84.562402252461638, 33.743254426605944 ], [ -84.562591253505843, 33.743213426324203 ], [ -84.562924252693463, 33.743168426684775 ], [ -84.565557253418774, 33.742819425824486 ], [ -84.566170253887179, 33.742936425911573 ], [ -84.567674254658357, 33.74322542657265 ], [ -84.568380255013196, 33.743427426394526 ], [ -84.571972255813336, 33.744829425997118 ], [ -84.573136255927565, 33.745413426631401 ], [ -84.573436255503211, 33.745513426085402 ], [ -84.573556256052129, 33.74550642706113 ], [ -84.573487256455167, 33.745546426813391 ] ] ] ] } },
{ "type": "Feature", "properties": { "STATEFP": "13", "COUNTYFP": "121", "TRACTCE": "007806", "GEOID": "13121007806", "GEOIDFQ": "1400000US13121007806", "NAME": "78.06", "NAMELSAD": "Census Tract 78.06", "MTFCC": "G5020", "FUNCSTAT": "S", "ALAND": 4932950.0, "AWATER": 82299.0, "INTPTLAT": "+33.7459578", "INTPTLON": "-084.5145823", "OBJECTID": 994, "CensusTract": "13121007806", "State": "Georgia", "County": "Fulton County", "Urban": 1, "Pop2010": 5474, "OHU2010": 2086, "GroupQuartersFlag": 0, "NUMGQTRS": 0, "PCTGQTRS": 0.0, "LILATracts_1And10": 1, "LILATracts_halfAnd10": 1, "LILATracts_1And20": 1, "LILATracts_Vehicle": 1, "Shape_Length": 14342.014192109171, "Shape_Area": 7272476.9228278175 }, "geometry": { "type": "MultiPolygon", "coordinates": [ [ [ [ -84.528297243779463, 33.752027429512779 ], [ -84.524969242569966, 33.753545430147398 ], [ -84.523952242768829, 33.754010430511521 ], [ -84.523504242156847, 33.754196430548511 ], [ -84.523328242429756, 33.754257430143497 ], [ -84.523132242611183, 33.754308430408265 ], [ -84.522754241421097, 33.75437743054249 ], [ -84.521781242000884, 33.754511430341338 ], [ -84.521403241709095, 33.754562430455024 ], [ -84.521477242227263, 33.75508643014404 ], [ -84.521470241656246, 33.755270430700421 ], [ -84.5214372420443, 33.755451431414443 ], [ -84.521376241944921, 33.75562943155834 ], [ -84.521291241556099, 33.755799430847119 ], [ -84.521164241334503, 33.755981431249793 ], [ -84.521029241615281, 33.756126430662114 ], [ -84.520777241720211, 33.75632443124573 ], [ -84.520248241815693, 33.75660543119082 ], [ -84.520062241144544, 33.756748430942167 ], [ -84.519986240976564, 33.756833431386383 ], [ -84.519915241729763, 33.756939430504332 ], [ -84.519862242026321, 33.757052431307926 ], [ -84.519829240617739, 33.757169431394814 ], [ -84.51981524127234, 33.757305431397256 ], [ -84.519820241295207, 33.757909431437035 ], [ -84.519826241142979, 33.758444431162715 ], [ -84.519810241249473, 33.75856643173266 ], [ -84.519740241827577, 33.758752430847174 ], [ -84.519601241012097, 33.758949431316303 ], [ -84.519391241848126, 33.758876431775334 ], [ -84.519168241367055, 33.75883843157019 ], [ -84.518236241056414, 33.758821431885671 ], [ -84.518227240835586, 33.759388431756733 ], [ -84.518266240295318, 33.759589431577204 ], [ -84.518324240919952, 33.759714432056434 ], [ -84.518400241087932, 33.759823431387488 ], [ -84.518779241204626, 33.760207432085657 ], [ -84.519294241763745, 33.760716432321992 ], [ -84.518534240982234, 33.761296432310886 ], [ -84.517819240406581, 33.761838431740387 ], [ -84.517675241364856, 33.761923432365123 ], [ -84.517516241356191, 33.761989431632379 ], [ -84.517297241073081, 33.76204543246439 ], [ -84.517090241383826, 33.76206543296604 ], [ -84.515574240018779, 33.762042432500792 ], [ -84.514729240645082, 33.762029431910349 ], [ -84.514541239425796, 33.761996432298481 ], [ -84.514257239743671, 33.761881432058189 ], [ -84.514078239643524, 33.761852432349862 ], [ -84.508318238448481, 33.761762432445828 ], [ -84.508214238691409, 33.761773433094739 ], [ -84.508131237952426, 33.761797432129335 ], [ -84.508048238111755, 33.76183843248716 ], [ -84.507976238141723, 33.761891431955341 ], [ -84.507589237629134, 33.761520432002833 ], [ -84.505463237067019, 33.759613431970159 ], [ -84.50546723726498, 33.759223432220658 ], [ -84.505485237706637, 33.757458431888949 ], [ -84.505491237554409, 33.756984431879857 ], [ -84.505511237645905, 33.755225431412661 ], [ -84.505551236930557, 33.754188430659646 ], [ -84.505580237242881, 33.753938430581599 ], [ -84.505654236862725, 33.753694431033324 ], [ -84.506051237421076, 33.752928431000853 ], [ -84.507625237614121, 33.74997143005303 ], [ -84.508287237588036, 33.748727429724809 ], [ -84.508381237299361, 33.74847842955576 ], [ -84.508428238053355, 33.748170429561256 ], [ -84.508593237011468, 33.745507429482778 ], [ -84.508595237559618, 33.745491428829901 ], [ -84.508621237498872, 33.745330429423639 ], [ -84.508698237491771, 33.745131429410385 ], [ -84.508893237485438, 33.744766429026804 ], [ -84.509455237001916, 33.743717428590827 ], [ -84.510085238087072, 33.742541428406007 ], [ -84.510114237501085, 33.742488428180565 ], [ -84.510269238210086, 33.742200428243535 ], [ -84.510362238096519, 33.741996428823541 ], [ -84.510438238264499, 33.74172142866545 ], [ -84.510462238553927, 33.741441427978955 ], [ -84.51044623776211, 33.741222427776087 ], [ -84.510354237700597, 33.74074842840006 ], [ -84.51023723752472, 33.740727428664954 ], [ -84.510031237660414, 33.740603427634326 ], [ -84.509188237038217, 33.740029427323648 ], [ -84.50890223770628, 33.739858427897957 ], [ -84.508783237880579, 33.739802427513922 ], [ -84.508540237308011, 33.73968842763302 ], [ -84.508414237809646, 33.739637428384242 ], [ -84.508566237247294, 33.739394427987939 ], [ -84.508817237317459, 33.738899427292466 ], [ -84.508857237500422, 33.738797427826512 ], [ -84.509037237425474, 33.738244427731694 ], [ -84.509080237083182, 33.738024427316034 ], [ -84.50912123709108, 33.737735427060457 ], [ -84.509146237205414, 33.737316427364817 ], [ -84.509145237380523, 33.737045427514865 ], [ -84.509131237136828, 33.736888427574023 ], [ -84.50907323741049, 33.736380427362143 ], [ -84.508957237059533, 33.735641426343392 ], [ -84.508905236282686, 33.735251426630185 ], [ -84.508683237423156, 33.733763426978186 ], [ -84.508655236935752, 33.733454426863091 ], [ -84.508645236890004, 33.733183426767354 ], [ -84.508649237087965, 33.733030426293936 ], [ -84.508679236326884, 33.732801425983794 ], [ -84.508725237255945, 33.73261242636363 ], [ -84.508757237043, 33.732453426609752 ], [ -84.508799236875802, 33.732289425633972 ], [ -84.508853236404164, 33.732149426448082 ], [ -84.508906236107606, 33.732059425997022 ], [ -84.509101236101287, 33.731781425833681 ], [ -84.509257236635193, 33.731601426306391 ], [ -84.509331237153347, 33.731535426061399 ], [ -84.509360236567346, 33.73150042597878 ], [ -84.509552237086297, 33.731328426389915 ], [ -84.509786236539696, 33.731138425418223 ], [ -84.509870237103598, 33.731083425667876 ], [ -84.509986237454569, 33.731020425326498 ], [ -84.510326237213192, 33.730861426358068 ], [ -84.510384237837826, 33.730315426177661 ], [ -84.510452236711572, 33.729905426382807 ], [ -84.510457237632764, 33.729662425317422 ], [ -84.51046023710748, 33.729550426144264 ], [ -84.510425237845709, 33.728993425470314 ], [ -84.510392236437113, 33.728453425394854 ], [ -84.510404237030997, 33.728121424984394 ], [ -84.510417237449801, 33.728048425349705 ], [ -84.510435236993132, 33.727944424913488 ], [ -84.510455237084614, 33.727823425245873 ], [ -84.510466236955281, 33.727759425859048 ], [ -84.510621236765971, 33.727124424617138 ], [ -84.511041236890534, 33.725600424582446 ], [ -84.511065237179992, 33.725407424626141 ], [ -84.511041236890534, 33.725213424565673 ], [ -84.510970237643747, 33.725028424854337 ], [ -84.510687236888216, 33.724536424739796 ], [ -84.510236236801504, 33.723805423811228 ], [ -84.511065237179992, 33.723940423988417 ], [ -84.511278237615315, 33.723975424912851 ], [ -84.511791236727987, 33.724083424409429 ], [ -84.512339236899066, 33.724253424213281 ], [ -84.512468237668813, 33.724311423647428 ], [ -84.514215238114232, 33.725098424307397 ], [ -84.514313238023547, 33.725855424137919 ], [ -84.514470238382373, 33.726278425386312 ], [ -84.514509237842105, 33.726397424930759 ], [ -84.514550237850003, 33.726480424766514 ], [ -84.514717238254576, 33.726747425007908 ], [ -84.514823238559785, 33.726897425031019 ], [ -84.514881238286108, 33.726975425387671 ], [ -84.514921238469071, 33.727027425087925 ], [ -84.515134238006084, 33.727267424963117 ], [ -84.515410238190626, 33.727559425039409 ], [ -84.515700238618848, 33.727857425694573 ], [ -84.516183238492602, 33.728432424891601 ], [ -84.516396238927939, 33.728663424914849 ], [ -84.516704238899507, 33.729007425465845 ], [ -84.517208239587973, 33.729586425147311 ], [ -84.517298239101351, 33.729716424866531 ], [ -84.517396239010637, 33.729872424867317 ], [ -84.517478239026403, 33.730031425668187 ], [ -84.517580239133665, 33.730285425147585 ], [ -84.517609239445974, 33.73037542596515 ], [ -84.517640239408109, 33.730529425551282 ], [ -84.517647239080816, 33.730606425987872 ], [ -84.517683239065832, 33.730963425546925 ], [ -84.517668238997203, 33.731182425790777 ], [ -84.517638239758284, 33.731393425701746 ], [ -84.51762823881424, 33.731467425823787 ], [ -84.517589239354479, 33.731614425533692 ], [ -84.517498239117899, 33.731845425956486 ], [ -84.517462239132882, 33.731936425476853 ], [ -84.517413238729077, 33.7320274263949 ], [ -84.517350238979887, 33.732143425922906 ], [ -84.51732723941366, 33.732181426004644 ], [ -84.517210239237812, 33.73238542560545 ], [ -84.517051239229147, 33.732778425886266 ], [ -84.517009239396359, 33.732997425980273 ], [ -84.516994239327744, 33.733272426463174 ], [ -84.517061239274895, 33.733846426413351 ], [ -84.517115238803243, 33.734018426931357 ], [ -84.517192239694467, 33.734206426130278 ], [ -84.517220239283546, 33.734251426735732 ], [ -84.517234238628944, 33.73428942663098 ], [ -84.517314238994871, 33.734444426226034 ], [ -84.517364239223596, 33.734518426705073 ], [ -84.517457239110016, 33.734630426117484 ], [ -84.517728239271662, 33.734904426291486 ], [ -84.518065239555568, 33.73517042691568 ], [ -84.518119239982227, 33.735207426850096 ], [ -84.518216240066621, 33.735258426491242 ], [ -84.518780240131221, 33.735494426809083 ], [ -84.519869239902377, 33.735908426469351 ], [ -84.521202240969345, 33.736428426940236 ], [ -84.522078241203474, 33.736769426889822 ], [ -84.522437241228687, 33.736895426554533 ], [ -84.522747241748391, 33.737287426818071 ], [ -84.522958241635592, 33.737602426719079 ], [ -84.522997241095339, 33.7377004272658 ], [ -84.523095241004611, 33.737841427375827 ], [ -84.523172240997525, 33.737961427588878 ], [ -84.523304241242002, 33.738068427145478 ], [ -84.523450241730174, 33.738119426579992 ], [ -84.523603241891053, 33.738110427165417 ], [ -84.523809240857062, 33.738141426473177 ], [ -84.52386524093356, 33.738141426473177 ], [ -84.523997242076362, 33.738154426950693 ], [ -84.52408324139175, 33.738209427397706 ], [ -84.524121241026592, 33.738290427231107 ], [ -84.524147241864185, 33.738402426948632 ], [ -84.524164241582611, 33.738560427368597 ], [ -84.524199241742707, 33.738643427392311 ], [ -84.524237241377563, 33.738735427432658 ], [ -84.524267241514778, 33.738799427597442 ], [ -84.524352241005275, 33.738855427142248 ], [ -84.524472241554193, 33.738898427034627 ], [ -84.524609241821551, 33.738964426844959 ], [ -84.524622242240355, 33.738970427640133 ], [ -84.524643241258431, 33.738984426754811 ], [ -84.524654242027381, 33.738990427548586 ], [ -84.524673241395647, 33.739000427127571 ], [ -84.52474624119057, 33.739106427373933 ], [ -84.524780241525761, 33.739210426980932 ], [ -84.524810241662991, 33.739317427220719 ], [ -84.524887241655875, 33.73943242709931 ], [ -84.524976241344348, 33.739582426611761 ], [ -84.52513924155096, 33.739778426804584 ], [ -84.525395242542317, 33.739881426844541 ], [ -84.525690242095109, 33.73988542708291 ], [ -84.525427241431061, 33.740121427371655 ], [ -84.52537624227574, 33.740147426977579 ], [ -84.52523424198553, 33.740256427279689 ], [ -84.525130241330118, 33.740334427445084 ], [ -84.525008242029713, 33.74042442743292 ], [ -84.524795242492686, 33.740559426864095 ], [ -84.524563241790787, 33.740637427500999 ], [ -84.524337241834971, 33.740656427530531 ], [ -84.524182242024281, 33.740669427626898 ], [ -84.524027241315267, 33.740721427245688 ], [ -84.523840241717508, 33.740876427172203 ], [ -84.523698241427297, 33.741043427372368 ], [ -84.523479241144173, 33.741288428039347 ], [ -84.523409241722305, 33.741386428110189 ], [ -84.523399241676543, 33.741442427460143 ], [ -84.523362240968325, 33.741460427830347 ], [ -84.523307241615043, 33.741497427292948 ], [ -84.523205241507796, 33.741553427317434 ], [ -84.523057241369784, 33.741618427846895 ], [ -84.522973241704221, 33.741692427366907 ], [ -84.522890240965211, 33.741747427786414 ], [ -84.522816241345367, 33.741803428394647 ], [ -84.522723241458962, 33.741905427274325 ], [ -84.522640241618276, 33.741951427798625 ], [ -84.52251024102361, 33.741969428062006 ], [ -84.522399241593845, 33.742034428276227 ], [ -84.522381241152203, 33.742173428293228 ], [ -84.522381241152203, 33.742294427893519 ], [ -84.522436241403767, 33.742386428500211 ], [ -84.522501240802768, 33.742488427433557 ], [ -84.522501240802768, 33.742701427605319 ], [ -84.522489241107223, 33.742953428745622 ], [ -84.523784242539335, 33.746541429398611 ], [ -84.523966242114213, 33.746408428518833 ], [ -84.524184241674092, 33.746321428601121 ], [ -84.524317241743503, 33.7462954286258 ], [ -84.525356242184273, 33.746229429227533 ], [ -84.528009243001051, 33.746243428651447 ], [ -84.528071243823646, 33.747148428071256 ], [ -84.52805224355707, 33.747796428774365 ], [ -84.528016242673758, 33.748136428945983 ], [ -84.527916243114646, 33.748674428840502 ], [ -84.527896243921475, 33.74905142920425 ], [ -84.527964242795221, 33.749295428520568 ], [ -84.528081242971069, 33.749573429442371 ], [ -84.528191243474254, 33.749885429398127 ], [ -84.528213243215561, 33.750168429786292 ], [ -84.528206243542868, 33.750452429363499 ], [ -84.528183243078317, 33.750664429055433 ], [ -84.528132243923025, 33.750817429448176 ], [ -84.528103243610701, 33.750958429656258 ], [ -84.528090244090237, 33.751202430268393 ], [ -84.528115243306274, 33.751502429689815 ], [ -84.528142243070448, 33.751653429116033 ], [ -84.528206243542868, 33.751846429786106 ], [ -84.528297243779463, 33.752027429512779 ] ] ] ] } },
{ "type": "Feature", "properties": { "STATEFP": "13", "COUNTYFP": "121", "TRACTCE": "003500", "GEOID": "13121003500", "GEOIDFQ": "1400000US13121003500", "NAME": "35", "NAMELSAD": "Census Tract 35", "MTFCC": "G5020", "FUNCSTAT": "S", "ALAND": 1389853.0, "AWATER": 0.0, "INTPTLAT": "+33.7509228", "INTPTLON": "-084.3917294", "OBJECTID": 948, "CensusTract": "13121003500", "State": "Georgia", "County": "Fulton County", "Urban": 1, "Pop2010": 2241, "OHU2010": 767, "GroupQuartersFlag": 0, "NUMGQTRS": 1187, "PCTGQTRS": 52.96742526, "LILATracts_1And10": 1, "LILATracts_halfAnd10": 1, "LILATracts_1And20": 1, "LILATracts_Vehicle": 0, "Shape_Length": 9804.4652530356634, "Shape_Area": 2015602.2732246951 }, "geometry": { "type": "MultiPolygon", "coordinates": [ [ [ [ -84.401610206320868, 33.749496434078559 ], [ -84.400929206080377, 33.750225434731796 ], [ -84.400067206089943, 33.751148433786497 ], [ -84.399568206322655, 33.751288434083847 ], [ -84.398143206092513, 33.75166843448558 ], [ -84.398085205467879, 33.751706434881292 ], [ -84.398040205262035, 33.75175943463848 ], [ -84.397953206121727, 33.751950434111784 ], [ -84.39789620622031, 33.752076434630268 ], [ -84.397780205869338, 33.752249434548489 ], [ -84.397760205777857, 33.75230643437601 ], [ -84.397603206317328, 33.752259434075441 ], [ -84.397580205852805, 33.752324434706807 ], [ -84.397529205799188, 33.752576434459399 ], [ -84.397515205555464, 33.752875434953829 ], [ -84.39754920589067, 33.753199434444817 ], [ -84.39756620650742, 33.753406435117675 ], [ -84.397603206317328, 33.75387543432776 ], [ -84.397622205685593, 33.754109434797719 ], [ -84.397647206698267, 33.754525435135122 ], [ -84.397660206218745, 33.754745435050502 ], [ -84.397665206241626, 33.755641435297463 ], [ -84.397660206218745, 33.755677435301777 ], [ -84.397661206043665, 33.755789435467399 ], [ -84.397666206066532, 33.756182435324568 ], [ -84.397684206508202, 33.758034435859848 ], [ -84.397706206249495, 33.760313435993474 ], [ -84.397705206424604, 33.761562436220835 ], [ -84.39769420655395, 33.761924436835343 ], [ -84.397711206272376, 33.762210437023612 ], [ -84.397723206866246, 33.762427436683858 ], [ -84.397733206013683, 33.762504436864816 ], [ -84.397768206173794, 33.762791436590533 ], [ -84.39779920703424, 33.762981437647113 ], [ -84.397923205984483, 33.763393436863964 ], [ -84.397762206326021, 33.763394436836101 ], [ -84.397689205632744, 33.763120436569224 ], [ -84.397458205654075, 33.762666436864599 ], [ -84.397270206231411, 33.762355437101839 ], [ -84.396770205740893, 33.761615437353292 ], [ -84.396508205800075, 33.761206437050838 ], [ -84.396445206050899, 33.761092436496369 ], [ -84.39621020587424, 33.760668436628031 ], [ -84.396097205896339, 33.760457436287197 ], [ -84.395735206396424, 33.75958643675547 ], [ -84.395490205275706, 33.758198436158096 ], [ -84.395391205541515, 33.758240436029169 ], [ -84.3952842054114, 33.758298436386362 ], [ -84.395213205266273, 33.758336436084022 ], [ -84.394986205485566, 33.758497435716819 ], [ -84.394329205534532, 33.758961436831136 ], [ -84.394192205267174, 33.758710436454905 ], [ -84.394067204695403, 33.758528435871206 ], [ -84.393511205026698, 33.757906436556617 ], [ -84.39425620484127, 33.757357435866197 ], [ -84.393243204339782, 33.756570435362278 ], [ -84.393292204743588, 33.75651443543444 ], [ -84.393555204509326, 33.755751435387602 ], [ -84.393764204746688, 33.755147435080808 ], [ -84.393840204914682, 33.754926435379183 ], [ -84.393438204333449, 33.754717435242029 ], [ -84.393247204537744, 33.754610435542801 ], [ -84.393184203890229, 33.754575435912358 ], [ -84.392838204283834, 33.754405434943337 ], [ -84.392377204151373, 33.754178435092051 ], [ -84.392160204416399, 33.754071434720188 ], [ -84.391529203506323, 33.753843435394828 ], [ -84.391324204365233, 33.753709435298788 ], [ -84.390848204164172, 33.75339743506634 ], [ -84.389899204135077, 33.752774435025827 ], [ -84.388869203915149, 33.752099435528862 ], [ -84.387890202850514, 33.751458434511044 ], [ -84.387567202810331, 33.7512464345415 ], [ -84.386393202650353, 33.75047743467799 ], [ -84.385658201983205, 33.749995433885502 ], [ -84.385218201767145, 33.749692434771156 ], [ -84.384874201810561, 33.749455434540096 ], [ -84.384568201488818, 33.749288435033428 ], [ -84.384332201487254, 33.749186434477046 ], [ -84.384281201433623, 33.749164434429005 ], [ -84.384068201896625, 33.749095434581214 ], [ -84.383900201667117, 33.749041434531733 ], [ -84.383750201879309, 33.749006434121839 ], [ -84.383497201260994, 33.748947434060092 ], [ -84.383317201335942, 33.748929434514316 ], [ -84.382893201013417, 33.748894434805649 ], [ -84.38273120063171, 33.748883433997932 ], [ -84.382514201795047, 33.748892434523071 ], [ -84.382122201259563, 33.748822435061243 ], [ -84.382043201616838, 33.748808434564495 ], [ -84.381644200510365, 33.748745435288512 ], [ -84.381202200644495, 33.748710434010903 ], [ -84.380788200367704, 33.748693434558888 ], [ -84.380766200626397, 33.748692434415318 ], [ -84.380702200153962, 33.748692434415318 ], [ -84.380480200396121, 33.748692434415318 ], [ -84.380147200310205, 33.748693434558888 ], [ -84.379548200983791, 33.748739434430256 ], [ -84.379385200777193, 33.748752434795385 ], [ -84.378730200475971, 33.748833434382952 ], [ -84.378118199832471, 33.748920434739951 ], [ -84.377726200195312, 33.749000434028787 ], [ -84.377206199613312, 33.749090434633388 ], [ -84.376645199023429, 33.749233434968161 ], [ -84.375657199534615, 33.749557434776563 ], [ -84.375204198899766, 33.749712435167211 ], [ -84.375052198563793, 33.749761434885443 ], [ -84.375072198655275, 33.749616435165485 ], [ -84.375085199074064, 33.748657434609925 ], [ -84.375136199127709, 33.748114434604055 ], [ -84.375162199066978, 33.74745443440802 ], [ -84.375180199508634, 33.747237434193714 ], [ -84.375189198831151, 33.746818433854315 ], [ -84.375886198965148, 33.746827434596177 ], [ -84.376440198984014, 33.746834435006519 ], [ -84.376670199137791, 33.746836433843178 ], [ -84.377024199140124, 33.746841433922476 ], [ -84.378163200038315, 33.74685443457529 ], [ -84.379366200510603, 33.746866434314299 ], [ -84.380452199908717, 33.746876433722093 ], [ -84.380717201120902, 33.746879434216417 ], [ -84.381525200684678, 33.746887434040296 ], [ -84.382684201674365, 33.746897433445582 ], [ -84.383845201415539, 33.746909434672503 ], [ -84.38506120230663, 33.74691943407521 ], [ -84.386214202550207, 33.746930434387913 ], [ -84.386945202121098, 33.74693643387883 ], [ -84.387210202434972, 33.746938433460073 ], [ -84.387712202575287, 33.746906434179152 ], [ -84.387797202964109, 33.746915433417932 ], [ -84.388152202791346, 33.74691943407521 ], [ -84.388610202550737, 33.746922433821133 ], [ -84.38879120319902, 33.746923433985401 ], [ -84.389241203460827, 33.746925434313852 ], [ -84.390628203157817, 33.746932433969292 ], [ -84.390910203190117, 33.746934433550635 ], [ -84.392248203381627, 33.746941433952237 ], [ -84.392800203750667, 33.746944433697387 ], [ -84.394419204149585, 33.746953432932173 ], [ -84.395688204744118, 33.746959433168442 ], [ -84.396795204956945, 33.746966433568005 ], [ -84.396951205490865, 33.746884433546185 ], [ -84.397005205019227, 33.746984433525867 ], [ -84.397230205150123, 33.746877433139929 ], [ -84.397421204945829, 33.746787433200545 ], [ -84.397933206030231, 33.746530433517755 ], [ -84.397926205459214, 33.747094433518214 ], [ -84.398162205460764, 33.747065434036429 ], [ -84.399716205562342, 33.747099433582463 ], [ -84.399838205761071, 33.747119433836339 ], [ -84.39994620661443, 33.747171433279526 ], [ -84.400001205967698, 33.747208433266366 ], [ -84.400134206037094, 33.747298433510828 ], [ -84.401152206561463, 33.747982434074927 ], [ -84.401573206510932, 33.748235434039231 ], [ -84.402298207132347, 33.74875943355476 ], [ -84.401610206320868, 33.749496434078559 ] ] ] ] } },
{ "type": "Feature", "properties": { "STATEFP": "13", "COUNTYFP": "121", "TRACTCE": "007807", "GEOID": "13121007807", "GEOIDFQ": "1400000US13121007807", "NAME": "78.07", "NAMELSAD": "Census Tract 78.07", "MTFCC": "G5020", "FUNCSTAT": "S", "ALAND": 2898746.0, "AWATER": 0.0, "INTPTLAT": "+33.7624507", "INTPTLON": "-084.4968617", "OBJECTID": 995, "CensusTract": "13121007807", "State": "Georgia", "County": "Fulton County", "Urban": 1, "Pop2010": 3116, "OHU2010": 998, "GroupQuartersFlag": 0, "NUMGQTRS": 0, "PCTGQTRS": 0.0, "LILATracts_1And10": 1, "LILATracts_halfAnd10": 1, "LILATracts_1And20": 1, "LILATracts_Vehicle": 1, "Shape_Length": 9459.9084081391557, "Shape_Area": 4204972.1808244903 }, "geometry": { "type": "MultiPolygon", "coordinates": [ [ [ [ -84.513970240586801, 33.770146434410947 ], [ -84.513814240951206, 33.770164433982572 ], [ -84.510837239370986, 33.769938434689422 ], [ -84.509768238792986, 33.769909433973673 ], [ -84.509461238646324, 33.769879434098463 ], [ -84.509249238934217, 33.769804434364445 ], [ -84.508650239607832, 33.769463434347628 ], [ -84.507665238695409, 33.768771434136752 ], [ -84.507500238838986, 33.768697433343178 ], [ -84.507325238038462, 33.768658433847762 ], [ -84.506725237988846, 33.768654434204883 ], [ -84.506411238169491, 33.76865343429413 ], [ -84.506214237627688, 33.76862343397918 ], [ -84.505954238235006, 33.768532434552576 ], [ -84.505631237296498, 33.768381434240482 ], [ -84.505300237758718, 33.768232433493644 ], [ -84.50502023827454, 33.768143434231995 ], [ -84.504070236623932, 33.767946433985415 ], [ -84.503952236623149, 33.767934434209742 ], [ -84.503846237216237, 33.767937433967113 ], [ -84.503641237176836, 33.76798543380481 ], [ -84.503312237288853, 33.768136434068005 ], [ -84.502447236925363, 33.768740433953361 ], [ -84.50231423685598, 33.768812434892062 ], [ -84.502151236649354, 33.768871434724183 ], [ -84.501962236503473, 33.768907434399281 ], [ -84.50133523668967, 33.768976433983219 ], [ -84.50103623693893, 33.768998434174406 ], [ -84.500583236304095, 33.769000434734586 ], [ -84.500102236080153, 33.76896143463037 ], [ -84.499552236259248, 33.768873433793836 ], [ -84.499219236173317, 33.768787434925613 ], [ -84.497353235902196, 33.768067434554439 ], [ -84.496983235108033, 33.767959434425066 ], [ -84.496762235175098, 33.767920433846989 ], [ -84.496541234343837, 33.767899434045383 ], [ -84.495789234856559, 33.767893434527885 ], [ -84.494711234057732, 33.767890434768915 ], [ -84.494093234464785, 33.767889434849302 ], [ -84.493919234387505, 33.767903434470277 ], [ -84.49374123411225, 33.76794043447115 ], [ -84.4930812346865, 33.768229434493314 ], [ -84.492451233601329, 33.768556434681521 ], [ -84.492219233797741, 33.768640433959824 ], [ -84.492024233804074, 33.768636435062824 ], [ -84.491884234061999, 33.768559435163894 ], [ -84.491747233794641, 33.768423435095805 ], [ -84.491609233702377, 33.768273434506796 ], [ -84.4914922335265, 33.768033435109189 ], [ -84.490983232815168, 33.767254434218721 ], [ -84.490697233483218, 33.766845433942478 ], [ -84.490335233983288, 33.766397434176909 ], [ -84.490060233623666, 33.766095433976858 ], [ -84.489836233317689, 33.765898434249578 ], [ -84.489506232706489, 33.765670434268984 ], [ -84.489107233396624, 33.765365433900058 ], [ -84.488481232509429, 33.764953433707966 ], [ -84.488383232600128, 33.764873434369044 ], [ -84.488249232705826, 33.76481443402465 ], [ -84.4880572330852, 33.76473743442542 ], [ -84.487642232983504, 33.764623433339949 ], [ -84.487547232548962, 33.764564433570243 ], [ -84.486443231810867, 33.76374243389526 ], [ -84.485122231337783, 33.762887433042032 ], [ -84.485114230941875, 33.762909433302795 ], [ -84.484987231618589, 33.762890433722944 ], [ -84.48486223104679, 33.762896433590704 ], [ -84.484607230778678, 33.762954433784657 ], [ -84.484440231272401, 33.763023433680964 ], [ -84.483190230944444, 33.762182433678845 ], [ -84.483036230958646, 33.762045433958001 ], [ -84.482873230752034, 33.76183843323399 ], [ -84.482730231535214, 33.761492433660372 ], [ -84.482576231549444, 33.760955432792819 ], [ -84.482540230666103, 33.760786433275769 ], [ -84.482526230422394, 33.760570433200151 ], [ -84.482541230491009, 33.760331433149439 ], [ -84.482573231176389, 33.760153433806799 ], [ -84.482640230225215, 33.759966433239121 ], [ -84.482698230849849, 33.759707432697589 ], [ -84.482789231086443, 33.759321432707615 ], [ -84.482916230409757, 33.758731432533324 ], [ -84.482936230501224, 33.758462432445342 ], [ -84.482941230524105, 33.758105433062859 ], [ -84.482930230653452, 33.757855432457418 ], [ -84.482910230561956, 33.757743432750388 ], [ -84.482873230752034, 33.757598433085626 ], [ -84.48276623062192, 33.757377432980611 ], [ -84.482535230643222, 33.756985432673588 ], [ -84.482380230832533, 33.756682432867557 ], [ -84.482307230139284, 33.756487432522107 ], [ -84.482167230397209, 33.755936432335233 ], [ -84.48192923074582, 33.754981432539644 ], [ -84.483788230445938, 33.755170432168121 ], [ -84.485138231231318, 33.75530843174031 ], [ -84.485228231643006, 33.755318432404266 ], [ -84.485623230754882, 33.755358431314008 ], [ -84.486220232228106, 33.755418431510833 ], [ -84.486282232152377, 33.755425431966714 ], [ -84.486886232399982, 33.755488432309797 ], [ -84.487547232548962, 33.755555431367199 ], [ -84.488399232493649, 33.755643432435065 ], [ -84.489690232829503, 33.755776431687991 ], [ -84.490696232759987, 33.755879431933515 ], [ -84.491001233256824, 33.755910431540869 ], [ -84.492989233726675, 33.756114432218958 ], [ -84.493080233963255, 33.75612343198506 ], [ -84.494336234139027, 33.756254432623074 ], [ -84.494560233546679, 33.756271432069781 ], [ -84.494867233693356, 33.756307431809539 ], [ -84.495870234149109, 33.756409432110352 ], [ -84.498749234921718, 33.75670343168332 ], [ -84.499039235349926, 33.756713432184547 ], [ -84.499708234996547, 33.756700432279565 ], [ -84.499998235424755, 33.756697432128888 ], [ -84.500188235395569, 33.756734431739538 ], [ -84.500311235419204, 33.756787431376125 ], [ -84.500764236054039, 33.757047431824105 ], [ -84.501117236231465, 33.757230431115026 ], [ -84.501490236500359, 33.757360432259546 ], [ -84.501923236145416, 33.757459431930279 ], [ -84.502056236214813, 33.757457431847563 ], [ -84.502176236763717, 33.757431431514448 ], [ -84.502291236391457, 33.757513431906204 ], [ -84.5026472360436, 33.757739431851235 ], [ -84.503587236750164, 33.758263431539909 ], [ -84.504292237280083, 33.758664432223895 ], [ -84.504544237175153, 33.758831432139814 ], [ -84.504774236430606, 33.759005431893982 ], [ -84.505463237067019, 33.759613431970159 ], [ -84.507589237629134, 33.761520432002833 ], [ -84.507976238141723, 33.761891431955341 ], [ -84.508319238273415, 33.762256432630146 ], [ -84.508644238861734, 33.762642432845603 ], [ -84.509517238722822, 33.763790433095515 ], [ -84.50990623888525, 33.764300432926014 ], [ -84.510711238974295, 33.765354433712183 ], [ -84.510845238868598, 33.765533433402624 ], [ -84.511078239395417, 33.765844433581861 ], [ -84.511387239191876, 33.766245433150921 ], [ -84.511701239011245, 33.766650432820455 ], [ -84.511988239066426, 33.766970433547527 ], [ -84.512225239791206, 33.767233434253896 ], [ -84.512270239997051, 33.767283433592695 ], [ -84.51248823955693, 33.767568433150004 ], [ -84.512953239887352, 33.768177433633596 ], [ -84.513220239851037, 33.768525433673595 ], [ -84.51341924004268, 33.768855433951003 ], [ -84.513444240157014, 33.768896433919352 ], [ -84.51365524004423, 33.769311434279601 ], [ -84.513779240791109, 33.769591434313746 ], [ -84.513880240175112, 33.769856434236807 ], [ -84.513970240586801, 33.770146434410947 ] ] ] ] } },
{ "type": "Feature", "properties": { "STATEFP": "13", "COUNTYFP": "121", "TRACTCE": "007808", "GEOID": "13121007808", "GEOIDFQ": "1400000US13121007808", "NAME": "78.08", "NAMELSAD": "Census Tract 78.08", "MTFCC": "G5020", "FUNCSTAT": "S", "ALAND": 1630896.0, "AWATER": 0.0, "INTPTLAT": "+33.7516330", "INTPTLON": "-084.4998632", "OBJECTID": 996, "CensusTract": "13121007808", "State": "Georgia", "County": "Fulton County", "Urban": 1, "Pop2010": 4306, "OHU2010": 1526, "GroupQuartersFlag": 0, "NUMGQTRS": 0, "PCTGQTRS": 0.0, "LILATracts_1And10": 1, "LILATracts_halfAnd10": 1, "LILATracts_1And20": 1, "LILATracts_Vehicle": 1, "Shape_Length": 9605.5246449682982, "Shape_Area": 2365212.8028543741 }, "geometry": { "type": "MultiPolygon", "coordinates": [ [ [ [ -84.510462238553927, 33.741441427978955 ], [ -84.510438238264499, 33.74172142866545 ], [ -84.510362238096519, 33.741996428823541 ], [ -84.510269238210086, 33.742200428243535 ], [ -84.510114237501085, 33.742488428180565 ], [ -84.510085238087072, 33.742541428406007 ], [ -84.509455237001916, 33.743717428590827 ], [ -84.508893237485438, 33.744766429026804 ], [ -84.508698237491771, 33.745131429410385 ], [ -84.508621237498872, 33.745330429423639 ], [ -84.508595237559618, 33.745491428829901 ], [ -84.508593237011468, 33.745507429482778 ], [ -84.508428238053355, 33.748170429561256 ], [ -84.508381237299361, 33.74847842955576 ], [ -84.508287237588036, 33.748727429724809 ], [ -84.507625237614121, 33.74997143005303 ], [ -84.506051237421076, 33.752928431000853 ], [ -84.505654236862725, 33.753694431033324 ], [ -84.505580237242881, 33.753938430581599 ], [ -84.505551236930557, 33.754188430659646 ], [ -84.505511237645905, 33.755225431412661 ], [ -84.505491237554409, 33.756984431879857 ], [ -84.505485237706637, 33.757458431888949 ], [ -84.50546723726498, 33.759223432220658 ], [ -84.505463237067019, 33.759613431970159 ], [ -84.504774236430606, 33.759005431893982 ], [ -84.504544237175153, 33.758831432139814 ], [ -84.504292237280083, 33.758664432223895 ], [ -84.503587236750164, 33.758263431539909 ], [ -84.5026472360436, 33.757739431851235 ], [ -84.502291236391457, 33.757513431906204 ], [ -84.502176236763717, 33.757431431514448 ], [ -84.502056236214813, 33.757457431847563 ], [ -84.501923236145416, 33.757459431930279 ], [ -84.501490236500359, 33.757360432259546 ], [ -84.501117236231465, 33.757230431115026 ], [ -84.500764236054039, 33.757047431824105 ], [ -84.500311235419204, 33.756787431376125 ], [ -84.500188235395569, 33.756734431739538 ], [ -84.499998235424755, 33.756697432128888 ], [ -84.499708234996547, 33.756700432279565 ], [ -84.499039235349926, 33.756713432184547 ], [ -84.498749234921718, 33.75670343168332 ], [ -84.495870234149109, 33.756409432110352 ], [ -84.494867233693356, 33.756307431809539 ], [ -84.494560233546679, 33.756271432069781 ], [ -84.494336234139027, 33.756254432623074 ], [ -84.493080233963255, 33.75612343198506 ], [ -84.492989233726675, 33.756114432218958 ], [ -84.491001233256824, 33.755910431540869 ], [ -84.490696232759987, 33.755879431933515 ], [ -84.489690232829503, 33.755776431687991 ], [ -84.488399232493649, 33.755643432435065 ], [ -84.487547232548962, 33.755555431367199 ], [ -84.486886232399982, 33.755488432309797 ], [ -84.486282232152377, 33.755425431966714 ], [ -84.486220232228106, 33.755418431510833 ], [ -84.485623230754882, 33.755358431314008 ], [ -84.485228231643006, 33.755318432404266 ], [ -84.485138231231318, 33.75530843174031 ], [ -84.483788230445938, 33.755170432168121 ], [ -84.48192923074582, 33.754981432539644 ], [ -84.481898229885374, 33.754825432639144 ], [ -84.482235230169252, 33.754816431989887 ], [ -84.482831230020935, 33.754774431935076 ], [ -84.483232230777233, 33.754712432634513 ], [ -84.48363423046014, 33.754606432256814 ], [ -84.483909230819748, 33.754518432365067 ], [ -84.484164231087888, 33.754430431636166 ], [ -84.48445323079288, 33.754315431701684 ], [ -84.484658230832295, 33.754205432009748 ], [ -84.485148231277066, 33.753918431171265 ], [ -84.48538223162879, 33.75374343146364 ], [ -84.485593231515992, 33.753568431398826 ], [ -84.486123231245415, 33.753147431934927 ], [ -84.486404231452795, 33.752952431764861 ], [ -84.48684423166884, 33.752632430984271 ], [ -84.487268231991379, 33.752360430875584 ], [ -84.487646232283154, 33.752164431053181 ], [ -84.487982231843816, 33.752019431662227 ], [ -84.488330231998361, 33.751909431265233 ], [ -84.488799231628434, 33.751762431227419 ], [ -84.489276232552697, 33.751658431155164 ], [ -84.48966623254006, 33.751603431116202 ], [ -84.490842233248173, 33.751499430851091 ], [ -84.49099123231278, 33.751486430902418 ], [ -84.493023233163555, 33.75135143074462 ], [ -84.494432234398474, 33.751224430540489 ], [ -84.495737234079712, 33.751145430453889 ], [ -84.496355234571013, 33.751102430725972 ], [ -84.496608234290989, 33.751085431001293 ], [ -84.497638234510916, 33.751011430622725 ], [ -84.498244234408318, 33.750955430798442 ], [ -84.49847323473719, 33.750934430574816 ], [ -84.499008235387791, 33.750879430818379 ], [ -84.499238234643258, 33.750848430885803 ], [ -84.499532235269427, 33.750796429937679 ], [ -84.49966723498865, 33.75075943000509 ], [ -84.49970123442553, 33.750748430930486 ], [ -84.500499235740193, 33.750498430532012 ], [ -84.500748235262208, 33.750384430676007 ], [ -84.501199236247231, 33.750097430491891 ], [ -84.501463235837875, 33.749840430271774 ], [ -84.501667236052384, 33.749643430531911 ], [ -84.501786235878058, 33.749497430478172 ], [ -84.501914235924588, 33.749313429483408 ], [ -84.502033235750261, 33.74915143039167 ], [ -84.502314235059345, 33.748737430409442 ], [ -84.502590235243872, 33.74828042952624 ], [ -84.503070236541205, 33.747552429674535 ], [ -84.503085235711509, 33.747529429797055 ], [ -84.503818235830522, 33.746495429842163 ], [ -84.50445723623821, 33.745535429311005 ], [ -84.505141235953417, 33.744485429124225 ], [ -84.505799236627681, 33.743507428566552 ], [ -84.506375236387854, 33.742691428457753 ], [ -84.507800236617996, 33.740614428010147 ], [ -84.508414237809646, 33.739637428384242 ], [ -84.508540237308011, 33.73968842763302 ], [ -84.508783237880579, 33.739802427513922 ], [ -84.50890223770628, 33.739858427897957 ], [ -84.509188237038217, 33.740029427323648 ], [ -84.510031237660414, 33.740603427634326 ], [ -84.51023723752472, 33.740727428664954 ], [ -84.510354237700597, 33.74074842840006 ], [ -84.51044623776211, 33.741222427776087 ], [ -84.510462238553927, 33.741441427978955 ] ] ] ] } },
{ "type": "Feature", "properties": { "STATEFP": "13", "COUNTYFP": "121", "TRACTCE": "008000", "GEOID": "13121008000", "GEOIDFQ": "1400000US13121008000", "NAME": "80", "NAMELSAD": "Census Tract 80", "MTFCC": "G5020", "FUNCSTAT": "S", "ALAND": 5912367.0, "AWATER": 0.0, "INTPTLAT": "+33.7245321", "INTPTLON": "-084.4555814", "OBJECTID": 998, "CensusTract": "13121008000", "State": "Georgia", "County": "Fulton County", "Urban": 1, "Pop2010": 4875, "OHU2010": 1869, "GroupQuartersFlag": 0, "NUMGQTRS": 4, "PCTGQTRS": 0.082051282, "LILATracts_1And10": 1, "LILATracts_halfAnd10": 1, "LILATracts_1And20": 1, "LILATracts_Vehicle": 1, "Shape_Length": 17843.062025089937, "Shape_Area": 8569074.5846588388 }, "geometry": { "type": "MultiPolygon", "coordinates": [ [ [ [ -84.473748226740952, 33.735925428455388 ], [ -84.473047226408994, 33.738213429208066 ], [ -84.472894227146426, 33.738712428925851 ], [ -84.473533226655789, 33.739505429001397 ], [ -84.470462226262569, 33.73819242959943 ], [ -84.468489225861333, 33.735879428434892 ], [ -84.468381225007988, 33.735789428908063 ], [ -84.467071225303883, 33.734782428661397 ], [ -84.465833224671499, 33.733813427907613 ], [ -84.464133224081735, 33.734213428317744 ], [ -84.464160223845909, 33.734444428467185 ], [ -84.464433224555705, 33.736813428856983 ], [ -84.461233223392725, 33.738213429955103 ], [ -84.458633222279389, 33.738013429596229 ], [ -84.458933222753359, 33.736913428625918 ], [ -84.45703322124875, 33.734713428449226 ], [ -84.455461221603812, 33.733697428396148 ], [ -84.452033220835204, 33.730813428148075 ], [ -84.448351219623405, 33.730864428159762 ], [ -84.448409219349713, 33.731491428111077 ], [ -84.448369220065047, 33.731573428653675 ], [ -84.448317219288199, 33.732502427970147 ], [ -84.448278218930142, 33.733187428065115 ], [ -84.448249219516157, 33.733711428371272 ], [ -84.447501219328515, 33.73370342881266 ], [ -84.445122218148114, 33.733693428616263 ], [ -84.445125218521142, 33.732602428281282 ], [ -84.445127218170967, 33.731476428176464 ], [ -84.445129218719131, 33.730892428285067 ], [ -84.446297219031322, 33.730896428195528 ], [ -84.446349218909845, 33.730874428685816 ], [ -84.446362219328634, 33.73084242864185 ], [ -84.446393218392458, 33.729300428209662 ], [ -84.446358219130673, 33.729150427904024 ], [ -84.446281219137788, 33.729074428027587 ], [ -84.446095218466638, 33.72899142771211 ], [ -84.443654217361924, 33.727784427329581 ], [ -84.443539217734212, 33.727703428037408 ], [ -84.44391021745497, 33.72745342696367 ], [ -84.444930218527489, 33.72677242752038 ], [ -84.445115217577097, 33.726648427987008 ], [ -84.44526621808815, 33.726677427646926 ], [ -84.44542221862207, 33.726677427646926 ], [ -84.446124218778934, 33.726606427586304 ], [ -84.446320218597535, 33.726573427043533 ], [ -84.446538219055725, 33.726520427413149 ], [ -84.447173218367126, 33.726302426883592 ], [ -84.447524218894742, 33.726151426908402 ], [ -84.448217218830791, 33.725907427505348 ], [ -84.448476219296865, 33.725800426978751 ], [ -84.449147219491607, 33.725559426323642 ], [ -84.44949822001918, 33.72540142736522 ], [ -84.449646219258895, 33.725298427126326 ], [ -84.449782219701319, 33.72516342684365 ], [ -84.449860219519124, 33.725052426701176 ], [ -84.449997218888157, 33.724799426351566 ], [ -84.450111219589289, 33.724525426038348 ], [ -84.450197219803016, 33.72425042741046 ], [ -84.450425219408643, 33.723520426724683 ], [ -84.450418219735965, 33.723480426415591 ], [ -84.450319220001759, 33.723289426307616 ], [ -84.450252219156297, 33.723220425819875 ], [ -84.449866219366911, 33.722861426783538 ], [ -84.449766218909474, 33.722781426279639 ], [ -84.449570219090901, 33.722670426792526 ], [ -84.449366218876392, 33.722599426405907 ], [ -84.449177218730512, 33.722564426414628 ], [ -84.44890421891904, 33.72255142656374 ], [ -84.448334218108329, 33.722546426563042 ], [ -84.446773218334059, 33.722539426412212 ], [ -84.444789218062184, 33.722530426857794 ], [ -84.44468321775696, 33.722530426857794 ], [ -84.443571217521267, 33.722525426855938 ], [ -84.443168217115129, 33.722523426705656 ], [ -84.442366216500815, 33.722520426106549 ], [ -84.442176216530029, 33.722519426404951 ], [ -84.441217216455215, 33.722515426851238 ], [ -84.439913216598882, 33.722509427146775 ], [ -84.438758215807169, 33.722503426694722 ], [ -84.437798215907435, 33.722495426838435 ], [ -84.43762321600525, 33.722494427136539 ], [ -84.436540215183555, 33.722481426527814 ], [ -84.436421215357868, 33.722479426376559 ], [ -84.435535215077977, 33.722464426361086 ], [ -84.434152214680637, 33.722439426329487 ], [ -84.432529214083772, 33.722409427029106 ], [ -84.432558213497771, 33.718440426621257 ], [ -84.432599213505654, 33.718146426652488 ], [ -84.432739214146039, 33.717714426366278 ], [ -84.432781213978828, 33.717488425564923 ], [ -84.432795214222537, 33.715817425195993 ], [ -84.432786214001709, 33.715725425990321 ], [ -84.432757213689399, 33.715635425502363 ], [ -84.432582213787214, 33.715256425924522 ], [ -84.432511213642101, 33.715148425036617 ], [ -84.433175214164152, 33.714841425479307 ], [ -84.433849213833611, 33.714591425053221 ], [ -84.434026214283932, 33.714531425440427 ], [ -84.434197213988156, 33.714534425571514 ], [ -84.435607215048009, 33.714553425402954 ], [ -84.436565215297918, 33.714564424634894 ], [ -84.437116215842039, 33.714570424894617 ], [ -84.437700215998134, 33.71457742569531 ], [ -84.438826215579226, 33.714591425053221 ], [ -84.439480215157218, 33.714599424898815 ], [ -84.439820215814166, 33.714603424821277 ], [ -84.440399215947394, 33.714609425078329 ], [ -84.44075921669581, 33.714614425541299 ], [ -84.442225216933821, 33.714631425020883 ], [ -84.4440382175015, 33.714652425164516 ], [ -84.446732218326162, 33.714693424896495 ], [ -84.448375218116212, 33.714713425232517 ], [ -84.44960021832982, 33.714730424692497 ], [ -84.451982218984952, 33.714763424557674 ], [ -84.45352121991624, 33.714788424582977 ], [ -84.456885221110753, 33.715109424350537 ], [ -84.457975221605125, 33.71520942400501 ], [ -84.458529221624005, 33.715239425074209 ], [ -84.459043221459893, 33.715306424186238 ], [ -84.459538221927531, 33.715408424674614 ], [ -84.459673221646753, 33.715426424528452 ], [ -84.461432222686057, 33.715441424279213 ], [ -84.461569222953386, 33.715456424774587 ], [ -84.461681222208085, 33.715490424891442 ], [ -84.461782222490427, 33.715542424077114 ], [ -84.462569222137802, 33.716106424545018 ], [ -84.464568223376617, 33.717539425275369 ], [ -84.465529223999567, 33.718228424254349 ], [ -84.466196223098024, 33.718707424973282 ], [ -84.467039223720207, 33.719310425114031 ], [ -84.467140224002549, 33.719364425198805 ], [ -84.467272224247026, 33.719404425184351 ], [ -84.467452224172078, 33.719415425289178 ], [ -84.468068224115243, 33.719361424489335 ], [ -84.468655223746069, 33.719295425292003 ], [ -84.469216225234263, 33.719251424802671 ], [ -84.469198224792592, 33.720548424802253 ], [ -84.469219224708993, 33.720645424928939 ], [ -84.471548225660683, 33.720167425038817 ], [ -84.472288225452402, 33.720015425000618 ], [ -84.472306225894059, 33.720127424661591 ], [ -84.472180226395679, 33.72373442585765 ], [ -84.472164225603834, 33.724030426230023 ], [ -84.472134225466604, 33.724277425529735 ], [ -84.472053225275758, 33.724669425908452 ], [ -84.471929226325514, 33.725055425717457 ], [ -84.471808225951676, 33.725341426341622 ], [ -84.471500225980108, 33.725966426977514 ], [ -84.470611225327175, 33.727768426359404 ], [ -84.469763225580436, 33.729486427298177 ], [ -84.469683226112807, 33.72971442712516 ], [ -84.469661225473189, 33.729875426703551 ], [ -84.472092226532141, 33.733241428384325 ], [ -84.475033227229005, 33.735113428398826 ], [ -84.473748226740952, 33.735925428455388 ] ] ] ] } },
{ "type": "Feature", "properties": { "STATEFP": "13", "COUNTYFP": "121", "TRACTCE": "004800", "GEOID": "13121004800", "GEOIDFQ": "1400000US13121004800", "NAME": "48", "NAMELSAD": "Census Tract 48", "MTFCC": "G5020", "FUNCSTAT": "S", "ALAND": 377050.0, "AWATER": 0.0, "INTPTLAT": "+33.7444351", "INTPTLON": "-084.3839950", "OBJECTID": 957, "CensusTract": "13121004800", "State": "Georgia", "County": "Fulton County", "Urban": 1, "Pop2010": 936, "OHU2010": 579, "GroupQuartersFlag": 0, "NUMGQTRS": 0, "PCTGQTRS": 0.0, "LILATracts_1And10": 1, "LILATracts_halfAnd10": 1, "LILATracts_1And20": 1, "LILATracts_Vehicle": 1, "Shape_Length": 3151.766459336061, "Shape_Area": 546725.30638777348 }, "geometry": { "type": "MultiPolygon", "coordinates": [ [ [ [ -84.387775202324477, 33.74312043311884 ], [ -84.387772202849746, 33.743303433749041 ], [ -84.38776920247669, 33.743537433190085 ], [ -84.387761202080767, 33.744032433265453 ], [ -84.387756202956226, 33.744253433407302 ], [ -84.387756202956226, 33.744463433098957 ], [ -84.387754202408075, 33.744611433888871 ], [ -84.387748202560303, 33.745007433252603 ], [ -84.387744202362342, 33.745228433869968 ], [ -84.387728202468821, 33.746353433329027 ], [ -84.387725202095766, 33.746560434095869 ], [ -84.38771920314629, 33.74671543392801 ], [ -84.387712202575287, 33.746906434179152 ], [ -84.387210202434972, 33.746938433460073 ], [ -84.386945202121098, 33.74693643387883 ], [ -84.386214202550207, 33.746930434387913 ], [ -84.38506120230663, 33.74691943407521 ], [ -84.383845201415539, 33.746909434672503 ], [ -84.382684201674365, 33.746897433445582 ], [ -84.381525200684678, 33.746887434040296 ], [ -84.380717201120902, 33.746879434216417 ], [ -84.380452199908717, 33.746876433722093 ], [ -84.380464200502601, 33.745621434328349 ], [ -84.380477200023066, 33.744010433389143 ], [ -84.380454200456853, 33.743978433762727 ], [ -84.380428199619274, 33.743967433818376 ], [ -84.380111200325189, 33.743959433722118 ], [ -84.379689199652489, 33.743965434167869 ], [ -84.379336199475063, 33.74397043292057 ], [ -84.379347200244027, 33.7438934332732 ], [ -84.379347200244027, 33.743811434048084 ], [ -84.3793591999396, 33.743765433774321 ], [ -84.379362200312642, 33.743434433805255 ], [ -84.379365199787372, 33.743241433624178 ], [ -84.379369199985334, 33.742810433625785 ], [ -84.379373200183309, 33.742476433057888 ], [ -84.3793591999396, 33.742414433082224 ], [ -84.380496200289656, 33.74242843312885 ], [ -84.381541200578198, 33.742441433703668 ], [ -84.381784201150765, 33.74243343271808 ], [ -84.382259201526907, 33.742340433438095 ], [ -84.382775201012635, 33.742162432599294 ], [ -84.383048200824106, 33.742086433043497 ], [ -84.383349201122996, 33.742031432841301 ], [ -84.383697201277542, 33.74199543308378 ], [ -84.384001201051149, 33.742001432919913 ], [ -84.38567520170163, 33.742015433033956 ], [ -84.385945202038371, 33.74199543308378 ], [ -84.386287202345144, 33.741944432965639 ], [ -84.386656201517752, 33.741901432359079 ], [ -84.387536201949871, 33.741898433184538 ], [ -84.387793202766147, 33.741886432750434 ], [ -84.387775202324477, 33.74312043311884 ] ] ] ] } },
{ "type": "Feature", "properties": { "STATEFP": "13", "COUNTYFP": "121", "TRACTCE": "008202", "GEOID": "13121008202", "GEOIDFQ": "1400000US13121008202", "NAME": "82.02", "NAMELSAD": "Census Tract 82.02", "MTFCC": "G5020", "FUNCSTAT": "S", "ALAND": 6978663.0, "AWATER": 146663.0, "INTPTLAT": "+33.7793369", "INTPTLON": "-084.5210056", "OBJECTID": 1002, "CensusTract": "13121008202", "State": "Georgia", "County": "Fulton County", "Urban": 1, "Pop2010": 1893, "OHU2010": 702, "GroupQuartersFlag": 0, "NUMGQTRS": 25, "PCTGQTRS": 1.320655045, "LILATracts_1And10": 1, "LILATracts_halfAnd10": 1, "LILATracts_1And20": 1, "LILATracts_Vehicle": 1, "Shape_Length": 13928.75649629532, "Shape_Area": 10340518.756040921 }, "geometry": { "type": "MultiPolygon", "coordinates": [ [ [ [ -84.533511247148169, 33.779389435162386 ], [ -84.533343246020365, 33.779579435255535 ], [ -84.533298246712846, 33.779671435424291 ], [ -84.533242246636362, 33.779684435578126 ], [ -84.53315224622466, 33.779802435161258 ], [ -84.533008247182934, 33.780048435351382 ], [ -84.532897245956548, 33.78021043578277 ], [ -84.532705246335922, 33.780363435701474 ], [ -84.532490246250759, 33.780709435983482 ], [ -84.532387246318592, 33.780807435045389 ], [ -84.532295246257092, 33.780955435808551 ], [ -84.532175245708174, 33.781120435313554 ], [ -84.531985245737388, 33.781295435119993 ], [ -84.53186124588882, 33.781385436161159 ], [ -84.531717245948769, 33.781545436036453 ], [ -84.531655246024499, 33.781701436579063 ], [ -84.531508245711407, 33.781889435764185 ], [ -84.531415245824974, 33.782014436566676 ], [ -84.530996246423641, 33.782348435408721 ], [ -84.530753245851088, 33.78246443630244 ], [ -84.530543245788792, 33.782642435591754 ], [ -84.53045824539997, 33.782727436485096 ], [ -84.530324245505668, 33.782775436996261 ], [ -84.53017824591582, 33.782862436500835 ], [ -84.530086244955996, 33.782912436425001 ], [ -84.530029245054578, 33.782968436275581 ], [ -84.52989424533537, 33.783033436016161 ], [ -84.529837245433953, 33.783082436844779 ], [ -84.529606245455284, 33.783182436407031 ], [ -84.529489245279407, 33.783257436375443 ], [ -84.529153244820435, 33.783454436507192 ], [ -84.528990245512134, 33.783566436209469 ], [ -84.528677245517684, 33.783720436587608 ], [ -84.528604244824436, 33.783792436136054 ], [ -84.528385245439637, 33.783902436677437 ], [ -84.528278245309508, 33.784010436121207 ], [ -84.528155244387548, 33.784051436303031 ], [ -84.527876245626615, 33.78425943610349 ], [ -84.527580245350606, 33.784357436329735 ], [ -84.527351245021748, 33.784541436756349 ], [ -84.527023244060359, 33.78469443640423 ], [ -84.526785245307309, 33.784869436373988 ], [ -84.526614244704774, 33.784886436863971 ], [ -84.526357244786823, 33.785088437069575 ], [ -84.525935244114109, 33.785375436557061 ], [ -84.525834243831781, 33.78537243666365 ], [ -84.525712244531348, 33.785430436575346 ], [ -84.525477244354718, 33.785669436801065 ], [ -84.525164244360283, 33.785830437342476 ], [ -84.525096244588212, 33.785922436769347 ], [ -84.524657244197059, 33.786107437273436 ], [ -84.524212244856457, 33.78633043735384 ], [ -84.52396924428389, 33.786393437375118 ], [ -84.523555244007099, 33.786577437906715 ], [ -84.523268243951932, 33.786681437415481 ], [ -84.522609244351074, 33.786937437218882 ], [ -84.521848243744657, 33.787327437752282 ], [ -84.52165324375099, 33.787423437323994 ], [ -84.521524242981243, 33.787394438047997 ], [ -84.520993243426901, 33.787644437585442 ], [ -84.520595243043644, 33.787771437575593 ], [ -84.520464243522397, 33.787884438037473 ], [ -84.520318243034225, 33.787998438035217 ], [ -84.518751243412154, 33.788702438077067 ], [ -84.517994242105388, 33.789099437982095 ], [ -84.51751424260469, 33.789322438482927 ], [ -84.517347243098413, 33.789400438052283 ], [ -84.51705324247223, 33.78955443839083 ], [ -84.516582242294035, 33.789801437856084 ], [ -84.515863242418718, 33.790175438259325 ], [ -84.515470242058342, 33.790426438292549 ], [ -84.51496024152209, 33.790740438145683 ], [ -84.514299241373095, 33.791102438663415 ], [ -84.513768240920456, 33.791370438914456 ], [ -84.513361241214668, 33.791622438819779 ], [ -84.51272324153021, 33.792020439008013 ], [ -84.512693240494656, 33.792006438848979 ], [ -84.512236241458481, 33.792219438408353 ], [ -84.511943241555542, 33.792450438298822 ], [ -84.51135124100351, 33.792778439722539 ], [ -84.511093240362342, 33.792873439526964 ], [ -84.510963240666001, 33.792942439216652 ], [ -84.510887240498022, 33.792997438853689 ], [ -84.510746240931027, 33.793066439189978 ], [ -84.510717240618703, 33.793118439125379 ], [ -84.510604240640802, 33.79323843885571 ], [ -84.510434240761484, 33.79328643944725 ], [ -84.510273240204697, 33.793381439434512 ], [ -84.510228240897149, 33.793426438841578 ], [ -84.510119240218899, 33.793495439578606 ], [ -84.509898241184274, 33.793660438811109 ], [ -84.509813240795467, 33.793704439199722 ], [ -84.509740241000543, 33.7937424388724 ], [ -84.509729240231565, 33.793747439201333 ], [ -84.50968523985064, 33.793778439293305 ], [ -84.509658240086452, 33.793844439403536 ], [ -84.509588239766245, 33.793904439527395 ], [ -84.50951023994844, 33.793942439111348 ], [ -84.509455239696862, 33.794012439047229 ], [ -84.509418239886941, 33.794023439287898 ], [ -84.509293240213481, 33.794156439439263 ], [ -84.509219239695312, 33.79419643962963 ], [ -84.509119240136201, 33.794264439387725 ], [ -84.509082239427954, 33.794296439650424 ], [ -84.509015240379114, 33.794361439004071 ], [ -84.508954240279749, 33.794433440056629 ], [ -84.508934240188267, 33.794470439796356 ], [ -84.508860240568424, 33.794469439440405 ], [ -84.508774240354697, 33.794613439810249 ], [ -84.508709240955682, 33.794653439040538 ], [ -84.508645240483261, 33.794741439520934 ], [ -84.508542239652783, 33.794816439816508 ], [ -84.508497239446953, 33.794891439299839 ], [ -84.508463240010073, 33.794918439814452 ], [ -84.508385240192268, 33.795009439578315 ], [ -84.508371239948573, 33.795052439670961 ], [ -84.508332240488826, 33.795114439645026 ], [ -84.508285239734846, 33.795159440380758 ], [ -84.508214240488044, 33.795249439541571 ], [ -84.508011240098469, 33.795445440107343 ], [ -84.507982239786131, 33.795493439461403 ], [ -84.507952239648915, 33.795514439217015 ], [ -84.507927240432863, 33.795543440221913 ], [ -84.507311239591402, 33.795246439994102 ], [ -84.50714324026022, 33.795166439829444 ], [ -84.506599239388791, 33.794928439588169 ], [ -84.506555239906177, 33.794912439203145 ], [ -84.505841240053726, 33.794613439810249 ], [ -84.505545239777717, 33.794511440195429 ], [ -84.505231239060066, 33.794432439700294 ], [ -84.504882239080587, 33.794359439782696 ], [ -84.504619238416552, 33.794331439480793 ], [ -84.504190238969457, 33.794301439946999 ], [ -84.502769238038965, 33.794213439760846 ], [ -84.502428238455408, 33.794177439522862 ], [ -84.502069238430224, 33.794126439844149 ], [ -84.501685238290676, 33.794045439765057 ], [ -84.501266237991018, 33.793941439495768 ], [ -84.501029237266238, 33.793852440069479 ], [ -84.500771238421692, 33.793755439876399 ], [ -84.500293237672494, 33.793569439852853 ], [ -84.499825237867341, 33.793361439524517 ], [ -84.499419237088148, 33.793148439820285 ], [ -84.499022237428136, 33.792898439182892 ], [ -84.498660237029881, 33.792634439252211 ], [ -84.49834423666239, 33.792341439413875 ], [ -84.498052236584343, 33.792101439510013 ], [ -84.49719223624372, 33.791196439186834 ], [ -84.496917236782423, 33.790829439314066 ], [ -84.496194235810833, 33.789863438646741 ], [ -84.495771236211539, 33.789312438800991 ], [ -84.49484523574867, 33.788215438829596 ], [ -84.494427236172257, 33.787788438982609 ], [ -84.493793234889111, 33.787240439050699 ], [ -84.493163235600576, 33.786853437962691 ], [ -84.493017235112404, 33.786769438624113 ], [ -84.494753235687156, 33.784558438058028 ], [ -84.494940236183226, 33.784270438343867 ], [ -84.49517323581172, 33.783820437644756 ], [ -84.495488235455994, 33.783215437565978 ], [ -84.495749235571907, 33.782494437743772 ], [ -84.495863235374728, 33.782197437048119 ], [ -84.495929235496959, 33.781886437241916 ], [ -84.495987236121607, 33.781303436958545 ], [ -84.495984235748566, 33.781100437019518 ], [ -84.496002235291911, 33.78062543733828 ], [ -84.496037235451993, 33.778744436712934 ], [ -84.496056234820244, 33.774167435366756 ], [ -84.496016234637281, 33.773582435855502 ], [ -84.495956235261147, 33.773004435850133 ], [ -84.495909235405477, 33.772650435401886 ], [ -84.495861234826592, 33.772350435319801 ], [ -84.49577423568627, 33.771968435755937 ], [ -84.495550234481968, 33.771162435013373 ], [ -84.495315234305309, 33.770566435626804 ], [ -84.495024234950506, 33.76966443518311 ], [ -84.494921235018339, 33.769425434355909 ], [ -84.494736235070405, 33.768994434547402 ], [ -84.494659235077521, 33.768814433963087 ], [ -84.494093234464785, 33.767889434849302 ], [ -84.494711234057732, 33.767890434768915 ], [ -84.495789234856559, 33.767893434527885 ], [ -84.496541234343837, 33.767899434045383 ], [ -84.496762235175098, 33.767920433846989 ], [ -84.496983235108033, 33.767959434425066 ], [ -84.497353235902196, 33.768067434554439 ], [ -84.499219236173317, 33.768787434925613 ], [ -84.499552236259248, 33.768873433793836 ], [ -84.500102236080153, 33.76896143463037 ], [ -84.500583236304095, 33.769000434734586 ], [ -84.50103623693893, 33.768998434174406 ], [ -84.50133523668967, 33.768976433983219 ], [ -84.501962236503473, 33.768907434399281 ], [ -84.502151236649354, 33.768871434724183 ], [ -84.50231423685598, 33.768812434892062 ], [ -84.502447236925363, 33.768740433953361 ], [ -84.503312237288853, 33.768136434068005 ], [ -84.503641237176836, 33.76798543380481 ], [ -84.503846237216237, 33.767937433967113 ], [ -84.503952236623149, 33.767934434209742 ], [ -84.504070236623932, 33.767946433985415 ], [ -84.50502023827454, 33.768143434231995 ], [ -84.505300237758718, 33.768232433493644 ], [ -84.505631237296498, 33.768381434240482 ], [ -84.505954238235006, 33.768532434552576 ], [ -84.506214237627688, 33.76862343397918 ], [ -84.506411238169491, 33.76865343429413 ], [ -84.506725237988846, 33.768654434204883 ], [ -84.507325238038462, 33.768658433847762 ], [ -84.507500238838986, 33.768697433343178 ], [ -84.507665238695409, 33.768771434136752 ], [ -84.508650239607832, 33.769463434347628 ], [ -84.509249238934217, 33.769804434364445 ], [ -84.509461238646324, 33.769879434098463 ], [ -84.509768238792986, 33.769909433973673 ], [ -84.510837239370986, 33.769938434689422 ], [ -84.513814240951206, 33.770164433982572 ], [ -84.513970240586801, 33.770146434410947 ], [ -84.514334240634881, 33.771883434639996 ], [ -84.514477240750011, 33.772344433873734 ], [ -84.51453524047632, 33.772475435108326 ], [ -84.51461424101737, 33.772598434238297 ], [ -84.514926241186885, 33.773017434775582 ], [ -84.515048240487317, 33.773126434362098 ], [ -84.515377241273612, 33.772853434458284 ], [ -84.515513240817725, 33.772752434921649 ], [ -84.515922241071635, 33.772447434371031 ], [ -84.516159240898105, 33.772279434982401 ], [ -84.517203241361742, 33.771575434352847 ], [ -84.518157241413689, 33.77096043407446 ], [ -84.518765241859242, 33.770528434630741 ], [ -84.519209241374938, 33.770262433907106 ], [ -84.519698241994803, 33.76999243352396 ], [ -84.519855242353628, 33.770055434361531 ], [ -84.520066242240816, 33.770146433664181 ], [ -84.520251242188749, 33.770242433824926 ], [ -84.520527242373262, 33.770425434066745 ], [ -84.520768242397693, 33.770612433469331 ], [ -84.52300924258752, 33.772340434402906 ], [ -84.52466124439502, 33.773603434264309 ], [ -84.525553243624373, 33.774265434446221 ], [ -84.526122244610178, 33.774644435446625 ], [ -84.526723244484714, 33.775085435059673 ], [ -84.527384244633694, 33.775526434642629 ], [ -84.527622245183395, 33.775656434916144 ], [ -84.527840244743274, 33.775795434186186 ], [ -84.528228245080797, 33.776045435475133 ], [ -84.528377245043714, 33.776157435158879 ], [ -84.528831245503483, 33.776434435014387 ], [ -84.53116824595277, 33.777750435114434 ], [ -84.533163246993624, 33.778910435788255 ], [ -84.533754245924101, 33.779228435205525 ], [ -84.533511247148169, 33.779389435162386 ] ] ] ] } },
{ "type": "Feature", "properties": { "STATEFP": "13", "COUNTYFP": "121", "TRACTCE": "008301", "GEOID": "13121008301", "GEOIDFQ": "1400000US13121008301", "NAME": "83.01", "NAMELSAD": "Census Tract 83.01", "MTFCC": "G5020", "FUNCSTAT": "S", "ALAND": 2628176.0, "AWATER": 0.0, "INTPTLAT": "+33.7642260", "INTPTLON": "-084.4588619", "OBJECTID": 1003, "CensusTract": "13121008301", "State": "Georgia", "County": "Fulton County", "Urban": 1, "Pop2010": 2903, "OHU2010": 1046, "GroupQuartersFlag": 0, "NUMGQTRS": 68, "PCTGQTRS": 2.342404409, "LILATracts_1And10": 1, "LILATracts_halfAnd10": 1, "LILATracts_1And20": 1, "LILATracts_Vehicle": 1, "Shape_Length": 11057.179675898622, "Shape_Area": 3812633.3432792346 }, "geometry": { "type": "MultiPolygon", "coordinates": [ [ [ [ -84.471446227350057, 33.769487435709358 ], [ -84.471368227532253, 33.769487435709358 ], [ -84.470230228255616, 33.769495436410686 ], [ -84.46989322797171, 33.769502435716888 ], [ -84.468740226829823, 33.769562435720843 ], [ -84.468197227579935, 33.769594435506633 ], [ -84.46750122727083, 33.769594435506633 ], [ -84.46690622634577, 33.769568435868308 ], [ -84.46668122711317, 33.769544436022805 ], [ -84.466412226601349, 33.769515435920468 ], [ -84.465651225994932, 33.769386435938621 ], [ -84.465342226198445, 33.769351435620614 ], [ -84.465003226264741, 33.769344435555318 ], [ -84.464654226285276, 33.769367435554393 ], [ -84.464361226382323, 33.769414436182728 ], [ -84.464049226212779, 33.769508435868559 ], [ -84.463741225342901, 33.769634435222066 ], [ -84.462592225297271, 33.770095436102039 ], [ -84.462426225615914, 33.770136436223773 ], [ -84.462213226078916, 33.7701644362228 ], [ -84.461411225464602, 33.77019143631987 ], [ -84.461202225227225, 33.770196436530533 ], [ -84.459066224619363, 33.770297436093195 ], [ -84.458864224054707, 33.77030643661039 ], [ -84.45849222450903, 33.770326436677621 ], [ -84.458090223927812, 33.770322436365852 ], [ -84.457748224519364, 33.770302436297676 ], [ -84.457143224446867, 33.770239435641706 ], [ -84.457062224256006, 33.770231436503366 ], [ -84.45649022379547, 33.770217436515971 ], [ -84.456407223056488, 33.770014436441272 ], [ -84.456307224395687, 33.769820436453877 ], [ -84.45619022421981, 33.769651436495664 ], [ -84.45604722410468, 33.769495436410686 ], [ -84.455901223616507, 33.769375436266948 ], [ -84.455567223705671, 33.76914343620949 ], [ -84.455303223216703, 33.768993436134089 ], [ -84.455046223298751, 33.76887443594228 ], [ -84.454789222482489, 33.768776435923755 ], [ -84.454532223462849, 33.768697435583434 ], [ -84.454268222973894, 33.768633436076698 ], [ -84.454000223185304, 33.768585435855201 ], [ -84.453741222719202, 33.768555436263171 ], [ -84.453457223037091, 33.768538436265658 ], [ -84.452629222483509, 33.768522435430356 ], [ -84.451488222833802, 33.768505436173058 ], [ -84.45044322164695, 33.768492436563037 ], [ -84.449286222103723, 33.768478436291446 ], [ -84.448059221341978, 33.768462436938435 ], [ -84.447003221182783, 33.76844943582833 ], [ -84.445869220307458, 33.768435436296549 ], [ -84.444774220688515, 33.768421436762431 ], [ -84.44467722060412, 33.768420436848949 ], [ -84.444521220070186, 33.768410436220115 ], [ -84.44436421971136, 33.768384436969249 ], [ -84.442989219709943, 33.768083436221538 ], [ -84.442755219358204, 33.768053435706967 ], [ -84.442670219867708, 33.768056436206955 ], [ -84.441015219483788, 33.768054436371514 ], [ -84.440970219277958, 33.767839435864083 ], [ -84.440948218638326, 33.767613436412873 ], [ -84.440963218706941, 33.766817436592788 ], [ -84.440982218973517, 33.766024436670946 ], [ -84.440990219369425, 33.765628435798263 ], [ -84.441033219027148, 33.763585435778943 ], [ -84.442500219988403, 33.763594435507486 ], [ -84.443414219857374, 33.763603435981906 ], [ -84.443604219828174, 33.763634435036415 ], [ -84.443783219928321, 33.763693435446349 ], [ -84.443960220378642, 33.763791435303411 ], [ -84.444463220343877, 33.764160435207593 ], [ -84.444600219712925, 33.764246435732126 ], [ -84.444739220528419, 33.764315435335085 ], [ -84.44490021928857, 33.764377435905061 ], [ -84.445076219913986, 33.764419435735661 ], [ -84.445190220615117, 33.764424435536313 ], [ -84.445303220593019, 33.764412435267467 ], [ -84.445402220327225, 33.764388435471474 ], [ -84.445530220373755, 33.76433843519041 ], [ -84.445704220451006, 33.764242435883318 ], [ -84.446094220438354, 33.763961434835338 ], [ -84.446383220143346, 33.763810435430337 ], [ -84.446697219962701, 33.763703435878902 ], [ -84.447027220573901, 33.763642435537399 ], [ -84.447373221078621, 33.763627434504102 ], [ -84.448315220536685, 33.763621435434281 ], [ -84.448861221057967, 33.763635435005732 ], [ -84.449034221310328, 33.763654435167254 ], [ -84.449251221045301, 33.76371543550021 ], [ -84.449465221305545, 33.76382143506958 ], [ -84.449599222098158, 33.76392443535687 ], [ -84.449689221611521, 33.764019435055324 ], [ -84.450082221971925, 33.76452143534528 ], [ -84.450220222064189, 33.76463643577727 ], [ -84.450385221022316, 33.764727435607128 ], [ -84.450506221396139, 33.764771435925169 ], [ -84.450649222409581, 33.764802435304013 ], [ -84.450767222410363, 33.764811435651509 ], [ -84.450974222099589, 33.764807435082332 ], [ -84.451127221362157, 33.764780434782374 ], [ -84.451424222361396, 33.76466943511948 ], [ -84.451379222155552, 33.764546435062726 ], [ -84.451331222474977, 33.764123435068285 ], [ -84.451176221765962, 33.762748435235636 ], [ -84.451099221773063, 33.762160435471905 ], [ -84.451051222092488, 33.761953434278816 ], [ -84.450986220896851, 33.761748434808922 ], [ -84.450535221708449, 33.760647434302591 ], [ -84.450496222248702, 33.760497434292802 ], [ -84.450497221175297, 33.760106434073911 ], [ -84.451784222211515, 33.760140434423548 ], [ -84.455481222593619, 33.760204434298203 ], [ -84.456930224011515, 33.760229434527965 ], [ -84.457243224005978, 33.760264434090615 ], [ -84.45734722286474, 33.760291433572732 ], [ -84.457503223398646, 33.760331433896283 ], [ -84.457854223027937, 33.760467434109948 ], [ -84.458910224085457, 33.760876433457788 ], [ -84.459132223843312, 33.760928434266695 ], [ -84.459362223997061, 33.760957434287647 ], [ -84.460252224474914, 33.760968434292991 ], [ -84.460244224977316, 33.760250434715388 ], [ -84.4602082249923, 33.75995743462326 ], [ -84.460362224978098, 33.759941433679437 ], [ -84.461224224070222, 33.759948433766027 ], [ -84.46216622442661, 33.759955433851985 ], [ -84.463154224813749, 33.759963433949537 ], [ -84.463147225141043, 33.758053433528758 ], [ -84.463146225316137, 33.757879433335866 ], [ -84.463146225316137, 33.757817433293411 ], [ -84.46314122439496, 33.756433432646759 ], [ -84.463137224196998, 33.755236432900446 ], [ -84.463004225025927, 33.754392432447737 ], [ -84.462979224013253, 33.754051432353272 ], [ -84.462989224957312, 33.753958432227918 ], [ -84.464152225246622, 33.754344432466112 ], [ -84.464681225151139, 33.754488432330426 ], [ -84.465140225633775, 33.754630432551082 ], [ -84.465572225453911, 33.754737432225348 ], [ -84.465779226041448, 33.754783432588745 ], [ -84.465842225790638, 33.75479743285679 ], [ -84.465944224999575, 33.754815432664564 ], [ -84.466035226134494, 33.754825432639144 ], [ -84.466331226410503, 33.754856432627612 ], [ -84.46654122557446, 33.75487843270902 ], [ -84.466748226162025, 33.754889432000716 ], [ -84.466979225242383, 33.75488643328039 ], [ -84.467863225872463, 33.754810433050295 ], [ -84.467937226390603, 33.754906433211808 ], [ -84.468444226553814, 33.755494431948847 ], [ -84.468632226874789, 33.755777432495819 ], [ -84.468775226091608, 33.756098433545262 ], [ -84.468829226518281, 33.756281432621407 ], [ -84.468864226678392, 33.756474432582849 ], [ -84.468880226571912, 33.756668432907333 ], [ -84.468876226373951, 33.756862432792744 ], [ -84.468909225985897, 33.757102432851916 ], [ -84.468982226679159, 33.757499433575376 ], [ -84.469113227098717, 33.758376433585632 ], [ -84.469195227114483, 33.758871433144691 ], [ -84.46922122615544, 33.759028433174251 ], [ -84.469323227161013, 33.759373433713094 ], [ -84.469347226552131, 33.759451433668431 ], [ -84.469421227070299, 33.759702434115461 ], [ -84.469517226431449, 33.760231433799206 ], [ -84.469751226783188, 33.761631434250504 ], [ -84.469987226784738, 33.763086434414518 ], [ -84.470037227911774, 33.76362643378787 ], [ -84.470020227295024, 33.765207434325163 ], [ -84.470039226663275, 33.765998435202626 ], [ -84.470068227873909, 33.766280434737574 ], [ -84.470122227402271, 33.766567435260512 ], [ -84.470206227966173, 33.76686443488591 ], [ -84.470307228248501, 33.76713443541729 ], [ -84.470429227548934, 33.767392434499548 ], [ -84.47060222780128, 33.767699435712551 ], [ -84.471205228223965, 33.768366434783431 ], [ -84.471948228388712, 33.76914343620949 ], [ -84.471446227350057, 33.769487435709358 ] ] ] ] } },
{ "type": "Feature", "properties": { "STATEFP": "13", "COUNTYFP": "121", "TRACTCE": "008302", "GEOID": "13121008302", "GEOIDFQ": "1400000US13121008302", "NAME": "83.02", "NAMELSAD": "Census Tract 83.02", "MTFCC": "G5020", "FUNCSTAT": "S", "ALAND": 1890470.0, "AWATER": 0.0, "INTPTLAT": "+33.7573898", "INTPTLON": "-084.4522860", "OBJECTID": 1004, "CensusTract": "13121008302", "State": "Georgia", "County": "Fulton County", "Urban": 1, "Pop2010": 2000, "OHU2010": 691, "GroupQuartersFlag": 0, "NUMGQTRS": 179, "PCTGQTRS": 8.95, "LILATracts_1And10": 1, "LILATracts_halfAnd10": 1, "LILATracts_1And20": 1, "LILATracts_Vehicle": 1, "Shape_Length": 7914.3443803714526, "Shape_Area": 2742026.2068159441 }, "geometry": { "type": "MultiPolygon", "coordinates": [ [ [ [ -84.463154224813749, 33.759963433949537 ], [ -84.46216622442661, 33.759955433851985 ], [ -84.461224224070222, 33.759948433766027 ], [ -84.460362224978098, 33.759941433679437 ], [ -84.4602082249923, 33.75995743462326 ], [ -84.460244224977316, 33.760250434715388 ], [ -84.460252224474914, 33.760968434292991 ], [ -84.459362223997061, 33.760957434287647 ], [ -84.459132223843312, 33.760928434266695 ], [ -84.458910224085457, 33.760876433457788 ], [ -84.457854223027937, 33.760467434109948 ], [ -84.457503223398646, 33.760331433896283 ], [ -84.45734722286474, 33.760291433572732 ], [ -84.457243224005978, 33.760264434090615 ], [ -84.456930224011515, 33.760229434527965 ], [ -84.455481222593619, 33.760204434298203 ], [ -84.451784222211515, 33.760140434423548 ], [ -84.450497221175297, 33.760106434073911 ], [ -84.450496222248702, 33.760497434292802 ], [ -84.450535221708449, 33.760647434302591 ], [ -84.450986220896851, 33.761748434808922 ], [ -84.451051222092488, 33.761953434278816 ], [ -84.451099221773063, 33.762160435471905 ], [ -84.451176221765962, 33.762748435235636 ], [ -84.451331222474977, 33.764123435068285 ], [ -84.451379222155552, 33.764546435062726 ], [ -84.451424222361396, 33.76466943511948 ], [ -84.451127221362157, 33.764780434782374 ], [ -84.450974222099589, 33.764807435082332 ], [ -84.450767222410363, 33.764811435651509 ], [ -84.450649222409581, 33.764802435304013 ], [ -84.450506221396139, 33.764771435925169 ], [ -84.450385221022316, 33.764727435607128 ], [ -84.450220222064189, 33.76463643577727 ], [ -84.450082221971925, 33.76452143534528 ], [ -84.449689221611521, 33.764019435055324 ], [ -84.449599222098158, 33.76392443535687 ], [ -84.449465221305545, 33.76382143506958 ], [ -84.449251221045301, 33.76371543550021 ], [ -84.449034221310328, 33.763654435167254 ], [ -84.448861221057967, 33.763635435005732 ], [ -84.448315220536685, 33.763621435434281 ], [ -84.447373221078621, 33.763627434504102 ], [ -84.447027220573901, 33.763642435537399 ], [ -84.446697219962701, 33.763703435878902 ], [ -84.446383220143346, 33.763810435430337 ], [ -84.446094220438354, 33.763961434835338 ], [ -84.445704220451006, 33.764242435883318 ], [ -84.445530220373755, 33.76433843519041 ], [ -84.445402220327225, 33.764388435471474 ], [ -84.445303220593019, 33.764412435267467 ], [ -84.445190220615117, 33.764424435536313 ], [ -84.445076219913986, 33.764419435735661 ], [ -84.44490021928857, 33.764377435905061 ], [ -84.444739220528419, 33.764315435335085 ], [ -84.444600219712925, 33.764246435732126 ], [ -84.444463220343877, 33.764160435207593 ], [ -84.443960220378642, 33.763791435303411 ], [ -84.443783219928321, 33.763693435446349 ], [ -84.443604219828174, 33.763634435036415 ], [ -84.443414219857374, 33.763603435981906 ], [ -84.442500219988403, 33.763594435507486 ], [ -84.441033219027148, 33.763585435778943 ], [ -84.441028219004266, 33.763062434994019 ], [ -84.441049218920654, 33.76278443598936 ], [ -84.441112218669844, 33.762453435501527 ], [ -84.441220218624892, 33.762151434845954 ], [ -84.441290218945085, 33.762016435052054 ], [ -84.44138621920456, 33.761890435699762 ], [ -84.441745218331434, 33.761568434687945 ], [ -84.442219218882698, 33.761200434824268 ], [ -84.443126219078962, 33.760489434245038 ], [ -84.443292219658645, 33.760307435198065 ], [ -84.443422219354972, 33.760106434820763 ], [ -84.443696218991363, 33.759422434631659 ], [ -84.443729219501648, 33.759336433747762 ], [ -84.444230219817058, 33.758028434904837 ], [ -84.444269219276819, 33.757898434026544 ], [ -84.444292219741357, 33.757674434578441 ], [ -84.444323219703492, 33.756998433282227 ], [ -84.44428421934542, 33.756524434464019 ], [ -84.444212219375402, 33.7559984337381 ], [ -84.444142219055195, 33.755478433159389 ], [ -84.444143218880129, 33.755109433222664 ], [ -84.444184218887997, 33.754825433386038 ], [ -84.4443812194298, 33.753964433467829 ], [ -84.444389219825723, 33.753898433250015 ], [ -84.445314219565347, 33.753598433249145 ], [ -84.445872219782188, 33.75342843258359 ], [ -84.446048220407604, 33.753353432644069 ], [ -84.446422219603093, 33.753195432586757 ], [ -84.447051219965047, 33.752943432412728 ], [ -84.447240221009238, 33.752878432997591 ], [ -84.448862219984562, 33.75232143290917 ], [ -84.44933922090884, 33.752163432443865 ], [ -84.450188220480499, 33.751895432766339 ], [ -84.450859221573566, 33.751657432539901 ], [ -84.451654221616835, 33.75138843266248 ], [ -84.452400221256326, 33.75121543250085 ], [ -84.45267822198899, 33.751171431946389 ], [ -84.452859221738962, 33.751159432809786 ], [ -84.453200222220815, 33.75113743252107 ], [ -84.453758221539317, 33.751135432290809 ], [ -84.453909222050385, 33.751145431947684 ], [ -84.454040222469956, 33.751154432235452 ], [ -84.454316222654469, 33.7511784327491 ], [ -84.454629222648919, 33.751221432438896 ], [ -84.455018222811347, 33.751288431843136 ], [ -84.45531222253922, 33.751350432125832 ], [ -84.45537422246349, 33.751363432095133 ], [ -84.455900221994952, 33.751527432457408 ], [ -84.456516222836427, 33.751748432704474 ], [ -84.456740222244107, 33.751828432342577 ], [ -84.45772122295854, 33.752138432849399 ], [ -84.4579422237898, 33.752208432591885 ], [ -84.459050223827532, 33.7525804326119 ], [ -84.460893223634116, 33.753199432204156 ], [ -84.461194223932978, 33.753303432647982 ], [ -84.462723224818518, 33.753870433164863 ], [ -84.462989224957312, 33.753958432227918 ], [ -84.462979224013253, 33.754051432353272 ], [ -84.463004225025927, 33.754392432447737 ], [ -84.463137224196998, 33.755236432900446 ], [ -84.46314122439496, 33.756433432646759 ], [ -84.463146225316137, 33.757817433293411 ], [ -84.463146225316137, 33.757879433335866 ], [ -84.463147225141043, 33.758053433528758 ], [ -84.463154224813749, 33.759963433949537 ] ] ] ] } },
{ "type": "Feature", "properties": { "STATEFP": "13", "COUNTYFP": "121", "TRACTCE": "008400", "GEOID": "13121008400", "GEOIDFQ": "1400000US13121008400", "NAME": "84", "NAMELSAD": "Census Tract 84", "MTFCC": "G5020", "FUNCSTAT": "S", "ALAND": 1778031.0, "AWATER": 0.0, "INTPTLAT": "+33.7618564", "INTPTLON": "-084.4355747", "OBJECTID": 1005, "CensusTract": "13121008400", "State": "Georgia", "County": "Fulton County", "Urban": 1, "Pop2010": 3181, "OHU2010": 1185, "GroupQuartersFlag": 0, "NUMGQTRS": 265, "PCTGQTRS": 8.330713612, "LILATracts_1And10": 1, "LILATracts_halfAnd10": 1, "LILATracts_1And20": 1, "LILATracts_Vehicle": 1, "Shape_Length": 7743.4420460010715, "Shape_Area": 2579215.1088602114 }, "geometry": { "type": "MultiPolygon", "coordinates": [ [ [ [ -84.4443812194298, 33.753964433467829 ], [ -84.444184218887997, 33.754825433386038 ], [ -84.444143218880129, 33.755109433222664 ], [ -84.444142219055195, 33.755478433159389 ], [ -84.444212219375402, 33.7559984337381 ], [ -84.44428421934542, 33.756524434464019 ], [ -84.444323219703492, 33.756998433282227 ], [ -84.444292219741357, 33.757674434578441 ], [ -84.444269219276819, 33.757898434026544 ], [ -84.444230219817058, 33.758028434904837 ], [ -84.443729219501648, 33.759336433747762 ], [ -84.443696218991363, 33.759422434631659 ], [ -84.443422219354972, 33.760106434820763 ], [ -84.443292219658645, 33.760307435198065 ], [ -84.443126219078962, 33.760489434245038 ], [ -84.442219218882698, 33.761200434824268 ], [ -84.441745218331434, 33.761568434687945 ], [ -84.44138621920456, 33.761890435699762 ], [ -84.441290218945085, 33.762016435052054 ], [ -84.441220218624892, 33.762151434845954 ], [ -84.441112218669844, 33.762453435501527 ], [ -84.441049218920654, 33.76278443598936 ], [ -84.441028219004266, 33.763062434994019 ], [ -84.441033219027148, 33.763585435778943 ], [ -84.440990219369425, 33.765628435798263 ], [ -84.440982218973517, 33.766024436670946 ], [ -84.440963218706941, 33.766817436592788 ], [ -84.440948218638326, 33.767613436412873 ], [ -84.440970219277958, 33.767839435864083 ], [ -84.441015219483788, 33.768054436371514 ], [ -84.439596218203121, 33.768052437282755 ], [ -84.438850218563616, 33.768049436782633 ], [ -84.437656218312156, 33.768042436610969 ], [ -84.437041217295601, 33.768036436356653 ], [ -84.436185217152939, 33.768009437074085 ], [ -84.434970217883389, 33.76795643616196 ], [ -84.432934216834667, 33.76790243679109 ], [ -84.431307216938151, 33.767954437070905 ], [ -84.42862721545886, 33.768051437364967 ], [ -84.428111215074821, 33.768087437384565 ], [ -84.42761821515532, 33.768141436638857 ], [ -84.427484215261032, 33.768161437211432 ], [ -84.427450214925827, 33.768164436960852 ], [ -84.42739921487221, 33.76817143637583 ], [ -84.427146215152206, 33.768204437343819 ], [ -84.426805214670367, 33.768250436454323 ], [ -84.426388214918859, 33.768334436779362 ], [ -84.425984214687816, 33.768453436974326 ], [ -84.425500214090832, 33.768628437268376 ], [ -84.425404214729681, 33.767999437144006 ], [ -84.425375215315668, 33.767741436155426 ], [ -84.425357214873998, 33.767570436730637 ], [ -84.425396215232055, 33.767289436886827 ], [ -84.425459214082949, 33.767018436913972 ], [ -84.425537213900753, 33.766836436795629 ], [ -84.425766215127922, 33.766522436675743 ], [ -84.425711213978019, 33.76648343693725 ], [ -84.425569214586105, 33.76633743643751 ], [ -84.42546221445599, 33.766208436898843 ], [ -84.4250192147652, 33.765581436080481 ], [ -84.424736214009684, 33.764851436852858 ], [ -84.424669214062533, 33.764678436974563 ], [ -84.424466213672943, 33.763903436069661 ], [ -84.424395214426127, 33.763506436627523 ], [ -84.427233214292542, 33.763525436070871 ], [ -84.427947215043304, 33.763528436729402 ], [ -84.428110214351605, 33.763529435206323 ], [ -84.429298215653603, 33.763534435805724 ], [ -84.431402216474396, 33.76354443625678 ], [ -84.43146121692395, 33.763391436172832 ], [ -84.431504215683333, 33.763215436412111 ], [ -84.431519216650258, 33.763084435209862 ], [ -84.431526216322965, 33.762831435747394 ], [ -84.431520216475178, 33.762513435960052 ], [ -84.43149421653591, 33.76240243560153 ], [ -84.431452215804796, 33.762222435360364 ], [ -84.431282215925492, 33.761663435504246 ], [ -84.431000215893164, 33.760850435655392 ], [ -84.430885215367127, 33.760520435172651 ], [ -84.430522216042291, 33.75951243475221 ], [ -84.430479215486272, 33.759392435566262 ], [ -84.430399215120332, 33.758987434459605 ], [ -84.430367216231588, 33.758787435493993 ], [ -84.430351216338067, 33.758596434074512 ], [ -84.430356215462623, 33.758406434500316 ], [ -84.430374215005969, 33.758300434955792 ], [ -84.430382215401892, 33.7582304342124 ], [ -84.430404216041524, 33.758038434504627 ], [ -84.43043621582855, 33.7579044349906 ], [ -84.430506216148771, 33.757743434244063 ], [ -84.430659215411325, 33.757431434501882 ], [ -84.43081921614322, 33.757185434349815 ], [ -84.431022215634485, 33.756917434686123 ], [ -84.431251215065032, 33.756709434224774 ], [ -84.43158821534891, 33.756485434657286 ], [ -84.431936215503455, 33.756293434775536 ], [ -84.4320792156186, 33.756232434388536 ], [ -84.432238216525576, 33.756177433549418 ], [ -84.432531216428544, 33.756085434293901 ], [ -84.432815216110654, 33.756010434438146 ], [ -84.432952216377998, 33.755985433724753 ], [ -84.433549216952898, 33.755899434620758 ], [ -84.434197216683103, 33.755805434198763 ], [ -84.436134217099323, 33.755503434020639 ], [ -84.437838217887048, 33.755215433725354 ], [ -84.437997216997388, 33.755189433459165 ], [ -84.438754218304169, 33.755066433242114 ], [ -84.440077218427049, 33.754824434060822 ], [ -84.4409752184025, 33.754673434244104 ], [ -84.441509218329884, 33.754584433599391 ], [ -84.442074218219418, 33.754475433581838 ], [ -84.442169219552284, 33.754457433702676 ], [ -84.443242219429919, 33.754228433084123 ], [ -84.443504219370752, 33.754161433736591 ], [ -84.444035219823391, 33.754013432996878 ], [ -84.444389219825723, 33.753898433250015 ], [ -84.4443812194298, 33.753964433467829 ] ] ] ] } },
{ "type": "Feature", "properties": { "STATEFP": "13", "COUNTYFP": "121", "TRACTCE": "008500", "GEOID": "13121008500", "GEOIDFQ": "1400000US13121008500", "NAME": "85", "NAMELSAD": "Census Tract 85", "MTFCC": "G5020", "FUNCSTAT": "S", "ALAND": 3769244.0, "AWATER": 0.0, "INTPTLAT": "+33.7757842", "INTPTLON": "-084.4442592", "OBJECTID": 1006, "CensusTract": "13121008500", "State": "Georgia", "County": "Fulton County", "Urban": 1, "Pop2010": 3774, "OHU2010": 1333, "GroupQuartersFlag": 0, "NUMGQTRS": 0, "PCTGQTRS": 0.0, "LILATracts_1And10": 1, "LILATracts_halfAnd10": 1, "LILATracts_1And20": 1, "LILATracts_Vehicle": 1, "Shape_Length": 14215.146006379982, "Shape_Area": 5469417.8986999048 }, "geometry": { "type": "MultiPolygon", "coordinates": [ [ [ [ -84.458869224975885, 33.789472440290858 ], [ -84.458629225674699, 33.789516440592116 ], [ -84.45811222546574, 33.789543440562248 ], [ -84.457778224656579, 33.789611440283252 ], [ -84.457688225143201, 33.789640441048114 ], [ -84.456203224638614, 33.790130440129758 ], [ -84.456115223876751, 33.790149440388113 ], [ -84.456020224340506, 33.790166441322967 ], [ -84.455107224296441, 33.79017244077378 ], [ -84.452736224410245, 33.790308440655863 ], [ -84.452625223183858, 33.790196440812622 ], [ -84.45260122379274, 33.790188440551539 ], [ -84.452431223015111, 33.790071440007921 ], [ -84.452136223462318, 33.789916440190169 ], [ -84.451864223475766, 33.789808440729203 ], [ -84.451670223307005, 33.789629440244276 ], [ -84.451608223382721, 33.789505440518937 ], [ -84.451585223816508, 33.78942044112727 ], [ -84.451585223816508, 33.789264440460812 ], [ -84.451647223740778, 33.789140440206822 ], [ -84.451694223596448, 33.789024440143891 ], [ -84.451849223407152, 33.788884440270458 ], [ -84.451996223720229, 33.788745439844433 ], [ -84.452043223575913, 33.788543440799607 ], [ -84.452027223682364, 33.788481440546306 ], [ -84.452027223682364, 33.78831844040073 ], [ -84.452006222867652, 33.788186440568438 ], [ -84.451988223324321, 33.788062440246485 ], [ -84.451895223437901, 33.787759440576842 ], [ -84.451837223711578, 33.787687440630741 ], [ -84.451772223414252, 33.787518440083879 ], [ -84.451740223627198, 33.787463439913466 ], [ -84.45165722288823, 33.787370440210182 ], [ -84.451564223001796, 33.787203440665962 ], [ -84.451416222863784, 33.787102440130873 ], [ -84.451333223921424, 33.787060440220706 ], [ -84.451171223539717, 33.787014440011014 ], [ -84.451041223843376, 33.786967440826281 ], [ -84.450911222350399, 33.786815439712029 ], [ -84.45077222243323, 33.786643439835039 ], [ -84.450698222813386, 33.786491439638894 ], [ -84.450661223003451, 33.786430439842867 ], [ -84.450638222538927, 33.786366439398172 ], [ -84.450596222706139, 33.786245440036588 ], [ -84.450522223086296, 33.786088440597815 ], [ -84.450471223032665, 33.785944440074751 ], [ -84.450471223032665, 33.785815440193886 ], [ -84.450481222180102, 33.785648439856921 ], [ -84.450509222667506, 33.78547243952481 ], [ -84.450509222667506, 33.785412439464693 ], [ -84.450522222187971, 33.785324439847962 ], [ -84.45053622243168, 33.785171439832396 ], [ -84.450532223132029, 33.785046439904683 ], [ -84.450513222865467, 33.784903439590416 ], [ -84.450513222865467, 33.784759440061222 ], [ -84.450513222865467, 33.78461143915208 ], [ -84.450504222644625, 33.78443543892859 ], [ -84.450425223001915, 33.784268439633493 ], [ -84.450422222628859, 33.784131439387444 ], [ -84.45044422237018, 33.784000439552074 ], [ -84.450499222621744, 33.783926439966919 ], [ -84.45060122272902, 33.78383343940876 ], [ -84.450703222836253, 33.783768439528664 ], [ -84.450833222532594, 33.783731439643816 ], [ -84.451055223188774, 33.783676439280995 ], [ -84.451069222534159, 33.783611440028444 ], [ -84.451055223188774, 33.783509439252462 ], [ -84.450911222350399, 33.783403439400736 ], [ -84.450629223216424, 33.783203439928918 ], [ -84.450467222834718, 33.783106439617448 ], [ -84.450282222886784, 33.783046439392869 ], [ -84.449981222587894, 33.78308843977851 ], [ -84.449606222669161, 33.783153439428013 ], [ -84.448866221979145, 33.78336143991627 ], [ -84.448647221696035, 33.78340743910168 ], [ -84.448314221610104, 33.783495439941667 ], [ -84.447958221957961, 33.783574440075768 ], [ -84.447772221286797, 33.78354143905517 ], [ -84.447615221826283, 33.78348143913535 ], [ -84.447462221665404, 33.783464439113096 ], [ -84.447286221938313, 33.783504439072253 ], [ -84.447096221967513, 33.783597439241049 ], [ -84.446976221418609, 33.783643439792982 ], [ -84.446772222102425, 33.783657439079583 ], [ -84.446596222375319, 33.783643439792982 ], [ -84.446444221141036, 33.783666439686371 ], [ -84.446184221748354, 33.783731439643816 ], [ -84.445921221084305, 33.783838439569749 ], [ -84.445680221958199, 33.783875439408376 ], [ -84.445550221363547, 33.783861439410778 ], [ -84.445282221574942, 33.783699439165524 ], [ -84.445120221193235, 33.783532439928472 ], [ -84.445110221147488, 33.783356439727356 ], [ -84.445092221604128, 33.783199439471787 ], [ -84.445064221116738, 33.782847439579122 ], [ -84.44503622152763, 33.782736440176222 ], [ -84.44499022149688, 33.782458439298118 ], [ -84.444897221610461, 33.782273439124133 ], [ -84.444647220466891, 33.782078438770526 ], [ -84.444583220892795, 33.781977438910616 ], [ -84.444518220595469, 33.781875439175145 ], [ -84.444490221006376, 33.781773439318201 ], [ -84.444462220518972, 33.781643439368359 ], [ -84.444462220518972, 33.781504439134807 ], [ -84.444453220298143, 33.781384439385569 ], [ -84.44439722022166, 33.781227439248227 ], [ -84.444388220899128, 33.781125438619554 ], [ -84.444351221089221, 33.781023438616067 ], [ -84.444296219939304, 33.780912439089128 ], [ -84.444286220791881, 33.780819438991358 ], [ -84.444268221248521, 33.780708439200026 ], [ -84.444249220981945, 33.780606439446551 ], [ -84.444138221552194, 33.78051443953548 ], [ -84.444092220623119, 33.780403438602271 ], [ -84.443981221193354, 33.780301438485573 ], [ -84.443823221009595, 33.780143439572981 ], [ -84.443675219973287, 33.779930438347129 ], [ -84.443493220398409, 33.779794438409077 ], [ -84.443235220655538, 33.779634438996098 ], [ -84.443032220265948, 33.779236438730543 ], [ -84.44294422040241, 33.778671438353626 ], [ -84.443110220083753, 33.778361438981896 ], [ -84.443208219993039, 33.778051438488205 ], [ -84.443208219993039, 33.777810438302396 ], [ -84.443175220381093, 33.777639438812734 ], [ -84.443120220129501, 33.777481438723207 ], [ -84.443046220509657, 33.777259437812006 ], [ -84.442990219534835, 33.777032438007453 ], [ -84.442833220074334, 33.776949437810309 ], [ -84.44250321946312, 33.777024438009931 ], [ -84.442390219485219, 33.777038438378419 ], [ -84.442228220001823, 33.777056438742164 ], [ -84.442074220016053, 33.777100438702782 ], [ -84.441928220426178, 33.777177438392805 ], [ -84.441785219412722, 33.777225438280873 ], [ -84.441627219228991, 33.777188438556216 ], [ -84.441488219311807, 33.777060438739532 ], [ -84.441389220475926, 33.776939438176981 ], [ -84.441334219326009, 33.776833438407628 ], [ -84.441286219645434, 33.776738437981663 ], [ -84.441155220124188, 33.776661437897033 ], [ -84.441030219552403, 33.776639438180148 ], [ -84.44088021976458, 33.776631438892636 ], [ -84.440726219778796, 33.776613438439583 ], [ -84.440634219717282, 33.776565438208536 ], [ -84.440546219853744, 33.776411438405802 ], [ -84.44051721954142, 33.77632743778576 ], [ -84.440498219274843, 33.776151437712919 ], [ -84.440506219670766, 33.776093438237616 ], [ -84.440604219580052, 33.775918438256717 ], [ -84.44069321926851, 33.775833438819689 ], [ -84.440787218979835, 33.775779437692847 ], [ -84.44085121945227, 33.775744437746347 ], [ -84.441014219658882, 33.775689438228163 ], [ -84.441163219621799, 33.775625437970483 ], [ -84.441351219044464, 33.775531438275443 ], [ -84.441411219318923, 33.77542243801534 ], [ -84.441415219516884, 33.775303438538906 ], [ -84.441361219988522, 33.775204437825728 ], [ -84.44124221926451, 33.775160437637972 ], [ -84.44105421984186, 33.775145437874272 ], [ -84.440767218888368, 33.775204437825728 ], [ -84.44057921946569, 33.775259437655286 ], [ -84.44045521871881, 33.775293437966724 ], [ -84.440288219212562, 33.775434438235692 ], [ -84.440123218457813, 33.775526437629424 ], [ -84.439935219035149, 33.775635438503919 ], [ -84.439722219498123, 33.775714438420813 ], [ -84.43954421922291, 33.775759438151873 ], [ -84.439381219914594, 33.775774438554727 ], [ -84.439183219547886, 33.775793438264813 ], [ -84.439019218618043, 33.77580843866177 ], [ -84.438861218434283, 33.775843437835469 ], [ -84.438658218943004, 33.775912437807293 ], [ -84.438336218727727, 33.775972437802523 ], [ -84.437857219051935, 33.776096438456044 ], [ -84.437536218661577, 33.776171437909142 ], [ -84.437411218988089, 33.776217438715996 ], [ -84.437157218544883, 33.776301438697196 ], [ -84.436944218109545, 33.776333438206116 ], [ -84.436772217682091, 33.776389438624726 ], [ -84.436559218145064, 33.776444438440187 ], [ -84.436388218440854, 33.776514438493606 ], [ -84.436194218272092, 33.776597438365535 ], [ -84.435921218460621, 33.776713438087789 ], [ -84.435717217347801, 33.776759438603648 ], [ -84.435504217810788, 33.776768439188636 ], [ -84.435365217893619, 33.776787438678262 ], [ -84.435231217999316, 33.776787438678262 ], [ -84.43508721805928, 33.776764438430931 ], [ -84.434884217669676, 33.776727438507116 ], [ -84.434717218163414, 33.776768439188636 ], [ -84.434522218169732, 33.776828439331013 ], [ -84.434319217780157, 33.776836438600128 ], [ -84.434172218365376, 33.776836438600128 ], [ -84.433962217404769, 33.776812438550479 ], [ -84.433838217556215, 33.776785439046556 ], [ -84.433648216687089, 33.776739438544709 ], [ -84.433528217934821, 33.776704438990436 ], [ -84.433404217187942, 33.776704438990436 ], [ -84.433243217529466, 33.776704438990436 ], [ -84.432989217086259, 33.776657438627737 ], [ -84.432849216445845, 33.776622438293259 ], [ -84.432655217175409, 33.776498438401127 ], [ -84.432407216579975, 33.776335438595076 ], [ -84.431282216823803, 33.775416438277837 ], [ -84.431200216808037, 33.775480438691652 ], [ -84.431154216777273, 33.775527438206687 ], [ -84.431138216883753, 33.775543437733873 ], [ -84.43104921719528, 33.775581437998959 ], [ -84.430937216144002, 33.775620438076722 ], [ -84.43079721730021, 33.7756554388206 ], [ -84.430646215890846, 33.775682437933959 ], [ -84.430448217320773, 33.775725438772085 ], [ -84.430324216573894, 33.775775439129092 ], [ -84.430242216558128, 33.775834437899952 ], [ -84.430176216435882, 33.775884438940039 ], [ -84.430075217051851, 33.77600443892775 ], [ -84.429966216373586, 33.776126439141208 ], [ -84.429880217058184, 33.776191438100632 ], [ -84.429846215824696, 33.776187438062699 ], [ -84.429815216760858, 33.776190438277879 ], [ -84.429784216798723, 33.776198439099936 ], [ -84.42974221696592, 33.77626843860773 ], [ -84.429705216257702, 33.776323438500889 ], [ -84.429691216013978, 33.776377439284801 ], [ -84.429649217079515, 33.776446438826504 ], [ -84.429614216021093, 33.776509438651729 ], [ -84.429548216797173, 33.776571438612272 ], [ -84.429482215776616, 33.776617438457627 ], [ -84.429431216621296, 33.776637438544988 ], [ -84.429365216499065, 33.776668438857925 ], [ -84.429311216072392, 33.776706438623975 ], [ -84.429237216452549, 33.776745438936203 ], [ -84.429160216459664, 33.776803438716762 ], [ -84.429133215797151, 33.776827439515642 ], [ -84.429047215583424, 33.776873438476876 ], [ -84.428927216831156, 33.776910438337651 ], [ -84.428823216175758, 33.776989438572102 ], [ -84.428787216190742, 33.777071438917957 ], [ -84.428752216928956, 33.777137439212197 ], [ -84.428667216540163, 33.77721143868964 ], [ -84.42857821595338, 33.777253438949856 ], [ -84.428500215237264, 33.777292439013046 ], [ -84.428473216371387, 33.777347438995434 ], [ -84.42840321605118, 33.777331439058543 ], [ -84.428353215822483, 33.777304438971505 ], [ -84.428306215966828, 33.777327439073837 ], [ -84.428271215806717, 33.777405439115086 ], [ -84.428207215334297, 33.777454438683449 ], [ -84.428108216498416, 33.777502439163058 ], [ -84.428023216109594, 33.777502439163058 ], [ -84.427957215987362, 33.777509439308524 ], [ -84.427856215705006, 33.777552438482843 ], [ -84.427670215932181, 33.777859439132477 ], [ -84.427543216608882, 33.777715438959895 ], [ -84.427339215496062, 33.777434438786841 ], [ -84.427204215776854, 33.777232439195672 ], [ -84.427122215761088, 33.777067438921115 ], [ -84.427061215661737, 33.776929438542432 ], [ -84.426945215310766, 33.776618438275442 ], [ -84.426841215553708, 33.776271438820025 ], [ -84.426780215454329, 33.775966438850304 ], [ -84.426729215400712, 33.775675439132563 ], [ -84.426716215880219, 33.775586438641774 ], [ -84.426695215065507, 33.775439438887084 ], [ -84.426644215910216, 33.77516243880099 ], [ -84.426445215718587, 33.774080438231096 ], [ -84.426224214887327, 33.772750438182705 ], [ -84.426132214825827, 33.772270437659373 ], [ -84.426083214422022, 33.772013437454589 ], [ -84.425970214444106, 33.771424437909808 ], [ -84.425718214549022, 33.770052437665292 ], [ -84.425500214090832, 33.768628437268376 ], [ -84.425984214687816, 33.768453436974326 ], [ -84.426388214918859, 33.768334436779362 ], [ -84.426805214670367, 33.768250436454323 ], [ -84.427146215152206, 33.768204437343819 ], [ -84.42739921487221, 33.76817143637583 ], [ -84.427450214925827, 33.768164436960852 ], [ -84.427484215261032, 33.768161437211432 ], [ -84.42761821515532, 33.768141436638857 ], [ -84.428111215074821, 33.768087437384565 ], [ -84.42862721545886, 33.768051437364967 ], [ -84.431307216938151, 33.767954437070905 ], [ -84.432934216834667, 33.76790243679109 ], [ -84.434970217883389, 33.76795643616196 ], [ -84.436185217152939, 33.768009437074085 ], [ -84.437041217295601, 33.768036436356653 ], [ -84.437656218312156, 33.768042436610969 ], [ -84.438850218563616, 33.768049436782633 ], [ -84.439596218203121, 33.768052437282755 ], [ -84.441015219483788, 33.768054436371514 ], [ -84.442670219867708, 33.768056436206955 ], [ -84.442755219358204, 33.768053435706967 ], [ -84.442989219709943, 33.768083436221538 ], [ -84.44436421971136, 33.768384436969249 ], [ -84.444521220070186, 33.768410436220115 ], [ -84.44467722060412, 33.768420436848949 ], [ -84.444774220688515, 33.768421436762431 ], [ -84.445869220307458, 33.768435436296549 ], [ -84.447003221182783, 33.76844943582833 ], [ -84.448059221341978, 33.768462436938435 ], [ -84.449286222103723, 33.768478436291446 ], [ -84.45044322164695, 33.768492436563037 ], [ -84.451488222833802, 33.768505436173058 ], [ -84.452629222483509, 33.768522435430356 ], [ -84.453457223037091, 33.768538436265658 ], [ -84.453741222719202, 33.768555436263171 ], [ -84.454000223185304, 33.768585435855201 ], [ -84.454268222973894, 33.768633436076698 ], [ -84.454532223462849, 33.768697435583434 ], [ -84.454789222482489, 33.768776435923755 ], [ -84.455046223298751, 33.76887443594228 ], [ -84.455303223216703, 33.768993436134089 ], [ -84.455567223705671, 33.76914343620949 ], [ -84.455901223616507, 33.769375436266948 ], [ -84.45604722410468, 33.769495436410686 ], [ -84.45619022421981, 33.769651436495664 ], [ -84.456307224395687, 33.769820436453877 ], [ -84.456407223056488, 33.770014436441272 ], [ -84.45649022379547, 33.770217436515971 ], [ -84.456487223422428, 33.770955436895335 ], [ -84.456422224023413, 33.771057436192855 ], [ -84.456314223170068, 33.771119436365382 ], [ -84.456217223983984, 33.771133436952155 ], [ -84.455356222920159, 33.771127436914277 ], [ -84.454997223793271, 33.771112437191206 ], [ -84.454562223600078, 33.771068436395353 ], [ -84.45406622240921, 33.770972436413324 ], [ -84.454061223284668, 33.772223437104252 ], [ -84.454065223482615, 33.774173437431855 ], [ -84.454057223086707, 33.776653437118163 ], [ -84.455158223451747, 33.776620437910992 ], [ -84.455743223432762, 33.776591437963674 ], [ -84.456457224183509, 33.776570438047202 ], [ -84.45647322407703, 33.777228437712999 ], [ -84.456539224199275, 33.779844438631031 ], [ -84.456534224176394, 33.781936439229192 ], [ -84.458148224552431, 33.782571438557966 ], [ -84.457388224669231, 33.782912439411533 ], [ -84.457012224027281, 33.783186438358243 ], [ -84.457013223852201, 33.783433439019888 ], [ -84.456864224787608, 33.78446843960463 ], [ -84.456557224640932, 33.785722439447333 ], [ -84.456463224929607, 33.785996439109468 ], [ -84.456414224525801, 33.786174439270305 ], [ -84.457007224902725, 33.786397439922844 ], [ -84.457118225230815, 33.786464439452999 ], [ -84.457207224020962, 33.786552440138081 ], [ -84.457747225592755, 33.787422439872067 ], [ -84.457804225494172, 33.787613439751979 ], [ -84.457838224931038, 33.787976440483703 ], [ -84.457885225685004, 33.78812644017016 ], [ -84.457967224802459, 33.788269440328328 ], [ -84.458080225678685, 33.788397439818404 ], [ -84.458206225177065, 33.78849644021431 ], [ -84.458698225271661, 33.788738440617308 ], [ -84.459719226169071, 33.789161440027677 ], [ -84.458869224975885, 33.789472440290858 ] ] ] ] } },
{ "type": "Feature", "properties": { "STATEFP": "13", "COUNTYFP": "121", "TRACTCE": "006500", "GEOID": "13121006500", "GEOIDFQ": "1400000US13121006500", "NAME": "65", "NAMELSAD": "Census Tract 65", "MTFCC": "G5020", "FUNCSTAT": "S", "ALAND": 3289359.0, "AWATER": 0.0, "INTPTLAT": "+33.7141348", "INTPTLON": "-084.4101454", "OBJECTID": 971, "CensusTract": "13121006500", "State": "Georgia", "County": "Fulton County", "Urban": 1, "Pop2010": 3678, "OHU2010": 1404, "GroupQuartersFlag": 0, "NUMGQTRS": 38, "PCTGQTRS": 1.033170201, "LILATracts_1And10": 1, "LILATracts_halfAnd10": 1, "LILATracts_1And20": 1, "LILATracts_Vehicle": 1, "Shape_Length": 11191.355389881097, "Shape_Area": 4766279.3426378118 }, "geometry": { "type": "MultiPolygon", "coordinates": [ [ [ [ -84.41829721042734, 33.726560428546904 ], [ -84.417506209683694, 33.727294428857469 ], [ -84.416927210448776, 33.727967428548084 ], [ -84.416820209420351, 33.727901428496502 ], [ -84.416674209830489, 33.727805428738478 ], [ -84.416615210279261, 33.727771429016364 ], [ -84.416550209981921, 33.72773342847595 ], [ -84.416524210042667, 33.727719429019707 ], [ -84.416056210237514, 33.727469428739717 ], [ -84.415183209478116, 33.726981429262715 ], [ -84.415119209904006, 33.726941429072305 ], [ -84.414734209041228, 33.726703429085546 ], [ -84.414479208773088, 33.726499427931159 ], [ -84.414331209533401, 33.726363428386442 ], [ -84.414087209135928, 33.726119428838942 ], [ -84.413691209300808, 33.725740428475518 ], [ -84.413602208714039, 33.725630428744644 ], [ -84.413556209581586, 33.725574428786736 ], [ -84.413511208477431, 33.72551942845903 ], [ -84.413421208964067, 33.725408428029809 ], [ -84.412900208557176, 33.724552427806856 ], [ -84.412427208729142, 33.723712427500629 ], [ -84.412363208256735, 33.723599428345118 ], [ -84.411721208374317, 33.722374427707585 ], [ -84.411556207619554, 33.722144428395438 ], [ -84.411327208189007, 33.721826427909086 ], [ -84.411255208219004, 33.721746427934946 ], [ -84.41116720745714, 33.721661427086822 ], [ -84.411039208308935, 33.721562427188395 ], [ -84.410888208696193, 33.721470427414367 ], [ -84.41067420843595, 33.72135042730109 ], [ -84.410263208532214, 33.721155427319623 ], [ -84.409519207644209, 33.720814427337267 ], [ -84.409320207452595, 33.720706427463554 ], [ -84.409296207163152, 33.720702427825366 ], [ -84.408801207593825, 33.720574427350378 ], [ -84.408466207858069, 33.720515427160592 ], [ -84.407862207610492, 33.720439427109632 ], [ -84.407161207278534, 33.720397427406517 ], [ -84.406265206952881, 33.720367428139703 ], [ -84.406041206646904, 33.720361427537924 ], [ -84.405032206343378, 33.720334427439752 ], [ -84.404192206094237, 33.720306427605713 ], [ -84.402816205369575, 33.720269427971147 ], [ -84.401913205371258, 33.720240427640562 ], [ -84.400824205600074, 33.720193427702341 ], [ -84.399810205273667, 33.720161427411774 ], [ -84.398789204376257, 33.720106427351432 ], [ -84.398392203817906, 33.720056428149064 ], [ -84.397971203868437, 33.71997942796056 ], [ -84.397043204654054, 33.719765428432396 ], [ -84.396785204012886, 33.719694427884555 ], [ -84.396492204109933, 33.719614427417874 ], [ -84.396992203702112, 33.718951426910863 ], [ -84.397162203581431, 33.718737427061811 ], [ -84.397861204263577, 33.717501427676964 ], [ -84.398116203633393, 33.716829427138549 ], [ -84.398447204967809, 33.715960427193167 ], [ -84.398506203620727, 33.7158044273122 ], [ -84.398709204010316, 33.715225426569141 ], [ -84.398884203912502, 33.714850427334198 ], [ -84.398971204849445, 33.714701426227023 ], [ -84.39904920466725, 33.714568426800717 ], [ -84.399335203999215, 33.714180426566706 ], [ -84.399629204625398, 33.713795426978102 ], [ -84.400831204374455, 33.712389426145968 ], [ -84.401102204536102, 33.712016426129281 ], [ -84.401245204651246, 33.711715425547588 ], [ -84.401420204553432, 33.711327425872717 ], [ -84.401643205034503, 33.710832426184759 ], [ -84.40179220499742, 33.710431425317758 ], [ -84.401975205295514, 33.709944425228002 ], [ -84.402951205088783, 33.707340425002378 ], [ -84.403055204845856, 33.707094424682332 ], [ -84.403148204732275, 33.706810425064923 ], [ -84.403243205166831, 33.706520425181182 ], [ -84.403435205685781, 33.705829424382721 ], [ -84.403542204917585, 33.705241423768186 ], [ -84.403684205207796, 33.704701424492647 ], [ -84.40373020523856, 33.704371423969988 ], [ -84.403762205025615, 33.704141424260058 ], [ -84.404036205560303, 33.704353424040931 ], [ -84.405094205369323, 33.705179424541456 ], [ -84.406011206509689, 33.706101424047525 ], [ -84.406176205467801, 33.706266424880631 ], [ -84.406194205909472, 33.707264425246038 ], [ -84.40675520560103, 33.707267424136404 ], [ -84.408018206347776, 33.707275424664303 ], [ -84.408042205738909, 33.705379423694325 ], [ -84.408068206576488, 33.705388424299173 ], [ -84.408493205825607, 33.70561642386253 ], [ -84.408795206847728, 33.705852424228389 ], [ -84.4090682066592, 33.705716424109369 ], [ -84.409173207139503, 33.705697424564626 ], [ -84.409280206371307, 33.70570442459406 ], [ -84.409492206981724, 33.705739424732563 ], [ -84.409596206738797, 33.705761424705599 ], [ -84.409704206693831, 33.705765423545145 ], [ -84.409803206428037, 33.705732423958722 ], [ -84.409897206139377, 33.70568742409462 ], [ -84.409980206878359, 33.705630423933961 ], [ -84.410602206669296, 33.705307424052954 ], [ -84.4107702077971, 33.705208423980395 ], [ -84.410876207203984, 33.705195424490789 ], [ -84.410984207159032, 33.705194424587454 ], [ -84.411122207251282, 33.705178424637928 ], [ -84.411209207289915, 33.705126423660303 ], [ -84.41127620723708, 33.705056424364088 ], [ -84.411379207169219, 33.705032423652732 ], [ -84.411483206926306, 33.705052423996889 ], [ -84.411584207208648, 33.705083423287995 ], [ -84.411678206919973, 33.705127423564427 ], [ -84.41174820724018, 33.705195424490789 ], [ -84.411854207545389, 33.705205424270808 ], [ -84.411952207454675, 33.705171423818321 ], [ -84.412154208019359, 33.705026423473896 ], [ -84.412245207357643, 33.704973423992982 ], [ -84.412130207729916, 33.704884424100186 ], [ -84.412020208125057, 33.704774423802952 ], [ -84.411928207165232, 33.704658423907574 ], [ -84.411852206997253, 33.704533423909439 ], [ -84.41179420727093, 33.704399424516517 ], [ -84.411650206432569, 33.703875423132153 ], [ -84.411634206539048, 33.703729423668875 ], [ -84.411640207285146, 33.703554423969834 ], [ -84.411679207643218, 33.703295423491895 ], [ -84.411880207484657, 33.702581423685182 ], [ -84.411949207081634, 33.702232423674921 ], [ -84.412641208091074, 33.702300423156466 ], [ -84.412901207483756, 33.702358423221185 ], [ -84.413053207819729, 33.702419423053726 ], [ -84.413192206838573, 33.702496423295081 ], [ -84.413358207418241, 33.702619423401522 ], [ -84.413461208248719, 33.702723423129342 ], [ -84.41354120861466, 33.702844423049392 ], [ -84.413583207549138, 33.702949423928921 ], [ -84.413594208318116, 33.702977423444295 ], [ -84.413642207100381, 33.703368423249742 ], [ -84.413972207711581, 33.703349423185635 ], [ -84.414241208223388, 33.703299423940933 ], [ -84.41452020788266, 33.703199423869464 ], [ -84.414764208280118, 33.703063423286601 ], [ -84.41504020846466, 33.702882423396737 ], [ -84.415312208451212, 33.702769422983138 ], [ -84.415457208216168, 33.702731423333148 ], [ -84.415631208293448, 33.702703422990247 ], [ -84.415959209254822, 33.70269442359875 ], [ -84.417112208600088, 33.702713423060381 ], [ -84.418256209521161, 33.702723423129342 ], [ -84.418230209581878, 33.704934423916903 ], [ -84.418229208858662, 33.705011423398496 ], [ -84.418219209711239, 33.705944423549326 ], [ -84.418210209490397, 33.706867424442443 ], [ -84.418203208919394, 33.707804424101283 ], [ -84.418193209771971, 33.709188424690403 ], [ -84.418181210076398, 33.710135424387865 ], [ -84.418166209109472, 33.711146425463333 ], [ -84.418160210159996, 33.712096425455961 ], [ -84.418153209588993, 33.712764425667388 ], [ -84.418142209718326, 33.71387142618547 ], [ -84.418141209893435, 33.714264426057369 ], [ -84.418141209893435, 33.71435442574068 ], [ -84.418125209101575, 33.71625342665368 ], [ -84.418108209383149, 33.717019426162928 ], [ -84.418079209969136, 33.718315426508475 ], [ -84.418070209748322, 33.719302426454576 ], [ -84.418066209550361, 33.719572426563943 ], [ -84.418042210159228, 33.721209427738145 ], [ -84.418022210067747, 33.722204427918065 ], [ -84.417989209557462, 33.723598427908918 ], [ -84.417975210212077, 33.724193428364366 ], [ -84.417968210539371, 33.724458428143748 ], [ -84.417976210036983, 33.726292428813203 ], [ -84.417976210036983, 33.726314428750392 ], [ -84.418009209648957, 33.726339427653365 ], [ -84.418039210684483, 33.726362427982508 ], [ -84.418105209908418, 33.726413428397919 ], [ -84.418215210411603, 33.726497427873483 ], [ -84.41829721042734, 33.726560428546904 ] ] ] ] } },
{ "type": "Feature", "properties": { "STATEFP": "13", "COUNTYFP": "121", "TRACTCE": "008602", "GEOID": "13121008602", "GEOIDFQ": "1400000US13121008602", "NAME": "86.02", "NAMELSAD": "Census Tract 86.02", "MTFCC": "G5020", "FUNCSTAT": "S", "ALAND": 4477522.0, "AWATER": 118790.0, "INTPTLAT": "+33.7928898", "INTPTLON": "-084.4901297", "OBJECTID": 1008, "CensusTract": "13121008602", "State": "Georgia", "County": "Fulton County", "Urban": 1, "Pop2010": 1285, "OHU2010": 489, "GroupQuartersFlag": 0, "NUMGQTRS": 0, "PCTGQTRS": 0.0, "LILATracts_1And10": 1, "LILATracts_halfAnd10": 1, "LILATracts_1And20": 1, "LILATracts_Vehicle": 0, "Shape_Length": 13392.803562072249, "Shape_Area": 6672227.1324365688 }, "geometry": { "type": "MultiPolygon", "coordinates": [ [ [ [ -84.507855239564535, 33.795616439876341 ], [ -84.507815239381557, 33.795657439726526 ], [ -84.507744240134755, 33.795753439663081 ], [ -84.507698239205709, 33.795805439459336 ], [ -84.507664239768829, 33.795837439892516 ], [ -84.507363240368264, 33.796073439918224 ], [ -84.507217239880077, 33.796148439793377 ], [ -84.5069392391474, 33.796424440350471 ], [ -84.506575239997645, 33.796784440064314 ], [ -84.505917239323409, 33.797290440005618 ], [ -84.505071239226481, 33.797886440809044 ], [ -84.50426023928965, 33.798403440632207 ], [ -84.503969239036522, 33.798585440864933 ], [ -84.503790238936375, 33.798698440490682 ], [ -84.503764238997121, 33.798722441125307 ], [ -84.503686239179302, 33.798797440918825 ], [ -84.503631238927724, 33.798850440663607 ], [ -84.503593239292883, 33.798886440429342 ], [ -84.503582238523904, 33.798897440790178 ], [ -84.503499239581558, 33.798977441200293 ], [ -84.503488238812579, 33.798984440336838 ], [ -84.503380238857559, 33.799063440363419 ], [ -84.503343239047624, 33.799089440753058 ], [ -84.503326239329198, 33.799101440643142 ], [ -84.503303238864646, 33.799118441293238 ], [ -84.502999238192729, 33.799338440926647 ], [ -84.502441238874212, 33.800031441562318 ], [ -84.501593238229162, 33.801357441593055 ], [ -84.501163238058851, 33.80216744140391 ], [ -84.50079723836096, 33.802785441561163 ], [ -84.499749237699362, 33.804102442265744 ], [ -84.498964237701813, 33.80487744223845 ], [ -84.497722237769764, 33.806140442202221 ], [ -84.497431237516622, 33.806466442984998 ], [ -84.497320238086871, 33.806590442027094 ], [ -84.497155237332123, 33.80674144289938 ], [ -84.497138237613669, 33.806852442530271 ], [ -84.496984237627885, 33.807017442139198 ], [ -84.496803236979602, 33.807275442749251 ], [ -84.496734237382626, 33.807362442736142 ], [ -84.49663523764842, 33.807414442943475 ], [ -84.496573237724149, 33.807495443059949 ], [ -84.49657823774703, 33.80753944305421 ], [ -84.496533237541186, 33.807591442407542 ], [ -84.496518237472557, 33.8076004434838 ], [ -84.496470236893671, 33.807632443239044 ], [ -84.496448237152379, 33.807646442335134 ], [ -84.496369236611329, 33.807749442918691 ], [ -84.496356237090851, 33.807761442340869 ], [ -84.496122237637437, 33.807970442955188 ], [ -84.495894237133498, 33.808210442402327 ], [ -84.495646236538064, 33.808409442975957 ], [ -84.495518237389859, 33.80857044329646 ], [ -84.495352236810191, 33.808666442930708 ], [ -84.495276236642212, 33.808736442767199 ], [ -84.495065236755025, 33.808448443030407 ], [ -84.494982236914325, 33.808320443665586 ], [ -84.494862237263732, 33.808137443039797 ], [ -84.494054236801659, 33.806997443176144 ], [ -84.493301236591137, 33.805981442977149 ], [ -84.491663235925685, 33.803776442180535 ], [ -84.490403234653655, 33.802103441526413 ], [ -84.48970623541797, 33.801154441423286 ], [ -84.488752234467697, 33.799856441976623 ], [ -84.488587234611259, 33.799557441191041 ], [ -84.48845223399374, 33.799387441382137 ], [ -84.488339234015839, 33.799594440955417 ], [ -84.488194234250869, 33.799938441327988 ], [ -84.487680234414967, 33.7997014419594 ], [ -84.487009234220238, 33.799476441025597 ], [ -84.486485233440291, 33.799250441439732 ], [ -84.486388234254221, 33.799213441526646 ], [ -84.486189233164282, 33.799102440944957 ], [ -84.486013233437191, 33.798991441712282 ], [ -84.485884233565741, 33.798912441619251 ], [ -84.485624233274748, 33.798898441840848 ], [ -84.485499233601288, 33.798926441395366 ], [ -84.485393233296065, 33.798995441431593 ], [ -84.485263233599724, 33.799092441658864 ], [ -84.485027233598188, 33.799213441526646 ], [ -84.484754233786703, 33.799305441502881 ], [ -84.484661233900283, 33.799338440926647 ], [ -84.484351233380579, 33.799440441508082 ], [ -84.484161233409765, 33.799486441759782 ], [ -84.483893233621174, 33.799491441006737 ], [ -84.483559232812013, 33.799495441449139 ], [ -84.483476232971341, 33.79948144176609 ], [ -84.483351233297867, 33.799458441642017 ], [ -84.483184232893279, 33.799421441818843 ], [ -84.482995232747399, 33.799384441979676 ], [ -84.482782233210386, 33.799342441376197 ], [ -84.482671232882311, 33.799282441331449 ], [ -84.482485232211147, 33.799190441330502 ], [ -84.48233723297146, 33.799102440944957 ], [ -84.482154232673352, 33.799025441559785 ], [ -84.481971233273569, 33.798926441395366 ], [ -84.48186523296836, 33.79887044153066 ], [ -84.481694232365811, 33.798801441393714 ], [ -84.481504233293336, 33.798759441250652 ], [ -84.481370232500723, 33.798708442062285 ], [ -84.481161232263332, 33.798671441168437 ], [ -84.480888232451875, 33.798606441355012 ], [ -84.480777232123785, 33.798541441492226 ], [ -84.480694232283113, 33.79849544073258 ], [ -84.480546232145102, 33.798440440895448 ], [ -84.480425232669603, 33.798421440984164 ], [ -84.480342231930621, 33.798421440984164 ], [ -84.480259232089935, 33.798430441532012 ], [ -84.480166232203501, 33.798384441459227 ], [ -84.48014723193694, 33.798301441054434 ], [ -84.480129232393594, 33.798227441138302 ], [ -84.480064232096254, 33.798060441869247 ], [ -84.480055231875426, 33.797977441150209 ], [ -84.480064232096254, 33.797847441912971 ], [ -84.480064232096254, 33.797690441353517 ], [ -84.480040232705136, 33.797536441466448 ], [ -84.479996232324183, 33.797445440656425 ], [ -84.479972232034754, 33.797334441514451 ], [ -84.479857231508717, 33.797255441385033 ], [ -84.479761232147553, 33.797159440893452 ], [ -84.479769231645164, 33.797068441175682 ], [ -84.479662231515036, 33.796897440574661 ], [ -84.479491231810826, 33.796730440950299 ], [ -84.479447231429887, 33.796642441021575 ], [ -84.479435231734328, 33.796536441004321 ], [ -84.479419230942469, 33.796412440831617 ], [ -84.47940823197014, 33.796276440941355 ], [ -84.479352231893643, 33.796113441452377 ], [ -84.479213231976473, 33.795962440490165 ], [ -84.479125232112921, 33.795863440515618 ], [ -84.479030231678365, 33.795771440572331 ], [ -84.478962231906294, 33.795664441374107 ], [ -84.478915231152328, 33.795533440520053 ], [ -84.478871231669714, 33.795402440958597 ], [ -84.478815231593202, 33.795298440844881 ], [ -84.478748231646051, 33.795255440875806 ], [ -84.47866823128011, 33.795215441180268 ], [ -84.47857323174388, 33.795215441180268 ], [ -84.478457231392923, 33.795215441180268 ], [ -84.478364231506504, 33.795225440919289 ], [ -84.478274231094829, 33.795239440551896 ], [ -84.478211231345625, 33.795239440551896 ], [ -84.478107231588567, 33.795203440745389 ], [ -84.477964231473422, 33.795108440540531 ], [ -84.477865230840905, 33.794984441285344 ], [ -84.477837231251797, 33.79492544152248 ], [ -84.477789231571236, 33.79482144082926 ], [ -84.477769231479755, 33.794789441509359 ], [ -84.477718231426124, 33.794682441083623 ], [ -84.477666230649277, 33.794563440746153 ], [ -84.477563231615434, 33.794495441225557 ], [ -84.477424231698251, 33.794448440921528 ], [ -84.477272231362292, 33.794356440950587 ], [ -84.477177230927737, 33.79432844064771 ], [ -84.4770622304017, 33.794340441205193 ], [ -84.476966231040549, 33.794360440886486 ], [ -84.476883230301553, 33.794412440782374 ], [ -84.476823230925419, 33.794487440619712 ], [ -84.476815230529482, 33.794563440746153 ], [ -84.476807230133559, 33.794658440809293 ], [ -84.476799231534272, 33.794738440702154 ], [ -84.476732230688796, 33.794964441003351 ], [ -84.476700230901741, 33.795028440993448 ], [ -84.476648231023219, 33.795080441230105 ], [ -84.476565231182548, 33.795119441386902 ], [ -84.476481230618646, 33.795199440848947 ], [ -84.476449230831591, 33.795239440551896 ], [ -84.476453231029552, 33.795290441060573 ], [ -84.476443230983804, 33.795402440958597 ], [ -84.476382230884454, 33.795545440908668 ], [ -84.476231231271697, 33.795652441002176 ], [ -84.476048230075278, 33.795676440997823 ], [ -84.475952230714128, 33.795624441123202 ], [ -84.475877230371054, 33.795497440837238 ], [ -84.475813229898648, 33.795390441296469 ], [ -84.475750231047769, 33.795278440636253 ], [ -84.475603230734663, 33.795127440440602 ], [ -84.475587230841157, 33.795115441486473 ], [ -84.475507230475216, 33.795060440970545 ], [ -84.475487230383706, 33.795032440897948 ], [ -84.475459230794627, 33.794976440725193 ], [ -84.475392230847476, 33.794881441014894 ], [ -84.475292230390039, 33.794770440787666 ], [ -84.475141230777311, 33.794650440965221 ], [ -84.474939230212641, 33.794527440655358 ], [ -84.474756230812844, 33.794440440311284 ], [ -84.47452522993585, 33.794392441113288 ], [ -84.4743042300029, 33.7944274409044 ], [ -84.474284230809744, 33.794341440069566 ], [ -84.474169230283707, 33.793848440856401 ], [ -84.474063229978483, 33.793339440364697 ], [ -84.474043229887016, 33.793123440983877 ], [ -84.474044229711907, 33.792853440991415 ], [ -84.474065229628309, 33.792638440761699 ], [ -84.474103230161447, 33.792424440371853 ], [ -84.474160230062864, 33.792213440594054 ], [ -84.474210230291575, 33.792077440751797 ], [ -84.474254229774203, 33.791955440116638 ], [ -84.474403230635417, 33.791655439712322 ], [ -84.474622230020231, 33.791324440273662 ], [ -84.476050230623429, 33.789581439842095 ], [ -84.476246230442001, 33.789304439950492 ], [ -84.47635722987178, 33.789104439328803 ], [ -84.476382229986129, 33.789061439234928 ], [ -84.476512230580781, 33.788758440114073 ], [ -84.476604230642295, 33.788445439391204 ], [ -84.476656230520817, 33.788144438950205 ], [ -84.476662230368603, 33.788073439758499 ], [ -84.476670229866201, 33.787541438936529 ], [ -84.476662230368603, 33.784144438117679 ], [ -84.476660230718778, 33.783308438048607 ], [ -84.476658230170642, 33.782556438598746 ], [ -84.476655229797615, 33.781474438093284 ], [ -84.476655229797615, 33.781238437398258 ], [ -84.47662223018564, 33.780844438433412 ], [ -84.476605230467214, 33.780768437329257 ], [ -84.476563229736087, 33.780574437053943 ], [ -84.476476229697454, 33.780309437430368 ], [ -84.476366230092594, 33.78006343798986 ], [ -84.476215230479852, 33.779800437839953 ], [ -84.47606922999168, 33.779593438193075 ], [ -84.475312229583224, 33.778797437671592 ], [ -84.474516229715007, 33.778007437522746 ], [ -84.474428228953144, 33.777914437257429 ], [ -84.474247229203186, 33.777691436916491 ], [ -84.474085228821465, 33.777439437081391 ], [ -84.473950229102272, 33.777166436734582 ], [ -84.473852229192985, 33.776893437011132 ], [ -84.473785228347509, 33.776605436909577 ], [ -84.473743228514707, 33.776324436828723 ], [ -84.474303229279684, 33.776588437015882 ], [ -84.475712230514603, 33.777174437465547 ], [ -84.476030229633608, 33.777306437097707 ], [ -84.476947229875648, 33.777697437241301 ], [ -84.477227230258123, 33.77783643767966 ], [ -84.477399229787267, 33.777937437195973 ], [ -84.478028230149206, 33.778365437424938 ], [ -84.478866230748523, 33.778998437515533 ], [ -84.479358230843104, 33.779342437766267 ], [ -84.480376230469162, 33.780038437573111 ], [ -84.482122231987987, 33.78107743793035 ], [ -84.482341232271111, 33.781189437754534 ], [ -84.482592232341275, 33.781294438343352 ], [ -84.483136232314408, 33.78145943794194 ], [ -84.484909232699096, 33.781815438088159 ], [ -84.485462232893042, 33.781933437722003 ], [ -84.485901232385885, 33.782062437477393 ], [ -84.486162233400108, 33.782176437759375 ], [ -84.486293232921341, 33.782256437368837 ], [ -84.48640423235112, 33.782324438396778 ], [ -84.486583233349577, 33.782467437790963 ], [ -84.486888232948104, 33.78276243731159 ], [ -84.487389233263528, 33.783300438637248 ], [ -84.488422233856511, 33.784481438283777 ], [ -84.488763233440054, 33.784809438131219 ], [ -84.489081234355695, 33.78506943867464 ], [ -84.489407233870594, 33.785297437800914 ], [ -84.489769234268863, 33.785479438272276 ], [ -84.490168234477011, 33.785670438006477 ], [ -84.4904982341899, 33.785801438273616 ], [ -84.491299234080969, 33.786045438242724 ], [ -84.491813234815183, 33.786180438254263 ], [ -84.492065234710267, 33.786273438503407 ], [ -84.492307235457915, 33.786388438109853 ], [ -84.493017235112404, 33.786769438624113 ], [ -84.493163235600576, 33.786853437962691 ], [ -84.493793234889111, 33.787240439050699 ], [ -84.494427236172257, 33.787788438982609 ], [ -84.49484523574867, 33.788215438829596 ], [ -84.495771236211539, 33.789312438800991 ], [ -84.496194235810833, 33.789863438646741 ], [ -84.496917236782423, 33.790829439314066 ], [ -84.49719223624372, 33.791196439186834 ], [ -84.498052236584343, 33.792101439510013 ], [ -84.49834423666239, 33.792341439413875 ], [ -84.498660237029881, 33.792634439252211 ], [ -84.499022237428136, 33.792898439182892 ], [ -84.499419237088148, 33.793148439820285 ], [ -84.499825237867341, 33.793361439524517 ], [ -84.500293237672494, 33.793569439852853 ], [ -84.500771238421692, 33.793755439876399 ], [ -84.501029237266238, 33.793852440069479 ], [ -84.501266237991018, 33.793941439495768 ], [ -84.501685238290676, 33.794045439765057 ], [ -84.502069238430224, 33.794126439844149 ], [ -84.502428238455408, 33.794177439522862 ], [ -84.502769238038965, 33.794213439760846 ], [ -84.504190238969457, 33.794301439946999 ], [ -84.504619238416552, 33.794331439480793 ], [ -84.504882239080587, 33.794359439782696 ], [ -84.505231239060066, 33.794432439700294 ], [ -84.505545239777717, 33.794511440195429 ], [ -84.505841240053726, 33.794613439810249 ], [ -84.506555239906177, 33.794912439203145 ], [ -84.506599239388791, 33.794928439588169 ], [ -84.50714324026022, 33.795166439829444 ], [ -84.507311239591402, 33.795246439994102 ], [ -84.507927240432863, 33.795543440221913 ], [ -84.507855239564535, 33.795616439876341 ] ] ] ] } },
{ "type": "Feature", "properties": { "STATEFP": "13", "COUNTYFP": "121", "TRACTCE": "007500", "GEOID": "13121007500", "GEOIDFQ": "1400000US13121007500", "NAME": "75", "NAMELSAD": "Census Tract 75", "MTFCC": "G5020", "FUNCSTAT": "S", "ALAND": 3326363.0, "AWATER": 2277.0, "INTPTLAT": "+33.6949069", "INTPTLON": "-084.4128960", "OBJECTID": 984, "CensusTract": "13121007500", "State": "Georgia", "County": "Fulton County", "Urban": 1, "Pop2010": 3511, "OHU2010": 1576, "GroupQuartersFlag": 0, "NUMGQTRS": 207, "PCTGQTRS": 5.895756195, "LILATracts_1And10": 1, "LILATracts_halfAnd10": 1, "LILATracts_1And20": 1, "LILATracts_Vehicle": 1, "Shape_Length": 13018.235973789946, "Shape_Area": 4821078.2343166145 }, "geometry": { "type": "MultiPolygon", "coordinates": [ [ [ [ -84.429589212313488, 33.697547422084035 ], [ -84.429489212754362, 33.697995421973339 ], [ -84.429464211741688, 33.698144421422157 ], [ -84.429408212563501, 33.698600421776518 ], [ -84.429384212274059, 33.698822421554944 ], [ -84.429330211847386, 33.699346422372614 ], [ -84.429303212083212, 33.699716422208695 ], [ -84.429298212958642, 33.699802422326172 ], [ -84.429250212379756, 33.70047342237195 ], [ -84.429113212112426, 33.701541422758865 ], [ -84.428751212612468, 33.701495422247504 ], [ -84.428512212237877, 33.701464422408861 ], [ -84.428419212351443, 33.701452423046916 ], [ -84.428338212160597, 33.701442422829992 ], [ -84.428207211741025, 33.701426422928911 ], [ -84.427785211966636, 33.701385422841859 ], [ -84.427475211446932, 33.701381422303697 ], [ -84.427149211932019, 33.701410423024903 ], [ -84.426591210816852, 33.701517422560158 ], [ -84.426200211004613, 33.701560422475509 ], [ -84.42595721133037, 33.701566422896505 ], [ -84.424865211186145, 33.701547423181182 ], [ -84.421580209634371, 33.701484422836415 ], [ -84.420900209218814, 33.70147242347727 ], [ -84.420764209674687, 33.701469422889865 ], [ -84.4196262086014, 33.701447423312281 ], [ -84.418275208889412, 33.701421423192755 ], [ -84.418269209041625, 33.701805423755239 ], [ -84.418264209018758, 33.702154423258207 ], [ -84.418256209521161, 33.702723423129342 ], [ -84.417112208600088, 33.702713423060381 ], [ -84.415959209254822, 33.70269442359875 ], [ -84.415631208293448, 33.702703422990247 ], [ -84.415457208216168, 33.702731423333148 ], [ -84.415312208451212, 33.702769422983138 ], [ -84.41504020846466, 33.702882423396737 ], [ -84.414764208280118, 33.703063423286601 ], [ -84.41452020788266, 33.703199423869464 ], [ -84.414241208223388, 33.703299423940933 ], [ -84.413972207711581, 33.703349423185635 ], [ -84.413642207100381, 33.703368423249742 ], [ -84.413594208318116, 33.702977423444295 ], [ -84.413583207549138, 33.702949423928921 ], [ -84.41354120861466, 33.702844423049392 ], [ -84.413461208248719, 33.702723423129342 ], [ -84.413358207418241, 33.702619423401522 ], [ -84.413192206838573, 33.702496423295081 ], [ -84.413053207819729, 33.702419423053726 ], [ -84.412901207483756, 33.702358423221185 ], [ -84.412641208091074, 33.702300423156466 ], [ -84.411949207081634, 33.702232423674921 ], [ -84.411880207484657, 33.702581423685182 ], [ -84.411679207643218, 33.703295423491895 ], [ -84.411640207285146, 33.703554423969834 ], [ -84.411634206539048, 33.703729423668875 ], [ -84.411650206432569, 33.703875423132153 ], [ -84.41179420727093, 33.704399424516517 ], [ -84.411852206997253, 33.704533423909439 ], [ -84.411928207165232, 33.704658423907574 ], [ -84.412020208125057, 33.704774423802952 ], [ -84.412130207729916, 33.704884424100186 ], [ -84.412245207357643, 33.704973423992982 ], [ -84.412154208019359, 33.705026423473896 ], [ -84.411952207454675, 33.705171423818321 ], [ -84.411854207545389, 33.705205424270808 ], [ -84.41174820724018, 33.705195424490789 ], [ -84.411678206919973, 33.705127423564427 ], [ -84.411584207208648, 33.705083423287995 ], [ -84.411483206926306, 33.705052423996889 ], [ -84.411379207169219, 33.705032423652732 ], [ -84.41127620723708, 33.705056424364088 ], [ -84.411209207289915, 33.705126423660303 ], [ -84.411122207251282, 33.705178424637928 ], [ -84.410984207159032, 33.705194424587454 ], [ -84.410876207203984, 33.705195424490789 ], [ -84.4107702077971, 33.705208423980395 ], [ -84.410602206669296, 33.705307424052954 ], [ -84.409980206878359, 33.705630423933961 ], [ -84.409897206139377, 33.70568742409462 ], [ -84.409803206428037, 33.705732423958722 ], [ -84.409704206693831, 33.705765423545145 ], [ -84.409596206738797, 33.705761424705599 ], [ -84.409492206981724, 33.705739424732563 ], [ -84.409280206371307, 33.70570442459406 ], [ -84.409173207139503, 33.705697424564626 ], [ -84.4090682066592, 33.705716424109369 ], [ -84.408795206847728, 33.705852424228389 ], [ -84.408493205825607, 33.70561642386253 ], [ -84.408068206576488, 33.705388424299173 ], [ -84.408042205738909, 33.705379423694325 ], [ -84.408018206347776, 33.707275424664303 ], [ -84.40675520560103, 33.707267424136404 ], [ -84.406194205909472, 33.707264425246038 ], [ -84.406176205467801, 33.706266424880631 ], [ -84.406011206509689, 33.706101424047525 ], [ -84.405094205369323, 33.705179424541456 ], [ -84.404036205560303, 33.704353424040931 ], [ -84.403762205025615, 33.704141424260058 ], [ -84.403770205421537, 33.704082423988254 ], [ -84.403785205490138, 33.703937424047446 ], [ -84.403832204447482, 33.703487423909529 ], [ -84.403852204538978, 33.703097423826165 ], [ -84.40385620473694, 33.703065423890216 ], [ -84.403842205391555, 33.702626423681785 ], [ -84.403835204820538, 33.702404424017779 ], [ -84.403974204737722, 33.700765423897323 ], [ -84.404146204266851, 33.699732423175639 ], [ -84.404296204952985, 33.69905142357338 ], [ -84.404304204450582, 33.698934423447334 ], [ -84.404379204793671, 33.698656422885698 ], [ -84.404656204803103, 33.697126422030934 ], [ -84.404681204917466, 33.697000422285058 ], [ -84.40470820468164, 33.696863422351633 ], [ -84.404745205389872, 33.696622421938606 ], [ -84.404764205656448, 33.696231422072742 ], [ -84.404732204971083, 33.695814422348185 ], [ -84.404618205168262, 33.695402422181424 ], [ -84.404633204338552, 33.695332421688256 ], [ -84.404489205296841, 33.695008421930055 ], [ -84.404279204336234, 33.694557422080493 ], [ -84.40355620516128, 33.693437422492522 ], [ -84.402202204177925, 33.691757421526304 ], [ -84.401770203459478, 33.69119842069891 ], [ -84.400115203075572, 33.68905942131623 ], [ -84.399601202341358, 33.688371420894164 ], [ -84.399338203473931, 33.687993420710448 ], [ -84.399134202361111, 33.687616420467144 ], [ -84.3989902033194, 33.687197421317826 ], [ -84.398783202731849, 33.686448420277358 ], [ -84.398708202388761, 33.685981420566634 ], [ -84.398699203066272, 33.685872420862758 ], [ -84.398734202328043, 33.685869420478078 ], [ -84.398841202458158, 33.685868420349827 ], [ -84.398913203326501, 33.685872420862758 ], [ -84.398949202413192, 33.685873420243482 ], [ -84.399057202368226, 33.685868420349827 ], [ -84.399110202969993, 33.68586242032756 ], [ -84.399164202498355, 33.685857420433265 ], [ -84.399270202803564, 33.685840420491445 ], [ -84.399374202560637, 33.685818419902212 ], [ -84.399482202515671, 33.685813420752851 ], [ -84.39958820282088, 33.685825420056311 ], [ -84.399691202753047, 33.68585242053863 ], [ -84.399771203118988, 33.685912420002083 ], [ -84.3998422032641, 33.685980420439684 ], [ -84.399899203165518, 33.686056420337479 ], [ -84.39996720293756, 33.686126420911691 ], [ -84.400041203455714, 33.686191420059046 ], [ -84.400121202923359, 33.686252420157103 ], [ -84.400227203228553, 33.68626841989385 ], [ -84.400334203358682, 33.686273420511725 ], [ -84.400593202926459, 33.686319420950205 ], [ -84.400650203726187, 33.686329420684807 ], [ -84.40086420398643, 33.686354420763635 ], [ -84.400971203218234, 33.686362420249104 ], [ -84.401040203713521, 33.686363420371606 ], [ -84.401079204071578, 33.686364420494101 ], [ -84.401510203168485, 33.686358420506458 ], [ -84.401833203208682, 33.686369420358901 ], [ -84.401988203917696, 33.686367420114024 ], [ -84.402372203158933, 33.686365419869098 ], [ -84.402479204187358, 33.68638042021 ], [ -84.402578203921564, 33.686413420502205 ], [ -84.402668203434942, 33.686462420482364 ], [ -84.402829203991729, 33.686407420517973 ], [ -84.402916203132065, 33.686353420641019 ], [ -84.403009203916781, 33.68630842034387 ], [ -84.403106204001162, 33.686269420017446 ], [ -84.403208203210113, 33.68623942078932 ], [ -84.403312203865482, 33.686216420178006 ], [ -84.403412204322919, 33.686182420432999 ], [ -84.403507203859164, 33.686140420421665 ], [ -84.403597203372527, 33.686090420132274 ], [ -84.403681203936429, 33.686033419677202 ], [ -84.403771204348118, 33.685985420326823 ], [ -84.403867204607593, 33.685943420219282 ], [ -84.403966204341785, 33.685908420238505 ], [ -84.404068203550722, 33.685879420265039 ], [ -84.404173204031039, 33.68585841981416 ], [ -84.404280204161154, 33.685844420258199 ], [ -84.404387204291268, 33.685838420234255 ], [ -84.404600204726592, 33.68580942023717 ], [ -84.404809204065671, 33.685766419914145 ], [ -84.405117204037239, 33.685683419594831 ], [ -84.405523204816404, 33.685561419295212 ], [ -84.406340204601022, 33.685331420060791 ], [ -84.40716720443136, 33.685126419899497 ], [ -84.407473205651414, 33.685039419905635 ], [ -84.407782205447916, 33.684958419162115 ], [ -84.407983205289369, 33.684893419829841 ], [ -84.408062204932079, 33.684857420029076 ], [ -84.408167205412383, 33.684799420110636 ], [ -84.408250205253054, 33.684742419546922 ], [ -84.408351205535411, 33.684713419927583 ], [ -84.408459205490431, 33.684706419682868 ], [ -84.408775205857907, 33.684650419947424 ], [ -84.408882205089725, 33.684641420160098 ], [ -84.409206205853138, 33.684643420445148 ], [ -84.409313205084956, 33.68464741952009 ], [ -84.409421205938315, 33.68464242030263 ], [ -84.409527205345199, 33.684628419801122 ], [ -84.409632205825503, 33.684605420253739 ], [ -84.40984320571269, 33.684572419267418 ], [ -84.410058205797853, 33.684556419962497 ], [ -84.410166205752873, 33.684554419675429 ], [ -84.410279205730802, 33.684557420106017 ], [ -84.410406205952384, 33.684535419935905 ], [ -84.410513206082513, 33.684528418929247 ], [ -84.410621206037561, 33.684530419216927 ], [ -84.410728206167676, 33.684542420194489 ], [ -84.410835205399479, 33.684545419877992 ], [ -84.410943206252824, 33.684543419590668 ], [ -84.411051206207858, 33.684536419332161 ], [ -84.411157206513067, 33.68452341970481 ], [ -84.41137220659823, 33.684511419472095 ], [ -84.411696206463319, 33.684517419588659 ], [ -84.411911206548481, 33.684510419328042 ], [ -84.41212620663363, 33.684493419119832 ], [ -84.412339206170657, 33.684466419705586 ], [ -84.412445206475866, 33.684449420236184 ], [ -84.412602206834705, 33.684435419703298 ], [ -84.412768206516049, 33.684482419774767 ], [ -84.412854206729776, 33.684746419364771 ], [ -84.413064206792058, 33.684715419463451 ], [ -84.413315206862222, 33.684686419087441 ], [ -84.413400207251044, 33.684726419526143 ], [ -84.413470206672926, 33.684759419705891 ], [ -84.413606206217054, 33.684744419082122 ], [ -84.413623206833805, 33.684544419734337 ], [ -84.413709207047532, 33.684458419296163 ], [ -84.413982206859004, 33.684394418983771 ], [ -84.41406320704985, 33.684134419654015 ], [ -84.414425206549794, 33.683923418722955 ], [ -84.414959207375475, 33.683873419386458 ], [ -84.415113207361287, 33.683870418932003 ], [ -84.415806207297308, 33.683856419799788 ], [ -84.415911207777597, 33.683898419432069 ], [ -84.416121206941582, 33.683908419448315 ], [ -84.416219207749194, 33.68391241930496 ], [ -84.416291207719212, 33.68394441889906 ], [ -84.416335207201811, 33.683998419541865 ], [ -84.416336207026731, 33.684088419541247 ], [ -84.416343207597748, 33.684214419531578 ], [ -84.416890207943922, 33.684216419079057 ], [ -84.416887207570866, 33.685396419809365 ], [ -84.416886207745961, 33.686544419929085 ], [ -84.416854207958906, 33.689280420990364 ], [ -84.416937207799577, 33.689279420901805 ], [ -84.416856208507056, 33.691899420921963 ], [ -84.416847208286214, 33.692187421470791 ], [ -84.415550208102601, 33.692179421032577 ], [ -84.415549208277682, 33.692227421408397 ], [ -84.415542207706665, 33.692661420692986 ], [ -84.415524208163319, 33.693661421485167 ], [ -84.415511208642855, 33.69440642158537 ], [ -84.415500207873876, 33.694475421310024 ], [ -84.415483208155436, 33.694552421197244 ], [ -84.4154312082769, 33.694691421129569 ], [ -84.41541820785811, 33.694712421664377 ], [ -84.415415207485069, 33.694857422227457 ], [ -84.415413208733568, 33.695306421960375 ], [ -84.415316208649173, 33.697176422626335 ], [ -84.415423207880991, 33.697195422560931 ], [ -84.415538207508703, 33.697216422483748 ], [ -84.415934208242149, 33.697246421617194 ], [ -84.416049207869889, 33.697247421613042 ], [ -84.417093208333512, 33.697246421617194 ], [ -84.417237208273562, 33.697234422413509 ], [ -84.417714209197854, 33.697241422385176 ], [ -84.418332208790829, 33.697250422347906 ], [ -84.418843209151987, 33.697275422239436 ], [ -84.419694209271782, 33.697288422180151 ], [ -84.419946209166838, 33.697306422094833 ], [ -84.420160209427081, 33.697295422147427 ], [ -84.423198210208369, 33.69733742193911 ], [ -84.4243332109086, 33.6973384219339 ], [ -84.42529421063324, 33.697357422579991 ], [ -84.425408211334357, 33.697348421881131 ], [ -84.425703210887164, 33.697343421907661 ], [ -84.425903211802009, 33.697351421865079 ], [ -84.426038211521217, 33.697356421838094 ], [ -84.426119211712077, 33.697365421788781 ], [ -84.427205211110206, 33.697375421732872 ], [ -84.427370210966629, 33.697377422468954 ], [ -84.427544211043895, 33.697379421710195 ], [ -84.42800421135145, 33.697384421681569 ], [ -84.428781211851401, 33.697404421564194 ], [ -84.428884211783554, 33.697406421552195 ], [ -84.42890321205013, 33.697407421546181 ], [ -84.428920211768556, 33.697407421546181 ], [ -84.428987211715722, 33.697409421534111 ], [ -84.429046211266936, 33.697410421528062 ], [ -84.429087211274819, 33.69741142226939 ], [ -84.429365212007482, 33.697418421479249 ], [ -84.429617211902567, 33.69742442144215 ], [ -84.429589212313488, 33.697547422084035 ] ] ] ] } }
]
}
