"Model","Params","AIC","AdjR2"
"M1 hour numeric",8,16310.3130014644,0.230579113354056
"M2 hour factor",30,14825.6006647891,0.871934648672886
"M3 hour_f x weekend",48,13749.5704326121,0.965145995678456
"Stepwise on M2",30,14825.6006647891,0.871934648672886
"M4 log(y) with interaction",48,-1333.50492752108,0.97427652827933
"M5 add 1-hour lag",49,13178.8352129588,0.982021622862541
